sym,tf,dir,entry,sl,tp,rA,rB,has_idm,swept_entered,bh_a,bh_b,res_a,res_b
BTCUSDT,1h,BUY,67032.72,66014.98550811064,68728.94415314894,1.6666666666666667,1.6666666666666667,True,True,82,81,True,True
BTCUSDT,1h,BUY,67053.03,66113.47081169688,68618.96198050518,1.394277476924905,1.6666666666666667,True,True,120,121,False,True
BTCUSDT,1h,SELL,68938.91,69901.17071102114,67335.14214829811,0.10958445301248632,-0.0,True,True,120,120,False,False
BTCUSDT,1h,SELL,69640.2,70346.06406917286,68463.7598847119,-0.12566689198176717,-0.0,True,True,120,120,False,False
BTCUSDT,1h,SELL,70446.52,71207.66469905815,69177.94550156976,-0.08644899379172294,-0.0,True,True,120,120,False,False
BTCUSDT,1h,SELL,67948.99,68558.00477332663,66933.96537778898,-0.07359570928999516,-0.0,True,True,120,120,False,False
BTCUSDT,1h,BUY,65757.32,65037.897285503896,66956.35785749352,-1.0,-1.0,True,True,97,94,True,True
BTCUSDT,1h,BUY,64473.14,63595.04999640405,65936.62333932659,-1.0,-1.0,True,True,83,57,True,True
BTCUSDT,1h,BUY,63392.15,62493.41400974502,64890.04331709164,1.2167726815588755,1.183560332113676,True,True,120,120,False,False
BTCUSDT,1h,BUY,63284.5,62432.00126350463,64705.33122749228,1.666666666666661,1.6666666666666694,True,True,95,96,True,True
BTCUSDT,1h,BUY,63453.99,62589.86564262171,64894.19726229714,1.6666666666666639,1.6014102888433932,True,True,90,120,True,False
BTCUSDT,1h,SELL,65884.83,66827.75179024914,64313.29368291812,-0.09557690155352183,-0.0,True,True,120,120,False,False
BTCUSDT,1h,SELL,68432.13,69559.06826763685,66553.89955393861,0.11877266497998584,-0.0,True,True,120,120,False,False
BTCUSDT,1h,BUY,63826.0,62868.15758849953,65422.40401916744,1.666666666666664,1.666666666666664,True,True,41,40,True,True
BTCUSDT,1h,BUY,63658.54,62718.46465538991,65225.332241016826,1.6666666666666692,1.5899971332216918,True,True,108,120,True,False
BTCUSDT,1h,SELL,69198.0,70543.84441023249,66954.92598294586,0.05729766553879499,-0.0,True,True,120,120,False,False
BTCUSDT,1h,SELL,72705.86,73970.33405030037,70598.40324949939,-0.05633113032370764,-0.0,True,True,120,120,False,False
BTCUSDT,1h,BUY,68290.45,67461.70588115216,69671.69019807974,-1.0,-0.8694534162928326,True,True,76,120,True,False
BTCUSDT,1h,BUY,67842.67,67142.01537060352,69010.42771566079,-1.0,-0.8582019454747416,True,True,78,120,True,False
BTCUSDT,1h,BUY,68000.0,67327.54975832651,69120.75040278916,-0.38339327509815385,-0.5176240287088422,True,True,120,120,False,False
BTCUSDT,1h,BUY,67402.98,66831.89224084491,68354.79293192513,-1.0,-0.8563996575258883,True,True,59,120,True,False
BTCUSDT,1h,BUY,67000.26,66467.50680632645,67888.18198945592,1.666666666666685,1.6053982565602443,True,True,106,120,True,False
BTCUSDT,1h,BUY,67149.93,66567.79663402637,68120.1522766227,1.6666666666666583,1.6666666666666583,True,True,112,110,True,True
BTCUSDT,1h,SELL,72228.82,73064.07157342994,70836.73404428344,-0.024646411811208656,-0.0,True,True,120,120,False,False
BTCUSDT,1h,SELL,72382.72,73370.92157318717,70735.71737802139,0.07893964912764334,-0.0,True,True,120,120,False,False
BTCUSDT,1h,SELL,72531.26,73219.91804203522,71383.49659660795,-0.09138005833949019,-0.0,True,True,120,120,False,False
BTCUSDT,1h,SELL,73714.36,74598.57405578817,72240.66990701972,-0.013504709825165849,-0.0,True,True,120,120,False,False
BTCUSDT,1h,SELL,75198.02,76172.50797899811,73573.87336833648,-0.06676318427777221,-0.0,True,True,120,120,False,False
BTCUSDT,1h,BUY,71595.21,70723.2511958469,73048.47467358853,-1.0,-0.8803219119873327,True,True,115,120,True,False
BTCUSDT,1h,BUY,71263.67,70360.72459299726,72768.57901167123,-0.942748871304951,-1.0,True,True,120,63,False,True
BTCUSDT,1h,BUY,71246.54,70404.01625620681,72650.74623965529,-0.7606709238261999,-1.0,True,True,120,119,False,True
BTCUSDT,1h,BUY,71115.23,70329.73478213752,72424.38869643747,-1.0,-1.0,True,True,47,48,True,True
BTCUSDT,1h,BUY,70513.0,69709.48414427256,71852.19309287907,-1.0,-0.9229036738581605,True,True,48,120,True,False
BTCUSDT,1h,BUY,69905.65,69047.98237126636,71335.09604788938,-1.0,-0.9613080589381086,True,True,49,120,True,False
BTCUSDT,1h,BUY,69278.12,68655.35235469516,70316.06607550805,-1.0,-0.9583724032789118,True,True,73,120,True,False
BTCUSDT,1h,BUY,68654.83,68054.89719284073,69654.71801193213,-0.6163304566075338,-0.4636665649161443,True,True,120,120,False,False
BTCUSDT,1h,BUY,68339.37,67674.26205468058,69447.88324219901,-1.0,-1.0,True,True,115,111,True,True
BTCUSDT,1h,BUY,67905.0,67176.07992679783,69119.86678867028,1.6666666666666534,1.6666666666666734,True,True,101,101,True,True
BTCUSDT,1h,SELL,70131.48,71360.84673189609,68082.53544683984,0.055383834790011036,-0.0,True,True,120,120,False,False
BTCUSDT,1h,BUY,69436.42,68777.94335706625,70533.88107155623,-1.0,-0.9292483562098989,True,True,29,120,True,False
BTCUSDT,1h,BUY,69005.21,68217.38921052834,70318.24464911944,-1.0,-0.8715668447336369,True,True,53,120,True,False
BTCUSDT,1h,BUY,66407.28,65687.25655956744,67607.3190673876,-1.0,-0.950215211401709,True,True,49,120,True,False
BTCUSDT,1h,SELL,68976.67,69516.11652178103,68077.59246369828,0.11113872950063686,-0.0,True,True,120,120,False,False
BTCUSDT,1h,SELL,69366.75,69930.29456903737,68427.50905160439,-0.09358874333381938,-0.0,True,True,120,120,False,False
BTCUSDT,1h,SELL,69799.14,70410.23450935226,68780.64915107956,0.06916970571404356,-0.0,True,True,120,120,False,False
BTCUSDT,1h,SELL,71364.94,72294.46728145969,69815.72786423386,0.055226431315313226,-0.0,True,True,120,120,False,False
BTCUSDT,1h,SELL,71627.59,72415.03841808846,70315.17596985254,0.00821238659159062,-0.0,True,True,120,120,False,False
BTCUSDT,1h,SELL,71678.87,72417.32963090281,70448.1039484953,0.030431078492596922,-0.0,True,True,120,120,False,False
BTCUSDT,1h,SELL,73290.43,73782.25384329315,72470.72359451141,0.016355837196421814,-0.0,True,True,120,120,False,False
BTCUSDT,1h,BUY,70936.27,70445.64255143797,71753.98241427005,1.0395956473270467,0.9938530101300407,True,True,120,120,False,False
BTCUSDT,1h,SELL,71866.59,72518.84742328487,70779.49429452521,-0.12559070535911301,-0.0,True,True,120,120,False,False
BTCUSDT,1h,SELL,73149.36,73902.10700055913,71894.78166573479,-0.1081268905048457,-0.0,True,True,120,120,False,False
BTCUSDT,1h,SELL,74210.11,74910.56934451353,73042.67775914414,-0.041122302923869106,-0.0,True,True,120,120,False,False
BTCUSDT,1h,SELL,74500.0,75182.65168142572,73362.24719762379,0.0735695866349528,-0.0,True,True,120,120,False,False
BTCUSDT,1h,SELL,75013.62,75760.75265488635,73768.39890852274,-0.039522682385621816,-0.0,True,True,120,120,False,False
BTCUSDT,1h,SELL,77520.59,78452.76466042934,75966.96556595109,-0.031414318866572914,-0.0,True,True,120,120,False,False
BTCUSDT,1h,BUY,75222.45,74734.29596779833,76036.04005366945,1.6666666666666865,1.6666666666666567,True,True,111,111,True,True
BTCUSDT,1h,BUY,74280.01,73620.76665533788,75378.74890777019,1.666666666666674,1.5404754169482977,True,True,117,120,True,False
BTCUSDT,1h,SELL,78743.59,79519.45963916976,77450.47393471705,0.021742844873796036,-0.0,True,True,120,120,False,False
BTCUSDT,1h,SELL,78846.62,79570.19584812535,77640.66025312441,0.03917281460396406,-0.0,True,True,120,120,False,False
BTCUSDT,1h,SELL,78924.22,79539.32477965727,77899.0453672379,0.11064922940580599,-0.0,True,True,120,120,False,False
BTCUSDT,1h,BUY,76743.24,76081.19850762544,77846.64248729096,-1.0,-1.0,True,True,82,80,True,True
BTCUSDT,1h,BUY,76066.38,75501.97643881569,77007.05260197388,1.007145389394894,1.0729320669108429,True,True,120,120,False,False
BTCUSDT,1h,SELL,78214.36,78901.69207221243,77068.8065463126,0.11150093489951375,-0.0,True,True,120,120,False,False
BTCUSDT,1h,SELL,78568.57,79036.8836115679,77788.04731405352,-0.0986177199428178,-0.0,True,True,120,120,False,False
BTCUSDT,1h,SELL,80027.26,80674.65329344377,78948.2711775937,-0.09039475608080601,-0.0,True,True,120,120,False,False
BTCUSDT,1h,SELL,81285.75,81953.01326310802,80173.64456148664,-0.04508928361866621,-0.0,True,True,120,120,False,False
BTCUSDT,1h,SELL,82220.47,82870.17050415541,81137.63582640764,-0.11665910070168684,-0.0,True,True,120,120,False,False
BTCUSDT,1h,SELL,81271.96,81611.52280902199,80706.02198496336,-0.019565321244434136,-0.0,True,True,120,120,False,False
BTCUSDT,1h,SELL,81471.13,82139.62768886192,80356.96718523014,0.13768097964577106,-0.0,True,True,120,120,False,False
BTCUSDT,1h,BUY,80527.69,79918.61763776866,81542.81060371888,-1.0,-1.0,True,True,79,75,True,True
BTCUSDT,1h,BUY,79756.01,79185.56867901333,80706.74553497777,-1.0,-1.0,True,True,41,40,True,True
BTCUSDT,1h,BUY,79514.97,78865.93135488058,80596.70107519905,1.4330474829426119,1.4944507487291356,True,True,120,120,False,False
BTCUSDT,1h,SELL,81668.48,82432.96380406045,80394.3403265659,0.015713164580027188,-0.0,True,True,120,120,False,False
BTCUSDT,1h,BUY,79150.37,78374.39042628957,80443.66928951738,-1.0,-1.0,True,True,62,62,True,True
BTCUSDT,1h,BUY,78130.55,77629.02981880106,78966.4169686649,-1.0,-0.8489444117932735,True,True,43,120,True,False
BTCUSDT,1h,BUY,77895.51,77504.38091461736,78547.39180897106,1.2890896538182661,1.4123513028430894,True,True,120,120,False,False
BTCUSDT,1h,BUY,77038.49,76502.70558894335,77931.46401842775,-1.0,-1.0,True,True,75,75,True,True
BTCUSDT,1h,BUY,77073.69,76554.25188006871,77939.42019988548,-1.0,-0.7912609536210177,True,True,116,120,True,False
BTCUSDT,1h,BUY,77285.83,76756.18820847153,78168.56631921411,-1.0,-1.0,True,True,62,60,True,True
BTCUSDT,1h,BUY,75635.22,75138.23130865234,76463.53448557944,-1.0,-0.9151196194571098,True,True,41,120,True,False
BTCUSDT,1h,BUY,75213.9,74738.76125994563,76005.79790009059,1.2116479039994574,1.252391099805055,True,True,120,120,False,False
BTCUSDT,1h,SELL,76804.99,77446.32874025349,75736.09209957754,-0.10456389422536022,-0.0,True,True,120,120,False,False
BTCUSDT,1h,BUY,75326.01,74732.35832600843,76315.42945665261,-1.0,-1.0,True,True,89,89,True,True
BTCUSDT,1h,BUY,74449.3,73807.12220183987,75519.5963302669,-0.2777542522750051,-0.06849287901904169,True,True,120,120,False,False
BTCUSDT,1h,BUY,73498.0,72820.58070274822,74627.03216208631,-0.5985415175609254,-0.7449738300999815,True,True,120,120,False,False
BTCUSDT,1h,BUY,73541.24,72894.63680492066,74618.91199179892,-1.0,-0.9375707445608028,True,True,69,120,True,False
BTCUSDT,1h,BUY,73033.06,72330.26645550292,74204.38257416179,0.7690524596205299,0.8293593692002832,True,True,120,120,False,False
BTCUSDT,1h,BUY,73440.67,72712.01196928568,74655.10005119051,-1.0,-1.0,True,True,70,70,True,True
BTCUSDT,1h,BUY,71646.01,70955.46817625866,72796.91303956888,-1.0,-1.0,True,True,86,83,True,True
BTCUSDT,1h,BUY,71595.24,70939.45159075366,72688.22068207727,-1.0,-0.8614888110403577,True,True,56,120,True,False
BTCUSDT,1h,BUY,71408.0,70741.08637568723,72519.52270718795,-1.0,-1.0,True,True,109,93,True,True
BTCUSDT,1h,BUY,70846.49,70132.90077509379,72035.8053748437,-1.0,-1.0,True,True,99,94,True,True
BTCUSDT,1h,BUY,66465.98,65453.75844930567,68153.01591782387,-0.7271944983634412,-0.6671780168067675,True,True,120,120,False,False
BTCUSDT,1h,BUY,65768.88,64812.23375030106,67363.2904161649,-0.7823312759169562,-0.5560255147240564,True,True,120,120,False,False
BTCUSDT,1h,BUY,63231.99,61899.62651010466,65452.59581649223,-1.0,-0.9377585185246758,True,True,55,120,True,False
BTCUSDT,1h,SELL,62530.0,63337.62414571847,61183.95975713588,0.07692826715254877,-0.0,True,True,120,120,False,False
BTCUSDT,1h,BUY,61390.51,60584.02547542627,62734.65087428955,1.6666666666666667,1.5133562581209075,True,True,95,120,True,False
ETHUSDT,1h,BUY,1953.66,1920.794003526008,2008.4366607899867,1.6666666666666643,1.5416155773371725,True,True,72,120,True,False
ETHUSDT,1h,BUY,1929.88,1886.0708912800687,2002.8951811998847,1.2059526692292148,1.2000341823367107,True,True,120,120,False,False
ETHUSDT,1h,SELL,2048.72,2079.436880866673,1997.525198555544,0.019677648082344023,-0.0,True,True,120,120,False,False
ETHUSDT,1h,SELL,2050.22,2077.484097035015,2004.7798382749747,0.039589237444594964,-0.0,True,True,120,120,False,False
ETHUSDT,1h,SELL,2070.97,2097.0451554148626,2027.511407641895,-0.03051030087819122,-0.0,True,True,120,120,False,False
ETHUSDT,1h,BUY,2010.32,1977.0161567270711,2065.8264054548813,-0.84655821167208,-0.8691753262585488,True,True,120,120,False,False
ETHUSDT,1h,BUY,1970.27,1935.1381108689136,2028.8231485518104,1.6666666666666603,1.5292653884494125,True,True,110,120,True,False
ETHUSDT,1h,BUY,1936.87,1909.1509835621437,1983.0683607297608,-1.0,-1.0,True,True,83,82,True,True
ETHUSDT,1h,BUY,1942.95,1927.462352259782,1968.7627462336968,-1.0,-1.0,True,True,105,105,True,True
ETHUSDT,1h,BUY,1879.52,1855.3208536637756,1919.8519105603743,1.6666666666666792,1.6218227548986761,True,True,53,120,True,False
ETHUSDT,1h,BUY,1825.7,1795.4826614332885,1876.06223094452,1.6666666666666918,1.5134649536135336,True,True,62,120,True,False
ETHUSDT,1h,BUY,1834.73,1804.2112743087637,1885.594542818728,1.666666666666694,1.6010229957811106,True,True,97,120,True,False
ETHUSDT,1h,SELL,1906.14,1938.2328534213816,1852.651910964364,-0.046250778622662206,-0.0,True,True,120,120,False,False
ETHUSDT,1h,SELL,2057.48,2104.89961828751,1978.4473028541504,0.12301520885493537,-0.0,True,True,120,120,False,False
ETHUSDT,1h,SELL,2058.34,2103.933573931577,1982.3507101140376,-0.09128668139521644,-0.0,True,True,120,120,False,False
ETHUSDT,1h,SELL,2066.13,2107.917865474276,1996.4835575428733,0.09779167671812193,-0.0,True,True,120,120,False,False
ETHUSDT,1h,BUY,1948.59,1912.866644157072,2008.12892640488,-0.7000098658586361,-0.8985827583880378,True,True,120,120,False,False
ETHUSDT,1h,BUY,1929.84,1896.916333521336,1984.71277746444,-1.0,-1.0,True,True,66,66,True,True
ETHUSDT,1h,BUY,1865.09,1828.7518451859555,1925.653591356741,1.666666666666675,1.6666666666666687,True,True,107,107,True,True
ETHUSDT,1h,SELL,2015.7,2060.8535563387727,1940.444072768712,0.000713245429237844,-0.0,True,True,120,120,False,False
ETHUSDT,1h,SELL,2041.01,2092.403204359914,1955.3546594001432,0.1043473445606049,-0.0,True,True,120,120,False,False
ETHUSDT,1h,SELL,2054.97,2098.6942357406288,1982.0962737656184,0.025395417108967235,-0.0,True,True,120,120,False,False
ETHUSDT,1h,SELL,2132.11,2179.2246782175084,2053.585536304153,0.00569933985850062,-0.0,True,True,120,120,False,False
ETHUSDT,1h,BUY,1983.75,1947.810878646202,2043.6485355896632,-0.7859846979678815,-0.7151744035665532,True,True,120,120,False,False
ETHUSDT,1h,BUY,1983.77,1949.441803526572,2040.9836607890463,-1.0,-0.842736516283613,True,True,84,120,True,False
ETHUSDT,1h,BUY,1947.67,1926.6889645029396,1982.6383924951008,-1.0,-0.8827401249594817,True,True,62,120,True,False
ETHUSDT,1h,SELL,2105.81,2143.1603542341104,2043.5594096098157,0.0012547459361761043,-0.0,True,True,120,120,False,False
ETHUSDT,1h,SELL,2151.14,2192.381101153987,2082.4048314100214,0.05898879777273075,-0.0,True,True,120,120,False,False
ETHUSDT,1h,SELL,2243.54,2281.774153065001,2179.816411558332,-0.018434413291577956,-0.0,True,True,120,120,False,False
ETHUSDT,1h,SELL,2273.88,2315.5090054881853,2204.4983241863583,-0.011491219805775381,-0.0,True,True,120,120,False,False
ETHUSDT,1h,SELL,2320.0,2364.775349562907,2245.374417395155,0.07655249569879086,-0.0,True,True,120,120,False,False
ETHUSDT,1h,BUY,2204.02,2165.7984864513787,2267.722522581036,-0.6963199000779811,-0.7676755132040327,True,True,120,120,False,False
ETHUSDT,1h,BUY,2202.49,2162.2500534032124,2269.556577661312,-0.6106716270002422,-0.7662465623942171,True,True,120,120,False,False
ETHUSDT,1h,BUY,2126.96,2087.9567834342265,2191.965360942956,-0.32963290182357086,-0.30287993162595445,True,True,120,120,False,False
ETHUSDT,1h,BUY,2102.29,2077.000454692144,2144.43924217976,-1.0,-0.9308155829017776,True,True,66,120,True,False
ETHUSDT,1h,BUY,2082.44,2057.5055651985567,2123.9973913357385,-0.3687894064184934,-0.4486091898987173,True,True,120,120,False,False
ETHUSDT,1h,BUY,2062.67,2035.475099008775,2107.994834985375,-1.0,-1.0,True,True,67,41,True,True
ETHUSDT,1h,SELL,2128.45,2178.169323452216,2045.584460912973,0.12557941661247632,-0.0,True,True,120,120,False,False
ETHUSDT,1h,BUY,2064.89,2035.666227579196,2113.596287368006,-1.0,-0.9610580290071395,True,True,108,120,True,False
ETHUSDT,1h,BUY,1991.71,1962.922373497846,2039.6893775035896,1.3910271218190582,1.395297475037744,True,True,120,120,False,False
ETHUSDT,1h,SELL,2055.16,2081.4950807059,2011.2681988234997,-0.028341374539300773,-0.0,True,True,120,120,False,False
ETHUSDT,1h,SELL,2060.92,2087.4276392659626,2016.740601223396,0.0988169934130548,-0.0,True,True,120,120,False,False
ETHUSDT,1h,BUY,2038.81,2010.3115256915776,2086.307457180704,0.9136112389154134,0.936122388850432,True,True,120,120,False,False
ETHUSDT,1h,BUY,2036.63,2023.129236181505,2059.131273030825,1.36192984179784,1.215111677877031,True,True,120,120,False,False
ETHUSDT,1h,SELL,2140.62,2165.878083915099,2098.5231934748344,0.09884448488057122,-0.0,True,True,120,120,False,False
ETHUSDT,1h,SELL,2236.06,2267.221547707757,2184.1240871537384,0.12168332073658403,-0.0,True,True,120,120,False,False
ETHUSDT,1h,SELL,2298.32,2324.431848927883,2254.8002517868617,0.02736297192478986,-0.0,True,True,120,120,False,False
ETHUSDT,1h,BUY,2186.47,2162.146718298958,2227.0088028350688,1.6666666666666479,1.6666666666666667,True,True,101,101,True,True
ETHUSDT,1h,SELL,2353.05,2387.1485342927426,2296.219109512096,0.043292865024266915,-0.0,True,True,120,120,False,False
ETHUSDT,1h,SELL,2419.99,2456.490172743944,2359.1563787600926,0.008645516894459384,-0.0,True,True,120,120,False,False
ETHUSDT,1h,BUY,2318.01,2296.113038213675,2354.5049363105422,-1.0,-1.0,True,True,62,50,True,True
ETHUSDT,1h,BUY,2299.65,2275.3350229130388,2340.174961811602,-1.0,-1.0,True,True,50,49,True,True
ETHUSDT,1h,BUY,2280.01,2253.722643722577,2323.822260462373,0.8351148067888293,0.9327049187395947,True,True,120,120,False,False
ETHUSDT,1h,SELL,2388.22,2419.254519431876,2336.4958009468733,-0.031087975279897807,-0.0,True,True,120,120,False,False
ETHUSDT,1h,SELL,2403.17,2432.2754540279047,2354.660909953492,-0.016191443579068675,-0.0,True,True,120,120,False,False
ETHUSDT,1h,SELL,2342.92,2354.777952177336,2323.1567463711067,0.03924422557304842,-0.0,True,True,120,120,False,False
ETHUSDT,1h,SELL,2361.89,2379.301410600352,2332.870982332746,-0.11322446381647581,-0.0,True,True,120,120,False,False
ETHUSDT,1h,SELL,2382.84,2404.061356233436,2347.4710729442745,0.10392877059889363,-0.0,True,True,120,120,False,False
ETHUSDT,1h,BUY,2287.08,2262.047879958468,2328.80020006922,-1.0,-0.808795584205984,True,True,83,120,True,False
ETHUSDT,1h,SELL,2333.68,2356.086592910809,2296.3356784819844,0.07587912267592825,-0.0,True,True,120,120,False,False
ETHUSDT,1h,BUY,2240.42,2209.8047364785984,2291.445439202336,1.1670874485846645,1.3611195738479933,True,True,120,120,False,False
ETHUSDT,1h,SELL,2308.04,2329.726137439419,2271.896437600969,0.0010821803183510411,-0.0,True,True,120,120,False,False
ETHUSDT,1h,SELL,2316.97,2330.841567086954,2293.8507215217437,-0.0381326921473189,-0.0,True,True,120,120,False,False
ETHUSDT,1h,SELL,2376.19,2401.622480424126,2333.8025326264565,-0.09586156200015243,-0.0,True,True,120,120,False,False
ETHUSDT,1h,BUY,2299.6,2275.8937699141266,2339.110383476456,-1.0,-0.9469316851935018,True,True,88,120,True,False
ETHUSDT,1h,BUY,2291.06,2270.0526287623084,2326.0722853961524,-1.0,-1.0,True,True,112,112,True,True
ETHUSDT,1h,BUY,2281.63,2261.418345873453,2315.3160902109125,1.4538076872721957,1.3904820450588857,True,True,120,120,False,False
ETHUSDT,1h,BUY,2281.35,2261.7756307886207,2313.973948685632,1.6666666666666667,1.6666666666666667,True,True,89,88,True,True
ETHUSDT,1h,SELL,2328.76,2348.6983316953365,2295.52944717444,-0.07321496034956088,-0.0,True,True,120,120,False,False
ETHUSDT,1h,BUY,2292.84,2273.028481464953,2325.859197558412,-1.0,-0.9061454272424562,True,True,116,120,True,False
ETHUSDT,1h,BUY,2276.59,2255.107022296384,2312.3949628393607,0.9790115698752608,0.8920323449881618,True,True,120,120,False,False
ETHUSDT,1h,BUY,2250.75,2225.68288884673,2292.528518588784,1.666666666666691,1.496255715124934,True,True,50,120,True,False
ETHUSDT,1h,BUY,2178.91,2161.5808634025966,2207.791894329005,-1.0,-0.9316576613635025,True,True,72,120,True,False
ETHUSDT,1h,BUY,2174.5,2160.461979782503,2197.896700362495,1.6666666666666559,1.5826900178905605,True,True,85,120,True,False
ETHUSDT,1h,BUY,2133.9,2114.035016667198,2167.00830555467,-1.0,-1.0,True,True,96,96,True,True
ETHUSDT,1h,BUY,2078.18,2056.637277795748,2114.0845370070865,-0.47039507338791753,-0.44409924323361516,True,True,120,120,False,False
ETHUSDT,1h,BUY,2068.93,2047.470282073208,2104.696196544653,-1.0,-0.9452985658035943,True,True,66,120,True,False
ETHUSDT,1h,BUY,2044.89,2026.672069465489,2075.253217557519,1.6666666666666707,1.6021915853237794,True,True,108,120,True,False
ETHUSDT,1h,SELL,2116.84,2145.040455186689,2069.839241355518,0.1430859563528793,-0.0,True,True,120,120,False,False
ETHUSDT,1h,BUY,2028.23,2004.7170577329557,2067.4182371117413,-1.0,-1.0,True,True,64,62,True,True
ETHUSDT,1h,BUY,1995.56,1970.8377092614844,2036.7638178975255,-1.0,-0.9002048360432808,True,True,107,120,True,False
ETHUSDT,1h,BUY,1994.04,1970.4639176795447,2033.3334705340912,-1.0,-0.8404120058670855,True,True,112,120,True,False
ETHUSDT,1h,BUY,1993.62,1969.1213565069452,2034.451072488424,0.8021395578567567,0.8620288194386262,True,True,120,120,False,False
ETHUSDT,1h,BUY,1873.45,1837.811487225428,1932.8475212909532,-0.11643489529370206,-0.0070356839273237465,True,True,120,120,False,False
ETHUSDT,1h,BUY,1832.25,1802.1599590514256,1882.400068247624,-0.1500386897152572,-0.12067864513795991,True,True,120,120,False,False
ETHUSDT,1h,BUY,1850.1,1810.3522576661744,1916.3462372230424,-1.0,-1.0,True,True,58,47,True,True
ETHUSDT,1h,BUY,1679.21,1633.4678759093752,1755.446873484375,-1.0,-1.0,True,True,87,87,True,True
ETHUSDT,1h,BUY,1682.72,1638.351969534104,1756.66671744316,-1.0,-0.8227369008539145,True,True,33,120,True,False
ETHUSDT,1h,BUY,1608.49,1558.8197301219036,1691.2737831301606,-0.6530406699937045,-0.535402636398216,True,True,120,120,False,False
ETHUSDT,1h,BUY,1574.06,1522.3238199992063,1660.2869666679894,-0.0888867483354425,-0.04277829270939593,True,True,120,120,False,False
ETHUSDT,1h,BUY,1566.71,1514.8237822385804,1653.187029602366,1.4403036031728116,1.2419911871919895,True,True,120,120,False,False
ETHUSDT,1h,SELL,1633.52,1663.3340446387062,1583.8299256021562,0.07616072293836096,-0.0,True,True,120,120,False,False
ETHUSDT,1h,SELL,1683.9,1717.7236923075816,1627.5271794873645,0.07336211530514457,-0.0,True,True,120,120,False,False
SOLUSDT,1h,BUY,81.0,79.37094404690413,83.71509325515979,-0.3737180328768285,-0.29819749614940017,True,True,120,120,False,False
SOLUSDT,1h,BUY,81.26,79.7862733736888,83.71621104385201,-1.0,-1.0,True,True,102,101,True,True
SOLUSDT,1h,BUY,79.81,77.82424209174907,83.11959651375156,-1.0,-1.0,True,True,25,24,True,True
SOLUSDT,1h,BUY,77.34,75.63361254011905,80.18397909980159,1.2139381505890894,1.0535239979859379,True,True,120,120,False,False
SOLUSDT,1h,SELL,84.33,85.92818739288525,81.66635434519125,0.12037388713343192,-0.0,True,True,120,120,False,False
SOLUSDT,1h,SELL,84.89,86.33653888563006,82.47910185728323,0.04702951173270658,-0.0,True,True,120,120,False,False
SOLUSDT,1h,SELL,84.83,86.15716873301776,82.61805211163707,-0.04530302145113414,-0.0,True,True,120,120,False,False
SOLUSDT,1h,SELL,85.83,86.99815509947076,83.88307483421538,-0.12860743485890358,-0.0,True,True,120,120,False,False
SOLUSDT,1h,SELL,86.42,87.69103679495184,84.30160534174695,0.11340236304334131,-0.0,True,True,120,120,False,False
SOLUSDT,1h,SELL,88.06,89.35220907980155,85.90631820033076,0.09655410582543564,-0.0,True,True,120,120,False,False
SOLUSDT,1h,SELL,89.67,91.2984246326728,86.95595894554536,-0.09772945435540317,-0.0,True,True,120,120,False,False
SOLUSDT,1h,BUY,81.32,79.8247061616474,83.81215639725431,-0.930449549733474,-0.9188742152271414,True,True,120,120,False,False
SOLUSDT,1h,SELL,86.13,87.17557311701901,84.38737813830163,-0.07315956370815031,-0.0,True,True,120,120,False,False
SOLUSDT,1h,BUY,83.22,82.37182515051899,84.63362474913501,-1.0,-1.0,True,True,24,23,True,True
SOLUSDT,1h,BUY,79.09,77.71863432411978,81.37560945980037,-1.0,-1.0,True,True,44,44,True,True
SOLUSDT,1h,BUY,76.84,75.33545025637574,79.34758290604046,1.666666666666673,1.551422938198919,True,True,110,120,True,False
SOLUSDT,1h,SELL,81.3,82.88133839222706,78.66443601295488,0.041509683491491076,-0.0,True,True,120,120,False,False
SOLUSDT,1h,SELL,88.2,90.20982378864844,84.85029368558595,0.0936874517645476,-0.0,True,True,120,120,False,False
SOLUSDT,1h,SELL,87.76,89.70692341970138,84.51512763383103,0.0015686788759514503,-0.0,True,True,120,120,False,False
SOLUSDT,1h,BUY,82.7,81.00768513350766,85.52052477748722,-1.0,-0.9412580401405702,True,True,99,120,True,False
SOLUSDT,1h,BUY,81.43,79.87312796708241,84.02478672152934,-0.5907931230323292,-0.612707096668778,True,True,120,120,False,False
SOLUSDT,1h,BUY,78.42,76.66052306207632,81.35246156320615,1.6666666666666747,1.5997990636419133,True,True,114,120,True,False
SOLUSDT,1h,SELL,87.26,89.33777510572175,83.79704149046377,0.05462939871165252,-0.0,True,True,120,120,False,False
SOLUSDT,1h,SELL,87.61,89.92933708485089,83.7444381919152,0.11429082971315624,-0.0,True,True,120,120,False,False
SOLUSDT,1h,SELL,90.15,92.40060028795769,86.39899952007057,0.03350240241644825,-0.0,True,True,120,120,False,False
SOLUSDT,1h,SELL,91.55,93.99410652267504,87.4764891288749,0.11064838036306948,-0.0,True,True,120,120,False,False
SOLUSDT,1h,SELL,92.87,95.22939416894322,88.93767638509466,-0.013584946194627391,-0.0,True,True,120,120,False,False
SOLUSDT,1h,BUY,85.28,83.59306429629353,88.09155950617743,-1.0,-1.0,True,True,111,109,True,True
SOLUSDT,1h,BUY,83.61,82.64451559559201,85.21914067401332,-1.0,-0.8379024862011726,True,True,119,120,True,False
SOLUSDT,1h,BUY,83.02,82.01283919953194,84.69860133411343,-1.0,-1.0,True,True,80,76,True,True
SOLUSDT,1h,BUY,82.5,81.50925664203903,84.15123892993493,-1.0,-0.9317607802027069,True,True,96,120,True,False
SOLUSDT,1h,SELL,89.09,90.93739498759716,86.01100835400474,-0.09240966877951337,-0.0,True,True,120,120,False,False
SOLUSDT,1h,SELL,90.69,92.45856845067776,87.74238591553707,-0.03792688160918965,-0.0,True,True,120,120,False,False
SOLUSDT,1h,SELL,91.48,92.89267703499628,89.12553827500619,-0.1078884631298763,-0.0,True,True,120,120,False,False
SOLUSDT,1h,SELL,92.86,94.4585291287024,90.195784785496,-0.027638661388663468,-0.0,True,True,120,120,False,False
SOLUSDT,1h,SELL,95.49,97.24540793684818,92.56432010525302,0.12609733705146317,-0.0,True,True,120,120,False,False
SOLUSDT,1h,BUY,89.94,88.39379679491016,92.5170053418164,-1.0,-0.8067496767034134,True,True,78,120,True,False
SOLUSDT,1h,BUY,88.16,87.05950267583087,89.99416220694853,-1.0,-1.0,True,True,119,117,True,True
SOLUSDT,1h,BUY,86.75,85.65965656983248,88.56723905027921,-1.0,-1.0,True,True,62,62,True,True
SOLUSDT,1h,SELL,89.95,91.93452052228058,86.64246579619905,0.1231716461499727,-0.0,True,True,120,120,False,False
SOLUSDT,1h,BUY,86.84,85.54596434747138,88.9967260875477,-1.0,-1.0,True,True,61,61,True,True
SOLUSDT,1h,BUY,83.11,81.91907540311196,85.09487432814674,-0.47249889322189914,-0.3952612903442723,True,True,120,120,False,False
SOLUSDT,1h,BUY,79.26,77.68817979009552,81.87970034984082,-1.0,-1.0,True,True,69,69,True,True
SOLUSDT,1h,BUY,79.07,77.55338330998036,81.59769448336604,1.2064962878845724,1.0701599135078788,True,True,120,120,False,False
SOLUSDT,1h,BUY,79.21,78.52941274737209,80.34431208771315,1.0461636194096875,1.0224817485228561,True,True,120,120,False,False
SOLUSDT,1h,SELL,81.69,82.74772863668439,79.92711893885935,0.11069732721014378,-0.0,True,True,120,120,False,False
SOLUSDT,1h,SELL,84.49,85.86569427746808,82.19717620421986,0.08722487327424,-0.0,True,True,120,120,False,False
SOLUSDT,1h,BUY,82.67,81.44856411277571,84.70572647870715,-1.0,-1.0,True,True,98,99,True,True
SOLUSDT,1h,BUY,81.88,81.01781319264258,83.31697801226235,1.2292690562974964,1.2300664640180092,True,True,120,120,False,False
SOLUSDT,1h,SELL,85.91,87.26800697215961,83.64665504640064,-0.021709247355443887,-0.0,True,True,120,120,False,False
SOLUSDT,1h,SELL,86.02,87.19107518278453,84.06820802869245,-0.002451674110578983,-0.0,True,True,120,120,False,False
SOLUSDT,1h,SELL,88.93,90.5435900567918,86.24068323868032,-0.03392297127174917,-0.0,True,True,120,120,False,False
SOLUSDT,1h,BUY,86.13,85.19074296613243,87.69542838977928,-1.0,-1.0,True,True,119,117,True,True
SOLUSDT,1h,BUY,85.6,84.70212762864954,87.09645395225077,1.6666666666666772,1.6666666666666614,True,True,109,109,True,True
SOLUSDT,1h,BUY,84.0,82.89069116044354,85.84884806592744,1.1818924456527202,1.3238639125646756,True,True,120,120,False,False
SOLUSDT,1h,SELL,88.31,89.34955959002185,86.57740068329691,0.07225834089273786,-0.0,True,True,120,120,False,False
SOLUSDT,1h,SELL,88.75,89.78859599827916,87.01900666953473,0.035244033676655157,-0.0,True,True,120,120,False,False
SOLUSDT,1h,SELL,87.72,88.47301707086474,86.46497154855876,-0.048445310558923274,-0.0,True,True,120,120,False,False
SOLUSDT,1h,BUY,84.47,83.57568820803733,85.9605196532711,-1.0,-0.8073501216249065,True,True,120,120,True,False
SOLUSDT,1h,BUY,82.62,81.60818676010152,84.3063553998308,1.6666666666666572,1.61036659216779,True,True,117,120,True,False
SOLUSDT,1h,SELL,86.29,87.09732443198587,84.94445928002357,-0.04501614149447516,-0.0,True,True,120,120,False,False
SOLUSDT,1h,SELL,86.81,87.6563769473384,85.399371754436,0.007924010691344286,-0.0,True,True,120,120,False,False
SOLUSDT,1h,SELL,88.33,89.37694423102985,86.58509294828357,-0.02011072571373645,-0.0,True,True,120,120,False,False
SOLUSDT,1h,SELL,93.29,94.3933402688818,91.45109955186366,-0.05370953519447473,-0.0,True,True,120,120,False,False
SOLUSDT,1h,SELL,93.87,94.63397735986072,92.59670440023216,0.08392734586051201,-0.0,True,True,120,120,False,False
SOLUSDT,1h,SELL,94.52,95.8472022369412,92.30799627176468,-0.13099472920105593,-0.0,True,True,120,120,False,False
SOLUSDT,1h,BUY,91.18,90.03577453995153,93.08704243341413,-1.0,-0.9263717884823627,True,True,80,120,True,False
SOLUSDT,1h,BUY,90.48,89.41605734754557,92.25323775409072,1.6666666666666667,1.6666666666666667,True,True,84,77,True,True
SOLUSDT,1h,BUY,86.81,85.9390477898198,88.26158701696701,-0.29068620827901187,-0.2864767223064083,True,True,120,120,False,False
SOLUSDT,1h,BUY,86.53,85.761038548317,87.81160241947167,-1.0,-0.8599364344727309,True,True,35,120,True,False
SOLUSDT,1h,BUY,85.26,84.26301447815688,86.92164253640523,-1.0,-0.8805048021481383,True,True,81,120,True,False
SOLUSDT,1h,BUY,84.96,83.97547427247909,86.60087621253484,-0.548483224335632,-0.48570109987791354,True,True,120,120,False,False
SOLUSDT,1h,BUY,85.0,83.88019035940818,86.86634940098638,-1.0,-0.8680544692329588,True,True,46,120,True,False
SOLUSDT,1h,BUY,83.22,82.22250283299992,84.88249527833347,1.6666666666666714,1.6666666666666714,True,True,95,96,True,True
SOLUSDT,1h,SELL,86.28,87.5550457470376,84.15492375493734,0.033217300753110975,-0.0,True,True,120,120,False,False
SOLUSDT,1h,BUY,81.26,80.1766713350044,83.06554777499267,-1.0,-1.0,True,True,50,29,True,True
SOLUSDT,1h,BUY,81.87,81.24146037349907,82.91756604416824,1.6666666666666743,1.6666666666666743,True,True,118,118,True,True
SOLUSDT,1h,BUY,80.41,79.29993811137679,82.26010314770534,-1.0,-1.0,True,True,28,29,True,True
SOLUSDT,1h,BUY,74.85,73.18421211094928,77.62631314841786,-1.0,-0.8597063987961255,True,True,99,120,True,False
SOLUSDT,1h,BUY,74.06,72.31191696430712,76.9734717261548,-1.0,-0.9598131316714132,True,True,111,120,True,False
SOLUSDT,1h,BUY,72.82,71.09602639434229,75.69328934276284,-1.0,-0.8147845981805324,True,True,30,120,True,False
SOLUSDT,1h,BUY,70.07,67.91163997522337,73.66726670796105,-1.0,-0.9368657068322538,True,True,96,120,True,False
SOLUSDT,1h,BUY,68.7,66.67202983563763,72.07995027393729,-1.0,-0.8573003209924888,True,True,75,120,True,False
SOLUSDT,1h,BUY,66.18,64.02625116938444,69.76958138435928,-0.6780847466194517,-1.0,True,True,120,116,False,True
BNBUSDT,1h,BUY,597.91,588.7351474430862,613.2014209281895,1.6666666666666625,1.6666666666666625,True,True,113,112,True,True
BNBUSDT,1h,SELL,627.6,634.796655739596,615.6055737673402,-0.01088896623495609,-0.0,True,True,120,120,False,False
BNBUSDT,1h,BUY,611.79,603.4702699206193,625.6562167989676,1.5858816807064906,1.4893983437962985,True,True,120,120,False,False
BNBUSDT,1h,SELL,626.14,633.4034915617831,614.0341807303614,0.014301238027927331,-0.0,True,True,120,120,False,False
BNBUSDT,1h,SELL,627.0,633.9284187445987,615.4526354256687,-0.08341463355364104,-0.0,True,True,120,120,False,False
BNBUSDT,1h,SELL,632.75,637.4391689393145,624.9347184344758,0.10278495650281406,-0.0,True,True,120,120,False,False
BNBUSDT,1h,BUY,612.46,608.0196688959671,619.860551840055,-0.431120798782725,-0.3587366972422048,True,True,120,120,False,False
BNBUSDT,1h,BUY,593.76,585.5533266425876,607.4377889290205,1.3811709186178507,1.3188986588217293,True,True,120,120,False,False
BNBUSDT,1h,SELL,627.54,636.7269819128946,612.2283634785088,0.1048832926938699,-0.0,True,True,120,120,False,False
BNBUSDT,1h,BUY,597.5,589.2092662937076,611.3178895104874,-1.0,-1.0,True,True,116,112,True,True
BNBUSDT,1h,BUY,594.46,585.9533046819517,608.6378255300805,1.6666666666666623,1.5318439968241127,True,True,77,120,True,False
BNBUSDT,1h,SELL,628.53,637.4568669567694,613.6518884053842,0.005139647443865485,-0.0,True,True,120,120,False,False
BNBUSDT,1h,SELL,627.75,636.3602322229287,613.3996129617854,0.13557616656721358,-0.0,True,True,120,120,False,False
BNBUSDT,1h,SELL,644.44,654.8767137909499,627.0454770150837,-0.007860397825296458,-0.0,True,True,120,120,False,False
BNBUSDT,1h,SELL,651.89,660.6151920109805,637.3480133150323,-0.11398761004725814,-0.0,True,True,120,120,False,False
BNBUSDT,1h,SELL,660.6,669.346488411149,646.0225193147517,-0.0552366484402548,-0.0,True,True,120,120,False,False
BNBUSDT,1h,BUY,630.75,623.271071357068,643.2148810715534,-1.0,-1.0,True,True,85,71,True,True
BNBUSDT,1h,BUY,620.96,616.405314020017,628.5511432999716,-1.0,-1.0,True,True,82,81,True,True
BNBUSDT,1h,BUY,620.26,615.93749814212,627.4641697631332,-1.0,-1.0,True,True,24,24,True,True
BNBUSDT,1h,BUY,619.94,615.6545774796851,627.0823708671915,-0.6130924298505607,-0.6110420825192456,True,True,120,120,False,False
BNBUSDT,1h,BUY,618.06,613.5586091055103,625.5623181574827,-1.0,-1.0,True,True,79,78,True,True
BNBUSDT,1h,SELL,636.79,644.3944434971054,624.1159275048242,0.03690903102148458,-0.0,True,True,120,120,False,False
BNBUSDT,1h,SELL,666.64,672.939822236552,656.1402962724134,-0.005668862996316433,-0.0,True,True,120,120,False,False
BNBUSDT,1h,SELL,667.98,675.694870427735,655.1218826204417,-0.08048392833779834,-0.0,True,True,120,120,False,False
BNBUSDT,1h,SELL,673.77,680.2279080941278,663.0068198431204,-0.02164993066890839,-0.0,True,True,120,120,False,False
BNBUSDT,1h,SELL,679.41,687.5702862855579,665.8095228574033,0.05934309535303597,-0.0,True,True,120,120,False,False
BNBUSDT,1h,BUY,650.24,642.7845728725065,662.6657118791559,-1.0,-0.8314090735196872,True,True,109,120,True,False
BNBUSDT,1h,BUY,648.28,641.9913476808482,658.7610871985862,-0.3449478887592354,-0.35674804842130875,True,True,120,120,False,False
BNBUSDT,1h,BUY,641.21,634.8435162721968,651.8208062130055,-0.6577611665969785,-0.5052461026801587,True,True,120,120,False,False
BNBUSDT,1h,BUY,638.25,631.386321799516,649.6894636674732,-0.6525872624883967,-0.5933220688174973,True,True,120,120,False,False
BNBUSDT,1h,BUY,634.33,629.2890666622468,642.731555562922,-1.0,-1.0,True,True,106,107,True,True
BNBUSDT,1h,BUY,629.48,624.8777692076574,637.1503846539044,-1.0,-1.0,True,True,58,58,True,True
BNBUSDT,1h,BUY,629.92,624.7738737848098,638.496877025317,-0.684209296896556,-0.6532735301282371,True,True,120,120,False,False
BNBUSDT,1h,SELL,646.21,655.0232489182274,631.5212518029545,-0.04287069074109401,-0.0,True,True,120,120,False,False
BNBUSDT,1h,SELL,646.87,652.5031233255352,637.481461124108,-0.0788204522809751,-0.0,True,True,120,120,False,False
BNBUSDT,1h,BUY,631.54,626.4420090610764,640.0366515648726,-1.0,-0.8704692603286599,True,True,71,120,True,False
BNBUSDT,1h,BUY,629.9,624.5940984936627,638.7431691772288,-1.0,-0.9237822061244865,True,True,54,120,True,False
BNBUSDT,1h,BUY,610.17,604.123606466171,620.2473225563814,-1.0,-1.0,True,True,50,51,True,True
BNBUSDT,1h,BUY,606.09,601.3904983822648,613.9225026962254,1.6666666666666585,1.6666666666666585,True,True,98,98,True,True
BNBUSDT,1h,BUY,602.79,596.753388096048,612.85101983992,1.4708394223404584,1.4089255314794433,True,True,120,120,False,False
BNBUSDT,1h,BUY,591.82,585.2815895027322,602.7173508287797,-1.0,-1.0,True,True,94,94,True,True
BNBUSDT,1h,BUY,579.89,572.3626867286562,592.4355221189063,1.6666666666666616,1.6666666666666616,True,True,76,74,True,True
BNBUSDT,1h,SELL,593.36,596.2199442789602,588.5934262017331,-0.024017302386797994,-0.0,True,True,120,120,False,False
BNBUSDT,1h,SELL,600.73,605.6447646267951,592.5387256220083,0.0981950491575284,-0.0,True,True,120,120,False,False
BNBUSDT,1h,SELL,606.61,611.724655808463,598.0855736525617,-0.03592739412975978,-0.0,True,True,120,120,False,False
BNBUSDT,1h,SELL,617.5,624.5185840926046,605.8023598456591,0.07905341444001322,-0.0,True,True,120,120,False,False
BNBUSDT,1h,SELL,610.17,613.9986549719046,603.7889083801589,-0.11790673615995033,-0.0,True,True,120,120,False,False
BNBUSDT,1h,BUY,597.3,591.6681501966012,606.6864163389979,-1.0,-1.0,True,True,78,76,True,True
BNBUSDT,1h,BUY,591.65,587.3846404773313,598.758932537781,1.4226470420281245,1.3217074751694884,True,True,120,120,False,False
BNBUSDT,1h,SELL,604.78,609.5135515963962,596.8907473393397,0.12518463712092046,-0.0,True,True,120,120,False,False
BNBUSDT,1h,SELL,607.41,612.1298479800591,599.5435866999013,-0.0865310129862205,-0.0,True,True,120,120,False,False
BNBUSDT,1h,SELL,612.28,617.571859203417,603.4602346609715,-0.02771462706792081,-0.0,True,True,120,120,False,False
BNBUSDT,1h,SELL,614.69,619.4759416833818,606.7134305276971,0.10413661600559994,-0.0,True,True,120,120,False,False
BNBUSDT,1h,SELL,619.11,624.0124472840766,610.939254526539,-0.12205035436481729,-0.0,True,True,120,120,False,False
BNBUSDT,1h,SELL,634.6,640.870494334157,624.1491761097384,0.050287311501632445,-0.0,True,True,120,120,False,False
BNBUSDT,1h,SELL,641.84,647.9170388038225,631.7116019936293,0.03121705247571339,-0.0,True,True,120,120,False,False
BNBUSDT,1h,BUY,622.4,617.6411921053083,630.3313464911529,-0.5659707025265092,-0.6400136384204947,True,True,120,120,False,False
BNBUSDT,1h,SELL,634.14,638.7895761884056,626.3907063526573,0.04781193503526761,-0.0,True,True,120,120,False,False
BNBUSDT,1h,SELL,642.3,647.3473000220323,633.8878332966128,-0.038895375372057145,-0.0,True,True,120,120,False,False
BNBUSDT,1h,SELL,644.4,650.1231338633713,634.8614435610477,-0.060848282108476155,-0.0,True,True,120,120,False,False
BNBUSDT,1h,BUY,628.71,625.5971274819182,633.8981208634698,0.9996261782934256,0.8166420502000847,True,True,120,120,False,False
BNBUSDT,1h,BUY,623.06,618.6223977251066,630.4560037914889,-1.0,-1.0,True,True,76,75,True,True
BNBUSDT,1h,BUY,617.73,613.8929486255652,624.1250856240582,-0.3394453434399485,-1.0,True,True,120,90,False,True
BNBUSDT,1h,SELL,628.45,633.5956914502704,619.873847582883,-0.03175601263309767,-0.0,True,True,120,120,False,False
BNBUSDT,1h,SELL,647.41,654.6310508214971,635.3749152975049,0.11959666225941021,-0.0,True,True,120,120,False,False
BNBUSDT,1h,SELL,653.66,658.0926630151667,646.2722283080554,-0.09236325740478055,-0.0,True,True,120,120,False,False
BNBUSDT,1h,SELL,651.68,656.8434616854172,643.0742305243045,-0.07142553012368123,-0.0,True,True,120,120,False,False
BNBUSDT,1h,SELL,668.71,674.504881800222,659.0518636662966,0.12050177937898528,-0.0,True,True,120,120,False,False
BNBUSDT,1h,SELL,678.15,684.5297810956392,667.5170315072678,0.06141742247136935,-0.0,True,True,120,120,False,False
BNBUSDT,1h,SELL,680.38,686.6291601850107,669.9647330249821,-0.049710862209380986,-0.0,True,True,120,120,False,False
BNBUSDT,1h,BUY,655.2,648.9671226025335,665.5881289957775,-1.0,-1.0,True,True,107,107,True,True
BNBUSDT,1h,BUY,643.74,638.2364773827809,652.9125376953652,-0.5779968684058653,-1.0,True,True,120,86,False,True
BNBUSDT,1h,BUY,641.85,636.2929121027586,651.1118131620691,-1.0,-0.801581818394318,True,True,65,120,True,False
BNBUSDT,1h,BUY,641.75,636.318528804844,650.8024519919267,-1.0,-0.9468378431885766,True,True,110,120,True,False
BNBUSDT,1h,SELL,654.39,658.6772554620779,647.2445742298701,0.005748521545724935,-0.0,True,True,120,120,False,False
BNBUSDT,1h,BUY,640.32,634.2878934899744,650.3735108500427,1.6666666666666603,1.6666666666666603,True,True,106,106,True,True
BNBUSDT,1h,BUY,640.2,634.5630051010494,649.5949914982511,1.2390479203054616,1.295161222200829,True,True,120,120,False,False
BNBUSDT,1h,SELL,667.78,672.5806243497311,659.7789594171147,-0.09933219216043009,-0.0,True,True,120,120,False,False
BNBUSDT,1h,BUY,635.21,629.4921757230911,644.7397071281815,1.3621265850525992,1.3342111334436877,True,True,120,120,False,False
BNBUSDT,1h,SELL,719.71,733.5823683215427,696.5893861307623,0.08967004379952966,-0.0,True,True,120,120,False,False
BNBUSDT,1h,BUY,666.38,654.6617436298828,685.9104272835286,-1.0,-0.8866486900874367,True,True,120,120,True,False
BNBUSDT,1h,BUY,661.6,649.7392422575994,681.3679295706678,-1.0,-0.817963568680058,True,True,23,120,True,False
BNBUSDT,1h,BUY,654.63,642.38025934817,675.0462344197168,-1.0,-0.9391941308238655,True,True,24,120,True,False
BNBUSDT,1h,BUY,645.99,632.972520544193,667.6857990930117,-1.0,-0.8356796932525417,True,True,111,120,True,False
BNBUSDT,1h,BUY,628.13,616.9736391481591,646.7239347530681,-0.6965865743481618,-0.7033715162344558,True,True,120,120,False,False
BNBUSDT,1h,BUY,629.43,617.7248342596595,648.9386095672342,-1.0,-1.0,True,True,51,52,True,True
BNBUSDT,1h,BUY,608.05,593.9669923651078,631.5216793914869,-1.0,-1.0,True,True,110,106,True,True
BNBUSDT,1h,BUY,595.3,581.392997374117,618.4783377098049,-1.0,-0.9306565175781938,True,True,39,120,True,False
BNBUSDT,1h,BUY,567.33,551.7940604401073,593.2232325998214,1.6666666666666692,1.583972930823154,True,True,106,120,True,False
BNBUSDT,1h,SELL,592.94,601.3144111514872,578.9826480808547,-0.06959921152937115,-0.0,True,True,120,120,False,False
BNBUSDT,1h,BUY,588.6,581.128691600661,601.0521806655652,-0.7123586492556495,-0.9006421071704238,True,True,120,120,False,False
BTCUSDT,4h,BUY,95671.74,94074.462120582,98333.86979903,1.6666666666666576,1.6666666666666667,True,True,91,90,True,True
BTCUSDT,4h,BUY,86272.01,83364.94192419764,91117.12345967058,-1.0,-1.0,True,True,73,70,True,True
BTCUSDT,4h,BUY,84708.58,81798.97470980865,89557.92215031892,-0.33805534809818766,-0.3943805228315467,True,True,120,120,False,False
BTCUSDT,4h,BUY,84005.05,80459.00236000221,89915.12939999632,1.1286631755267391,1.2594657209465472,True,True,120,120,False,False
BTCUSDT,4h,SELL,92709.98,95935.81581575694,87333.5869737384,0.12752836598258152,-0.0,True,True,120,120,False,False
BTCUSDT,4h,BUY,82047.49,79087.08607838624,86981.49653602295,-1.0,-0.8771003189699866,True,True,54,120,True,False
BTCUSDT,4h,BUY,79522.29,76171.1731851497,85107.48469141715,0.9964231629125779,1.0963865307264486,True,True,120,120,False,False
BTCUSDT,4h,SELL,87498.16,88895.81855328477,85168.72907785873,0.014407721046183047,-0.0,True,True,120,120,False,False
BTCUSDT,4h,BUY,82758.4,81239.76047516221,85289.46587472963,1.6666666666666698,1.6666666666666698,True,True,114,113,True,True
BTCUSDT,4h,BUY,81933.51,80531.8065765771,84269.68237237148,0.918061769844498,0.7406149106991529,True,True,120,120,False,False
BTCUSDT,4h,BUY,78479.9,75606.95287396858,83268.14521005236,-1.0,-0.863322828725027,True,True,53,120,True,False
BTCUSDT,4h,SELL,86971.92,88184.0772815434,84951.65786409432,0.11528989401481589,-0.0,True,True,120,120,False,False
BTCUSDT,4h,SELL,87415.1,88829.5646458206,85057.65892363235,0.08227074732468985,-0.0,True,True,120,120,False,False
BTCUSDT,4h,SELL,92673.95,94565.7094652106,89521.01755798234,-0.027479239552298623,-0.0,True,True,120,120,False,False
BTCUSDT,4h,SELL,93311.83,95109.00356129232,90316.54073117948,0.07218398824757917,-0.0,True,True,120,120,False,False
BTCUSDT,4h,SELL,94638.68,96426.53322051992,91658.9246324668,-0.10713580464170902,-0.0,True,True,120,120,False,False
BTCUSDT,4h,SELL,103138.77,104811.2803658571,100351.2527235715,-0.13795810558770208,-0.0,True,True,120,120,False,False
BTCUSDT,4h,SELL,104007.03,105754.83553891692,101094.02076847178,-0.02223165084949152,-0.0,True,True,120,120,False,False
BTCUSDT,4h,SELL,111100.01,113362.0504589443,107329.94256842617,0.03062153917723705,-0.0,True,True,120,120,False,False
BTCUSDT,4h,BUY,102493.3,100719.16139878442,105450.19766869264,1.6666666666666612,1.6666666666666694,True,True,102,62,True,True
BTCUSDT,4h,SELL,109205.14,110675.10148256124,106755.20419573126,0.10170496679446998,-0.0,True,True,120,120,False,False
BTCUSDT,4h,BUY,104895.0,103056.46595008708,107959.22341652156,1.6666666666666798,1.666666666666664,True,True,119,93,True,True
BTCUSDT,4h,BUY,100963.87,98845.07701099312,104495.1916483448,1.037553548127746,1.6666666666666643,True,True,120,108,False,True
BTCUSDT,4h,SELL,107340.58,109213.33945280072,104219.31424533212,0.032392820244728275,-0.0,True,True,120,120,False,False
BTCUSDT,4h,SELL,111233.99,112667.46959357293,108844.85734404511,0.0698594234986321,-0.0,True,True,120,120,False,False
BTCUSDT,4h,SELL,117100.01,118805.5852730175,114257.38454497085,-0.014856066528473271,-0.0,True,True,120,120,False,False
BTCUSDT,4h,SELL,117420.0,119010.1331690814,114769.778051531,0.07688139482629709,-0.0,True,True,120,120,False,False
BTCUSDT,4h,SELL,119878.23,121859.96548898704,116575.33751835497,-0.0668888460691202,-0.0,True,True,120,120,False,False
BTCUSDT,4h,BUY,113909.86,111989.69593665747,117110.1334389042,-0.7842326998336687,-0.6670147293330276,True,True,120,120,False,False
BTCUSDT,4h,BUY,113604.2,111771.51769590606,116658.6705068232,1.6666666666666534,1.602841070108906,True,True,104,120,True,False
BTCUSDT,4h,SELL,120561.54,122244.01882665932,117757.40862223443,-0.05427627160342345,-0.0,True,True,120,120,False,False
BTCUSDT,4h,SELL,121725.31,123689.4735144542,118451.70414257632,0.09445561419245578,-0.0,True,True,120,120,False,False
BTCUSDT,4h,BUY,116145.34,114638.76800779512,118656.29332034149,-1.0,-1.0,True,True,63,64,True,True
BTCUSDT,4h,BUY,113525.91,111846.97434943628,116324.13608427288,-1.0,-1.0,True,True,46,45,True,True
BTCUSDT,4h,SELL,115194.14,116590.85850554112,112866.27582409816,-0.1362165660911903,-0.0,True,True,120,120,False,False
BTCUSDT,4h,SELL,116029.42,117399.28913250966,113746.30477915057,-0.12311364076255413,-0.0,True,True,120,120,False,False
BTCUSDT,4h,BUY,112650.99,111408.5299929138,114721.756678477,-1.0,-0.8920443774036343,True,True,76,120,True,False
BTCUSDT,4h,BUY,113090.13,111751.37971327773,115321.38047787048,-0.03213205620166992,-0.22932893051807385,True,True,120,120,False,False
BTCUSDT,4h,BUY,111998.8,110656.09149041872,114236.64751596884,-1.0,-1.0,True,True,43,42,True,True
BTCUSDT,4h,BUY,109580.01,107952.27083975148,112292.9086004142,1.394680790724655,1.5973360904804577,True,True,120,120,False,False
BTCUSDT,4h,BUY,109643.46,108086.4353752786,112238.50104120233,1.4367203537328317,1.4372903403495967,True,True,120,120,False,False
BTCUSDT,4h,SELL,113699.23,114922.13856702008,111661.04905496654,0.010585417956272655,-0.0,True,True,120,120,False,False
BTCUSDT,4h,SELL,123464.64,125287.5220220362,120426.50329660632,0.047822291137886004,-0.0,True,True,120,120,False,False
BTCUSDT,4h,SELL,124658.54,126414.06765532108,121732.66057446488,-0.06915122692811809,-0.0,True,True,120,120,False,False
BTCUSDT,4h,BUY,111525.2,108132.743911746,117179.29348042337,-1.0,-0.9084588986263279,True,True,59,120,True,False
BTCUSDT,4h,BUY,106803.53,103775.23845623134,111850.68257294776,1.6666666666666634,1.6666666666666683,True,True,90,88,True,True
BTCUSDT,4h,SELL,114969.68,116639.34137043486,112186.9110492752,0.03160560202674338,-0.0,True,True,120,120,False,False
BTCUSDT,4h,BUY,108322.88,105810.92091893264,112509.47846844562,-1.0,-1.0,True,True,71,72,True,True
BTCUSDT,4h,BUY,107090.0,104977.27742218204,110611.2042963633,-0.2958592483135511,-0.3652464549896125,True,True,120,120,False,False
BTCUSDT,4h,BUY,102130.0,99321.0705167984,106811.54913866932,-1.0,-1.0,True,True,50,50,True,True
BTCUSDT,4h,BUY,96796.14,93979.80478946274,101490.0320175621,-1.0,-0.9303543569410597,True,True,81,120,True,False
BTCUSDT,4h,BUY,96417.12,93484.097249435,101305.49125094166,-1.0,-1.0,True,True,100,100,True,True
BTCUSDT,4h,BUY,92215.14,89853.40774283963,96151.36042860062,-1.0,-0.9288723460889415,True,True,80,120,True,False
BTCUSDT,4h,BUY,91517.82,89103.75457945287,95541.26236757856,-0.36236636455125415,-0.461690051375678,True,True,120,120,False,False
BTCUSDT,4h,BUY,91554.96,88999.56603347554,95813.94994420744,-1.0,-1.0,True,True,111,111,True,True
BTCUSDT,4h,BUY,84209.3,80611.32909149019,90205.9181808497,1.2335471177390396,1.2832167913546821,True,True,120,120,False,False
BTCUSDT,4h,BUY,86286.01,84281.90787279505,89626.18021200823,1.6666666666666667,1.5856838808102678,True,True,86,120,True,False
BTCUSDT,4h,BUY,86432.08,84647.78090406209,89405.9118265632,1.5398441841461594,1.4501369778675053,True,True,120,120,False,False
BTCUSDT,4h,BUY,86021.51,84224.09511625761,89017.20147290398,1.5249831725163399,1.432975770838337,True,True,120,120,False,False
BTCUSDT,4h,SELL,91300.0,92425.02777916,89424.95370139998,0.11963572163597302,-0.0,True,True,120,120,False,False
BTCUSDT,4h,SELL,93255.08,94549.53110382977,91097.66149361708,-0.07688781868433382,-0.0,True,True,120,120,False,False
BTCUSDT,4h,SELL,94792.99,96301.27976788805,92279.17372018663,-0.09509340905382693,-0.0,True,True,120,120,False,False
BTCUSDT,4h,SELL,95985.1,97699.77146281888,93127.31422863522,0.05857429298522071,-0.0,True,True,120,120,False,False
BTCUSDT,4h,BUY,90288.04,88615.43750886197,93075.71081856336,-0.5509035640140575,-0.6265253493829049,True,True,120,120,False,False
BTCUSDT,4h,BUY,87282.05,85922.26967804172,89548.35053659714,1.6666666666666596,1.6666666666666703,True,True,116,116,True,True
BTCUSDT,4h,BUY,84650.16,82749.84849855282,87817.3458357453,-1.0,-1.0,True,True,25,26,True,True
BTCUSDT,4h,BUY,84242.99,81991.25229905726,87995.8861682379,-0.2121642463927458,-0.05697810123242036,True,True,120,120,False,False
BTCUSDT,4h,BUY,77759.99,75044.99765985053,82284.97723358247,-1.0,-1.0,True,True,93,74,True,True
BTCUSDT,4h,BUY,75770.21,72937.21180625804,80491.87365623662,-0.4299078006872428,-0.6864988937586979,True,True,120,120,False,False
BTCUSDT,4h,BUY,66631.32,62899.440790673456,72851.11868221093,-0.7201848072868106,-0.6911208023405079,True,True,120,120,False,False
BTCUSDT,4h,BUY,65958.94,64533.26192444892,68335.07012591849,-1.0,-0.9123187295185253,True,True,106,120,True,False
BTCUSDT,4h,BUY,63973.97,62390.75494271255,66612.66176214576,0.9721302662945716,1.1334912685255771,True,True,120,120,False,False
BTCUSDT,4h,SELL,72666.77,75156.01427124535,68518.02954792441,0.06713142417966429,-0.0,True,True,120,120,False,False
BTCUSDT,4h,SELL,73274.76,74826.28303240427,70688.8882793262,-0.06951972172431121,-0.0,True,True,120,120,False,False
BTCUSDT,4h,SELL,74249.32,75879.12643217666,71532.97594637224,0.08434770111871591,-0.0,True,True,120,120,False,False
BTCUSDT,4h,BUY,66407.28,64816.84277940997,69058.00870098338,1.474146666702932,1.2676853275996471,True,True,120,120,False,False
BTCUSDT,4h,SELL,68853.66,70105.09914116684,66767.92809805527,0.06801157309480253,-0.0,True,True,120,120,False,False
BTCUSDT,4h,SELL,71287.39,72861.79096713086,68663.38838811523,0.09555755684679024,-0.0,True,True,120,120,False,False
BTCUSDT,4h,SELL,71310.0,72915.75227215252,68633.74621307914,-0.09969653679212205,-0.0,True,True,120,120,False,False
BTCUSDT,4h,SELL,72096.32,73610.65166802226,69572.43388662959,-0.0901103567190788,-0.0,True,True,120,120,False,False
BTCUSDT,4h,SELL,72962.7,74464.35604195291,70459.93993007847,0.015425647597731013,-0.0,True,True,120,120,False,False
BTCUSDT,4h,SELL,73043.16,74314.4685402816,70924.31243286401,0.13151643015593176,-0.0,True,True,120,120,False,False
BTCUSDT,4h,SELL,74376.52,75743.5018993969,72098.21683433851,-0.012938936135270326,-0.0,True,True,120,120,False,False
BTCUSDT,4h,SELL,74223.18,75779.80686733712,71628.80188777146,-0.12765828349351566,-0.0,True,True,120,120,False,False
BTCUSDT,4h,SELL,77393.58,79039.3386576147,74650.6489039755,0.1172975944172822,-0.0,True,True,120,120,False,False
BTCUSDT,4h,SELL,79696.75,80819.19709165604,77826.00484723994,-0.08143239073789922,-0.0,True,True,120,120,False,False
BTCUSDT,4h,SELL,80905.52,82207.97811288074,78734.75647853213,0.049714730438741195,-0.0,True,True,120,120,False,False
BTCUSDT,4h,SELL,81704.25,83117.1339114428,79349.44348092868,-0.07927879504142188,-0.0,True,True,120,120,False,False
BTCUSDT,4h,BUY,75520.0,74354.1374944662,77463.10417588968,1.4085903941514828,1.217529501318087,True,True,120,120,False,False
BTCUSDT,4h,BUY,73419.32,72153.70777727928,75528.67370453455,-1.0,-0.8975563780652196,True,True,96,120,True,False
BTCUSDT,4h,BUY,61701.07,59669.44928099422,65087.10453167631,1.421222533800922,1.6666666666666667,True,True,120,121,False,True
ETHUSDT,4h,BUY,2471.91,2351.626519615478,2672.382467307535,-1.0,-1.0,True,True,107,107,True,True
ETHUSDT,4h,BUY,2336.37,2211.5763514481287,2544.3594142531188,-0.5746767085849441,-0.6967266471724711,True,True,120,120,False,False
ETHUSDT,4h,BUY,2307.72,2193.672476852756,2497.799205245407,-1.0,-1.0,True,True,102,98,True,True
ETHUSDT,4h,BUY,2223.01,2093.770797230101,2438.4086712831654,1.6666666666666643,1.6666666666666679,True,True,92,90,True,True
ETHUSDT,4h,BUY,1904.1,1781.289192305616,2108.7846794906395,-1.0,-1.0,True,True,61,59,True,True
ETHUSDT,4h,SELL,2031.06,2093.264501690217,1927.3858305163048,-0.10716666557261242,-0.0,True,True,120,120,False,False
ETHUSDT,4h,SELL,2081.2,2127.76006917011,2003.5998847164824,0.14319022224720956,-0.0,True,True,120,120,False,False
ETHUSDT,4h,BUY,1896.9,1844.1348937002197,1984.841843832968,-1.0,-0.8522966739134648,True,True,48,120,True,False
ETHUSDT,4h,BUY,1842.23,1784.965724644665,1937.6704589255585,-0.6842764079217315,-0.489471991277036,True,True,120,120,False,False
ETHUSDT,4h,BUY,1556.56,1457.7670489458014,1721.214918423664,-0.8593032033517365,-0.6663751414332008,True,True,120,120,False,False
ETHUSDT,4h,BUY,1473.41,1381.4638965568065,1626.653505738656,1.666666666666665,1.5636171306521272,True,True,104,120,True,False
ETHUSDT,4h,BUY,1483.43,1386.1997628474503,1645.4803952542493,1.1819753257778443,1.2665591043104796,True,True,120,120,False,False
ETHUSDT,4h,SELL,1768.18,1828.980797127664,1666.8453381205602,0.09918093908935144,-0.0,True,True,120,120,False,False
ETHUSDT,4h,SELL,1802.16,1859.825881308491,1706.050197819182,-0.03162863293764935,-0.0,True,True,120,120,False,False
ETHUSDT,4h,SELL,2462.51,2584.1363591197323,2259.799401467113,0.07210081714208603,-0.0,True,True,120,120,False,False
ETHUSDT,4h,SELL,2530.59,2651.071969253218,2329.786717911304,0.0006522639747893937,-0.0,True,True,120,120,False,False
ETHUSDT,4h,SELL,2646.82,2774.7354769997914,2433.627538333681,-0.11065505516072889,-0.0,True,True,120,120,False,False
ETHUSDT,4h,BUY,2455.71,2370.473870386191,2597.770216023015,1.4400736842084492,1.3944097611553008,True,True,120,120,False,False
ETHUSDT,4h,SELL,2677.35,2744.7197238137,2565.067126977166,0.07076019963863392,-0.0,True,True,120,120,False,False
ETHUSDT,4h,SELL,2732.95,2813.353078186303,2598.944869689495,0.05092484529037269,-0.0,True,True,120,120,False,False
ETHUSDT,4h,SELL,2772.25,2854.250043609112,2635.5832606514805,-0.08212409046351694,-0.0,True,True,120,120,False,False
ETHUSDT,4h,SELL,2813.35,2903.4595273976524,2663.167454337245,-0.11880974285210809,-0.0,True,True,120,120,False,False
ETHUSDT,4h,BUY,2234.68,2141.0132800480023,2390.7911999199955,1.666666666666665,1.666666666666665,True,True,100,99,True,True
ETHUSDT,4h,SELL,2570.41,2638.884352759842,2456.286078733596,0.04528965734255404,-0.0,True,True,120,120,False,False
ETHUSDT,4h,SELL,2916.05,3002.906518948756,2771.2891350854075,-0.06276598088591841,-0.0,True,True,120,120,False,False
ETHUSDT,4h,SELL,2972.03,3046.3607265569594,2848.145455738402,0.11290889180379422,-0.0,True,True,120,120,False,False
ETHUSDT,4h,SELL,3012.49,3093.8464794927454,2876.8958675120907,-0.03200619271211337,-0.0,True,True,120,120,False,False
ETHUSDT,4h,SELL,3115.99,3207.415808086335,2963.6136531894413,-0.024186685297516244,-0.0,True,True,120,120,False,False
ETHUSDT,4h,SELL,3150.5,3239.8715386050544,3001.547435658242,0.021825001821270482,-0.0,True,True,120,120,False,False
ETHUSDT,4h,SELL,3552.75,3678.222723182243,3343.628794696262,0.019517198558807552,-0.0,True,True,120,120,False,False
ETHUSDT,4h,SELL,3736.46,3857.2428864677336,3535.1551892204443,-0.04188199292308796,-0.0,True,True,120,120,False,False
ETHUSDT,4h,BUY,3528.79,3405.750672024416,3733.855546625973,-1.0,-1.0,True,True,73,73,True,True
ETHUSDT,4h,BUY,3444.12,3321.582785132908,3648.348691445152,1.133946872602152,1.1011957894775959,True,True,120,120,False,False
ETHUSDT,4h,SELL,4180.57,4305.068795463038,3973.072007561602,0.1128540702877332,-0.0,True,True,120,120,False,False
ETHUSDT,4h,SELL,4185.1,4311.0697611274,3975.150398121001,0.10933988547635437,-0.0,True,True,120,120,False,False
ETHUSDT,4h,SELL,4618.87,4778.89368827273,4352.163852878784,0.06895467761466582,-0.0,True,True,120,120,False,False
ETHUSDT,4h,SELL,4694.64,4882.478440317381,4381.575932804366,-0.08227177997392544,-0.0,True,True,120,120,False,False
ETHUSDT,4h,SELL,4653.92,4754.131556431118,4486.90073928147,0.01487959200404448,-0.0,True,True,120,120,False,False
ETHUSDT,4h,BUY,4205.24,4101.487907333032,4378.160154444947,-1.0,-1.0,True,True,81,81,True,True
ETHUSDT,4h,BUY,4175.08,4071.857936480581,4347.116772532366,-1.0,-0.8988060023341753,True,True,47,120,True,False
ETHUSDT,4h,BUY,3965.32,3841.455218039727,4171.7613032671225,1.2045072980511657,1.254327840835073,True,True,120,120,False,False
ETHUSDT,4h,BUY,3946.0,3821.4028130587753,4153.661978235375,1.6666666666666679,1.5303856289122995,True,True,109,120,True,False
ETHUSDT,4h,SELL,4487.06,4596.066487401182,4305.382520998032,0.0278962226928477,-0.0,True,True,120,120,False,False
ETHUSDT,4h,SELL,4551.06,4654.535247150375,4378.6012547493765,-0.0904764430838677,-0.0,True,True,120,120,False,False
ETHUSDT,4h,SELL,4684.01,4786.59986741674,4513.026887638766,0.11711769983088904,-0.0,True,True,120,120,False,False
ETHUSDT,4h,BUY,3827.99,3624.5192720833143,4167.107879861142,1.666666666666663,1.6666666666666652,True,True,99,98,True,True
ETHUSDT,4h,BUY,4034.59,3822.463147867757,4388.13475355374,-1.0,-0.8216672333744586,True,True,69,120,True,False
ETHUSDT,4h,SELL,4162.14,4259.354778201507,4000.115369664156,-0.08982880673982867,-0.0,True,True,120,120,False,False
ETHUSDT,4h,SELL,4120.15,4220.67113619122,3952.614773014632,-0.08299650127866717,-0.0,True,True,120,120,False,False
ETHUSDT,4h,BUY,3805.09,3674.12412760104,4023.3664539982674,-0.4624232688613108,-0.25710887203306687,True,True,120,120,False,False
ETHUSDT,4h,BUY,3631.5,3514.0880941766586,3827.186509705569,-0.42290901341335563,-0.48607201882128015,True,True,120,120,False,False
ETHUSDT,4h,BUY,3642.29,3523.95455569314,3839.515740511434,-0.737900210705932,-0.8044347564519987,True,True,120,120,False,False
ETHUSDT,4h,BUY,3529.52,3402.2931373068395,3741.5647711552674,-1.0,-1.0,True,True,72,71,True,True
ETHUSDT,4h,BUY,3398.36,3237.8459876206334,3665.883353965612,-0.6734998441213825,-0.5906261009592142,True,True,120,120,False,False
ETHUSDT,4h,BUY,2752.24,2595.7876326980286,3012.993945503285,1.6666666666666656,1.581513327995332,True,True,54,120,True,False
ETHUSDT,4h,BUY,2840.21,2761.9099945632065,2970.710009061323,-1.0,-0.9175718092263714,True,True,53,120,True,False
ETHUSDT,4h,BUY,2799.07,2714.845831937728,2939.4436134371213,0.9516866973257081,1.0508994530385947,True,True,120,120,False,False
ETHUSDT,4h,SELL,3119.27,3226.404756507909,2940.712072486818,-0.0020607525805365597,-0.0,True,True,120,120,False,False
ETHUSDT,4h,SELL,3318.04,3428.819758157882,3133.4070697368634,-0.10165037531942185,-0.0,True,True,120,120,False,False
ETHUSDT,4h,SELL,3324.14,3435.61952375874,3138.340793735433,0.0017643223053871954,-0.0,True,True,120,120,False,False
ETHUSDT,4h,BUY,2859.09,2770.545151717086,3006.6647471381907,1.6666666666666683,1.6666666666666683,True,True,46,44,True,True
ETHUSDT,4h,SELL,3090.5,3147.633005891156,2995.2783235147394,-0.02933343760842125,-0.0,True,True,120,120,False,False
ETHUSDT,4h,SELL,3132.72,3181.4323639688805,3051.532726718532,0.08571342198384926,-0.0,True,True,120,120,False,False
ETHUSDT,4h,SELL,3157.33,3212.0128584692534,3066.1919025512443,0.11886594458176238,-0.0,True,True,120,120,False,False
ETHUSDT,4h,SELL,3223.57,3294.0359365618497,3106.1267723969177,0.11726990361911291,-0.0,True,True,120,120,False,False
ETHUSDT,4h,SELL,3266.83,3341.5478483620027,3142.3002527299955,0.03574023382362884,-0.0,True,True,120,120,False,False
ETHUSDT,4h,SELL,3286.22,3361.1692005605464,3161.3046657324217,0.0696991459687413,-0.0,True,True,120,120,False,False
ETHUSDT,4h,SELL,3286.55,3370.1761024627704,3147.17316256205,-0.11271923026909908,-0.0,True,True,120,120,False,False
ETHUSDT,4h,BUY,3002.69,2919.1774377973425,3141.877603671096,-1.0,-1.0,True,True,75,56,True,True
ETHUSDT,4h,BUY,2850.68,2780.387740424191,2967.8337659596805,1.6666666666666603,1.6666666666666667,True,True,79,78,True,True
ETHUSDT,4h,BUY,2759.88,2665.0828300700373,2917.875283216605,-1.0,-1.0,True,True,105,104,True,True
ETHUSDT,4h,BUY,2742.4,2639.946853478757,2913.155244202073,-1.0,-0.9173499230997139,True,True,54,120,True,False
ETHUSDT,4h,BUY,2372.71,2227.4859878930306,2614.7500201782823,-0.8962100800742394,-1.0,True,True,120,110,False,True
ETHUSDT,4h,BUY,2233.72,2088.642916950472,2475.515138415879,-1.0,-1.0,True,True,48,44,True,True
ETHUSDT,4h,BUY,2188.27,2047.9275580176632,2422.174069970561,-0.6242260555631306,-0.7724318168506333,True,True,120,120,False,False
ETHUSDT,4h,BUY,1932.68,1778.3204930272536,2189.9458449545773,1.007459694238136,0.861858930781576,True,True,120,120,False,False
ETHUSDT,4h,BUY,1885.5,1835.7806086188543,1968.365652301909,-0.7027113039460211,-0.7417091239914526,True,True,120,120,False,False
ETHUSDT,4h,SELL,2057.48,2133.666683156692,1930.5021947388464,-0.028060872839997614,-0.0,True,True,120,120,False,False
ETHUSDT,4h,SELL,2127.28,2222.541821584105,1968.5102973598248,0.038789113044054566,-0.0,True,True,120,120,False,False
ETHUSDT,4h,SELL,2317.74,2383.1974056984577,2208.6443238359034,0.14272329154521418,-0.0,True,True,120,120,False,False
ETHUSDT,4h,BUY,2007.07,1953.2397881260304,2096.787019789949,-1.0,-1.0,True,True,77,76,True,True
ETHUSDT,4h,SELL,2144.25,2192.14844024509,2064.419266258183,0.030134211150199302,-0.0,True,True,120,120,False,False
ETHUSDT,4h,SELL,2215.45,2280.3257241515585,2107.3237930807354,0.01400623092697647,-0.0,True,True,120,120,False,False
ETHUSDT,4h,SELL,2284.99,2341.52126752346,2190.7712207942327,-0.013735050187069177,-0.0,True,True,120,120,False,False
ETHUSDT,4h,SELL,2364.63,2431.953123677511,2252.424793870815,-0.050052274549188876,-0.0,True,True,120,120,False,False
ETHUSDT,4h,SELL,2427.92,2493.5025636487744,2318.6157272520427,0.04912639600317254,-0.0,True,True,120,120,False,False
ETHUSDT,4h,SELL,2362.8,2405.851572231973,2291.047379613379,-0.05101248647337108,-0.0,True,True,120,120,False,False
ETHUSDT,4h,BUY,2180.0,2138.022080378504,2249.9631993691605,-0.21298764612947294,-0.21651715629246354,True,True,120,120,False,False
ETHUSDT,4h,BUY,2133.9,2092.505297948881,2202.8911700851977,-1.0,-1.0,True,True,65,65,True,True
ETHUSDT,4h,BUY,2125.07,2077.5708691498007,2204.2352180836656,-0.4370279107914704,-0.35759616952526796,True,True,120,120,False,False
ETHUSDT,4h,BUY,2070.78,2029.3984600253425,2139.7492332910965,-0.757094739767334,-0.9214775306047414,True,True,120,120,False,False
ETHUSDT,4h,BUY,2060.27,2015.5054233511944,2134.8776277480097,1.451917853999494,1.4563268977544799,True,True,120,120,False,False
ETHUSDT,4h,BUY,1995.56,1947.2161524831383,2076.133079194769,-1.0,-1.0,True,True,74,74,True,True
ETHUSDT,4h,BUY,2014.55,1966.29947594951,2094.9675400841497,-0.5153407511727109,-0.5611602859457561,True,True,120,120,False,False
ETHUSDT,4h,BUY,1878.39,1817.8445222750277,1979.2991295416207,-1.0,-0.8396250144526993,True,True,84,120,True,False
ETHUSDT,4h,BUY,1615.18,1542.8502740681804,1735.7295432196995,1.6666666666666667,1.5131945829081859,True,True,68,120,True,False
SOLUSDT,4h,BUY,184.25,178.09930944092912,194.5011509317848,-0.6335110720927292,-0.6622000429621804,True,True,120,120,False,False
SOLUSDT,4h,BUY,169.32,161.052570346074,183.09904942321,-1.0,-0.8170712554479245,True,True,50,120,True,False
SOLUSDT,4h,BUY,168.95,160.75109381880867,182.61484363531883,-1.0,-1.0,True,True,57,57,True,True
SOLUSDT,4h,BUY,145.43,135.99414769400653,161.15642050998912,-1.0,-0.9396654632138788,True,True,93,120,True,False
SOLUSDT,4h,BUY,139.27,130.6312727672078,153.66787872132036,-1.0,-1.0,True,True,33,26,True,True
SOLUSDT,4h,BUY,135.32,126.21410764111285,150.49648726481192,-1.0,-0.9522261026986178,True,True,61,120,True,False
SOLUSDT,4h,BUY,128.55,119.99950857564268,142.80081904059557,1.1843419690511632,1.2253519490449076,True,True,120,120,False,False
SOLUSDT,4h,SELL,169.88,181.40665043602837,150.66891593995277,0.08624515997256628,-0.0,True,True,120,120,False,False
SOLUSDT,4h,BUY,119.96,111.48852721612876,134.07912130645204,1.666666666666665,1.6666666666666667,True,True,113,113,True,True
SOLUSDT,4h,SELL,141.01,145.41557566150092,133.66737389749844,-0.11623989400491691,-0.0,True,True,120,120,False,False
SOLUSDT,4h,SELL,145.03,149.87536301668513,136.95439497219144,-0.024765308924694876,-0.0,True,True,120,120,False,False
SOLUSDT,4h,BUY,126.32,121.73987082083543,133.95354863194095,-1.0,-1.0,True,True,63,64,True,True
SOLUSDT,4h,BUY,125.71,121.15154015793566,133.30743307010724,-1.0,-0.9561070591028105,True,True,103,120,True,False
SOLUSDT,4h,BUY,106.65,99.22662957492712,119.02228404178814,1.4592603293875681,1.5669388694148498,True,True,120,120,False,False
SOLUSDT,4h,SELL,128.55,134.56511209863572,118.52481316894053,0.009200668447187275,-0.0,True,True,120,120,False,False
SOLUSDT,4h,SELL,139.61,143.8752791453383,132.50120142443618,-0.05847285591867522,-0.0,True,True,120,120,False,False
SOLUSDT,4h,SELL,144.24,149.13012166381898,136.0897972269684,0.08468508555025671,-0.0,True,True,120,120,False,False
SOLUSDT,4h,SELL,150.16,155.48176882254316,141.29038529576138,-0.0348432185610151,-0.0,True,True,120,120,False,False
SOLUSDT,4h,SELL,147.76,152.95272413780506,139.10545977032487,-0.0744463588864874,-0.0,True,True,120,120,False,False
SOLUSDT,4h,SELL,152.94,158.17937950640072,144.2077008226655,-0.10562530413443688,-0.0,True,True,120,120,False,False
SOLUSDT,4h,SELL,169.0,175.07780551312658,158.87032414478904,-0.11431974193957674,-0.0,True,True,120,120,False,False
SOLUSDT,4h,SELL,172.6,179.3012644608372,161.43122589860465,0.05695183796681042,-0.0,True,True,120,120,False,False
SOLUSDT,4h,SELL,182.55,189.2900041589079,171.31665973515356,-0.048544250191432166,-0.0,True,True,120,120,False,False
SOLUSDT,4h,BUY,155.63,149.84712903535004,165.2681182744166,-0.6641269283562237,-0.575212592209293,True,True,120,120,False,False
SOLUSDT,4h,BUY,154.17,148.84802947910586,163.03995086815686,1.6666666666666667,1.6666666666666667,True,True,110,111,True,True
SOLUSDT,4h,BUY,146.84,141.56182038469618,155.63696602550638,1.451148945547357,1.3447214780933228,True,True,120,120,False,False
SOLUSDT,4h,BUY,145.45,139.27639741009676,155.73933764983872,1.6666666666666696,1.6666666666666652,True,True,107,107,True,True
SOLUSDT,4h,BUY,131.71,125.8280618371356,141.51323027144068,1.6666666666666667,1.6666666666666667,True,True,120,121,True,True
SOLUSDT,4h,SELL,154.81,159.69658186022187,146.66569689963023,0.0404627347418328,-0.0,True,True,120,120,False,False
SOLUSDT,4h,SELL,157.05,160.81718273927038,150.77136210121606,0.09026408877935155,-0.0,True,True,120,120,False,False
SOLUSDT,4h,SELL,156.43,160.19684457560135,150.15192570733112,-0.047043311761872486,-0.0,True,True,120,120,False,False
SOLUSDT,4h,SELL,162.34,167.1526439861784,154.31892668970266,-0.03573701159704959,-0.0,True,True,120,120,False,False
SOLUSDT,4h,SELL,162.93,168.02054506971507,154.4457582171416,0.05253747497160921,-0.0,True,True,120,120,False,False
SOLUSDT,4h,SELL,169.54,175.237311674674,160.04448054220998,-0.1357076528438591,-0.0,True,True,120,120,False,False
SOLUSDT,4h,SELL,178.46,185.05169793862365,167.4738367689606,-0.13055116200725222,-0.0,True,True,120,120,False,False
SOLUSDT,4h,SELL,181.43,186.9699377038312,172.1967704936147,-0.12413156059338719,-0.0,True,True,120,120,False,False
SOLUSDT,4h,SELL,201.39,209.65544655277367,187.61425574537708,0.07580417332607776,-0.0,True,True,120,120,False,False
SOLUSDT,4h,BUY,160.86,154.47334294448115,171.5044284258648,1.666666666666668,1.666666666666668,True,True,120,120,True,True
SOLUSDT,4h,SELL,197.44,205.27944947798017,184.37425087003305,0.017608991327524807,-0.0,True,True,120,120,False,False
SOLUSDT,4h,SELL,203.62,211.54452352447584,190.4124607925403,0.09076117849058593,-0.0,True,True,120,120,False,False
SOLUSDT,4h,SELL,206.66,214.0943665999406,194.269389000099,0.07539028837035494,-0.0,True,True,120,120,False,False
SOLUSDT,4h,SELL,214.11,219.40133526444012,205.2911078925998,0.11494757188576228,-0.0,True,True,120,120,False,False
SOLUSDT,4h,SELL,217.25,222.71504139066144,208.14159768223092,-0.12392118279973437,-0.0,True,True,120,120,False,False
SOLUSDT,4h,SELL,238.98,245.01909656023943,228.9148390662676,-0.07432740226966172,-0.0,True,True,120,120,False,False
SOLUSDT,4h,SELL,243.81,250.13112071819216,233.27479880301303,-0.005603537256985623,-0.0,True,True,120,120,False,False
SOLUSDT,4h,BUY,219.0,211.45823879482745,231.5696020086209,-1.0,-1.0,True,True,113,111,True,True
SOLUSDT,4h,BUY,212.35,204.6871724674126,225.12137922097892,-0.8110761897441942,-0.8847694116110518,True,True,120,120,False,False
SOLUSDT,4h,BUY,200.68,192.40637694533703,214.46937175777165,1.401354604921655,1.243374341564992,True,True,120,120,False,False
SOLUSDT,4h,SELL,222.9,229.5677656760592,211.787057206568,-0.008942411051684432,-0.0,True,True,120,120,False,False
SOLUSDT,4h,SELL,229.41,236.4200190476669,217.7266349205552,0.05443382115358638,-0.0,True,True,120,120,False,False
SOLUSDT,4h,SELL,233.17,240.86484214567207,220.34526309054652,-0.07169445136259901,-0.0,True,True,120,120,False,False
SOLUSDT,4h,BUY,191.23,179.85596523394844,210.1867246100859,1.666666666666665,1.6666666666666674,True,True,100,100,True,True
SOLUSDT,4h,SELL,202.51,207.9233425199921,193.4877624666798,-0.0062315592793827385,-0.0,True,True,120,120,False,False
SOLUSDT,4h,BUY,184.69,176.7846545887685,197.86557568538583,-0.7648181354284818,-0.8100802060954437,True,True,120,120,False,False
SOLUSDT,4h,BUY,157.48,148.6330421908658,172.22492968189027,-0.6668979955883911,-0.6000934173305682,True,True,120,120,False,False
SOLUSDT,4h,BUY,144.73,137.71759205483352,156.41734657527743,-1.0,-0.7776812940859273,True,True,45,120,True,False
SOLUSDT,4h,BUY,142.23,135.04596591727667,154.2033901378722,-1.0,-1.0,True,True,74,72,True,True
SOLUSDT,4h,BUY,142.53,135.3470853207933,154.5015244653445,-1.0,-0.9548674838634292,True,True,93,120,True,False
SOLUSDT,4h,BUY,130.99,124.80084185413052,141.30526357644916,0.8117743128289702,0.8640207217027842,True,True,120,120,False,False
SOLUSDT,4h,BUY,126.66,122.37156269511324,133.80739550814462,1.6666666666666743,1.4901331699378004,True,True,103,120,True,False
SOLUSDT,4h,SELL,130.1,133.3764917206383,124.6391804656028,-0.06853129500143498,-0.0,True,True,120,120,False,False
SOLUSDT,4h,SELL,133.8,136.76390189323786,128.86016351127026,-0.07115166663685642,-0.0,True,True,120,120,False,False
SOLUSDT,4h,SELL,133.56,136.50673923449108,128.6487679425149,-0.08005971092762298,-0.0,True,True,120,120,False,False
SOLUSDT,4h,SELL,135.45,138.5477245255747,130.28712579070887,-0.10285184809494298,-0.0,True,True,120,120,False,False
SOLUSDT,4h,SELL,137.61,141.0058902374017,131.95018293766384,0.014403804013216026,-0.0,True,True,120,120,False,False
SOLUSDT,4h,SELL,137.53,141.5521358788526,130.82644020191233,-0.07425069979224284,-0.0,True,True,120,120,False,False
SOLUSDT,4h,SELL,141.41,144.89238792308365,135.60602012819393,-0.07237436016920963,-0.0,True,True,120,120,False,False
SOLUSDT,4h,BUY,134.45,131.26636910415232,139.7560514930794,-0.8319742220500461,-0.8933342088952839,True,True,120,120,False,False
SOLUSDT,4h,BUY,134.24,131.08702233980483,139.49496276699196,-1.0,-0.9297429449341573,True,True,109,120,True,False
SOLUSDT,4h,BUY,130.43,126.84619797136376,136.40300338106044,-1.0,-1.0,True,True,42,42,True,True
SOLUSDT,4h,BUY,121.57,118.2348411906536,127.12859801557728,1.6666666666666552,1.563894299605645,True,True,114,120,True,False
SOLUSDT,4h,BUY,117.82,114.19374852317742,123.86375246137096,-1.0,-1.0,True,True,88,85,True,True
SOLUSDT,4h,BUY,115.78,111.72205867559688,122.5432355406719,-1.0,-1.0,True,True,94,94,True,True
SOLUSDT,4h,BUY,102.78,96.7220724551424,112.87654590809598,-0.4796574707307904,-0.35080940384923315,True,True,120,120,False,False
SOLUSDT,4h,BUY,99.13,93.67546812019762,108.22088646633728,-0.6588875469646793,-0.6956925824388313,True,True,120,120,False,False
SOLUSDT,4h,BUY,84.49,77.43912261280059,96.24146231199902,-1.0,-0.8622694485455294,True,True,106,120,True,False
SOLUSDT,4h,SELL,89.17,92.29641199835562,83.95931333607396,-0.044479734549226664,-0.0,True,True,120,120,False,False
SOLUSDT,4h,BUY,79.4,76.73274012298536,83.84543312835774,-0.7955004194394475,-1.0,True,True,120,117,False,True
SOLUSDT,4h,BUY,77.3,74.59198630715315,81.81335615474474,1.2571787801046734,1.1912198880943294,True,True,120,120,False,False
SOLUSDT,4h,SELL,88.06,91.53477700637173,82.26870498938047,-0.09971074071737132,-0.0,True,True,120,120,False,False
SOLUSDT,4h,SELL,93.2,95.97777514435816,88.57037475940307,-0.07257479040596053,-0.0,True,True,120,120,False,False
SOLUSDT,4h,SELL,94.07,97.11894934116432,88.98841776472614,-0.06199276379623485,-0.0,True,True,120,120,False,False
SOLUSDT,4h,BUY,83.11,80.51571349544164,87.43381084093059,-1.0,-1.0,True,True,98,97,True,True
SOLUSDT,4h,BUY,83.62,81.15931418739612,87.72114302100648,-1.0,-0.8379024862011903,True,True,119,120,True,False
SOLUSDT,4h,SELL,89.05,91.58230046235802,84.82949922940328,0.036248443979777646,-0.0,True,True,120,120,False,False
SOLUSDT,4h,SELL,87.75,89.59541184619944,84.67431358966759,-0.06986757466174143,-0.0,True,True,120,120,False,False
SOLUSDT,4h,SELL,92.01,94.16822353266149,88.41296077889757,0.0008326508103630438,-0.0,True,True,120,120,False,False
SOLUSDT,4h,SELL,93.01,95.14833617025052,89.4461063829158,0.07670009563806818,-0.0,True,True,120,120,False,False
SOLUSDT,4h,SELL,93.13,95.12392251414458,89.80679580975902,-0.05547937568418509,-0.0,True,True,120,120,False,False
SOLUSDT,4h,SELL,94.76,97.15861251126312,90.76231248122816,0.10137089692005734,-0.0,True,True,120,120,False,False
SOLUSDT,4h,SELL,97.37,99.80799462304476,93.30667562825876,0.07157197946767299,-0.0,True,True,120,120,False,False
SOLUSDT,4h,BUY,86.5,84.27266366548402,90.2122272241933,-0.9144427776578318,-1.0,True,True,120,115,False,True
SOLUSDT,4h,BUY,84.99,82.86636616527697,88.52938972453838,-1.0,-1.0,True,True,87,83,True,True
SOLUSDT,4h,BUY,81.26,79.16848320763586,84.74586132060692,-1.0,-0.9377994110603391,True,True,51,120,True,False
SOLUSDT,4h,BUY,75.27,72.43918551984733,79.98802413358777,-1.0,-0.9047760976069704,True,True,106,120,True,False
SOLUSDT,4h,BUY,63.84,60.47486867906696,69.44855220155507,1.363910055741542,1.6666666666666674,True,True,120,115,False,True
BNBUSDT,4h,BUY,611.17,590.5730960810351,645.4981731982747,-0.3397005951462951,-0.5970312902092759,True,True,120,120,False,False
BNBUSDT,4h,BUY,588.48,564.652245592697,628.1929240121717,1.6666666666666667,1.584426786510788,True,True,110,120,True,False
BNBUSDT,4h,BUY,564.91,542.3497210185187,602.5104649691355,1.66666666666667,1.62304295143263,True,True,110,120,True,False
BNBUSDT,4h,BUY,560.65,544.5032439627903,587.561260062016,-0.2252388575653267,-0.1416803548273577,True,True,120,120,False,False
BNBUSDT,4h,BUY,558.18,535.4774745215213,596.0175424641309,1.373683383000207,1.4208723132573846,True,True,120,120,False,False
BNBUSDT,4h,SELL,609.39,626.2472239012587,581.2946268312354,-0.09914220659685978,-0.0,True,True,120,120,False,False
BNBUSDT,4h,SELL,629.99,648.1089985440809,599.7916690931984,-0.01156628520770857,-0.0,True,True,120,120,False,False
BNBUSDT,4h,SELL,634.41,645.5916738524558,615.7738769125735,0.06651270016328277,-0.0,True,True,120,120,False,False
BNBUSDT,4h,BUY,604.73,592.0677461084431,625.8337564859281,-1.0,-1.0,True,True,105,106,True,True
BNBUSDT,4h,BUY,552.01,532.0350376984039,585.3016038359934,0.6799289938815294,0.619309465966764,True,True,120,120,False,False
BNBUSDT,4h,SELL,615.32,624.1738145321087,600.5636424464855,0.016680373108687103,-0.0,True,True,120,120,False,False
BNBUSDT,4h,BUY,588.27,582.0544197680492,598.6293003865845,1.3232397475233308,1.4886041013648585,True,True,120,120,False,False
BNBUSDT,4h,SELL,619.4,628.0659510232742,604.956748294543,-0.04446002386709673,-0.0,True,True,120,120,False,False
BNBUSDT,4h,SELL,624.7,633.8566108312926,609.4389819478458,-0.08458225966888056,-0.0,True,True,120,120,False,False
BNBUSDT,4h,SELL,649.25,664.6728791391388,623.5452014347687,0.06252358531343293,-0.0,True,True,120,120,False,False
BNBUSDT,4h,SELL,655.54,671.3465896449549,629.1956839250751,-0.05925211365856943,-0.0,True,True,120,120,False,False
BNBUSDT,4h,SELL,663.68,683.5360602468245,630.5865662552925,0.10895199414904527,-0.0,True,True,120,120,False,False
BNBUSDT,4h,SELL,681.94,695.4580676495494,659.409887250751,-0.06869561660796296,-0.0,True,True,120,120,False,False
BNBUSDT,4h,SELL,682.29,695.2451914602973,660.6980142328377,-0.04208146865585326,-0.0,True,True,120,120,False,False
BNBUSDT,4h,BUY,653.85,641.7904628806662,673.9492285322231,-1.0,-1.0,True,True,104,103,True,True
BNBUSDT,4h,BUY,641.38,629.1277898496506,661.8003502505823,1.6666666666666667,1.6666666666666667,True,True,32,33,True,True
BNBUSDT,4h,BUY,615.81,603.9663451645085,635.549424725819,1.6666666666666698,1.6666666666666698,True,True,26,27,True,True
BNBUSDT,4h,SELL,656.9,662.905728014128,646.8904533097865,-0.044989238191796156,-0.0,True,True,120,120,False,False
BNBUSDT,4h,SELL,689.99,699.852160155876,673.5530664068733,0.021822262437495507,-0.0,True,True,120,120,False,False
BNBUSDT,4h,SELL,691.84,701.5274675154736,675.6942208075441,0.05534509293077574,-0.0,True,True,120,120,False,False
BNBUSDT,4h,SELL,692.57,703.3415451144886,674.6174248091858,-0.010057363658081646,-0.0,True,True,120,120,False,False
BNBUSDT,4h,SELL,715.61,730.2909214275742,691.1417976207098,0.05075825954345892,-0.0,True,True,120,120,False,False
BNBUSDT,4h,SELL,731.85,751.2853707612139,699.4577153979768,0.05791385001872576,-0.0,True,True,120,120,False,False
BNBUSDT,4h,SELL,757.14,776.881814328007,724.2369761199883,0.007203423319448507,-0.0,True,True,120,120,False,False
BNBUSDT,4h,SELL,784.43,808.330363095007,744.5960615083216,-0.003895765926757721,-0.0,True,True,120,120,False,False
BNBUSDT,4h,SELL,836.18,859.6762351179244,797.0196081367925,-0.0874533322344562,-0.0,True,True,120,120,False,False
BNBUSDT,4h,BUY,764.29,740.8499032874352,803.3568278542746,-0.33536376666226586,-0.17819723107230384,True,True,120,120,False,False
BNBUSDT,4h,BUY,744.09,721.2919111764553,782.086814705908,0.845063491140061,0.7867886582932365,True,True,120,120,False,False
BNBUSDT,4h,SELL,806.47,821.9513966454213,780.6676722576312,-0.11764069077847727,-0.0,True,True,120,120,False,False
BNBUSDT,4h,SELL,841.44,861.9335339863466,807.284110022756,-0.06813424641123701,-0.0,True,True,120,120,False,False
BNBUSDT,4h,SELL,846.97,870.4946773376345,807.7622044372758,0.043276480355888006,-0.0,True,True,120,120,False,False
BNBUSDT,4h,SELL,882.78,906.5832871391262,843.1078547681229,-0.06774315125857414,-0.0,True,True,120,120,False,False
BNBUSDT,4h,SELL,874.18,884.62936800176,856.7643866637331,0.12508441754826002,-0.0,True,True,120,120,False,False
BNBUSDT,4h,SELL,890.79,903.1572276920584,870.1779538465693,0.027245603163286457,-0.0,True,True,120,120,False,False
BNBUSDT,4h,SELL,893.31,905.6954110944612,872.6676481758982,-0.13326784471259184,-0.0,True,True,120,120,False,False
BNBUSDT,4h,SELL,903.45,915.2748864084992,883.7418559858348,-0.12250206898498595,-0.0,True,True,120,120,False,False
BNBUSDT,4h,SELL,930.14,944.3616349188924,906.4372751351796,-0.004497950974624397,-0.0,True,True,120,120,False,False
BNBUSDT,4h,SELL,931.06,944.8392923535346,908.0945127441088,-0.020827475175388438,-0.0,True,True,120,120,False,False
BNBUSDT,4h,SELL,931.64,946.3416602436088,907.1372329273185,0.07782889762795907,-0.0,True,True,120,120,False,False
BNBUSDT,4h,SELL,954.7,971.0972613386666,927.3712311022224,0.010811669951607143,-0.0,True,True,120,120,False,False
BNBUSDT,4h,SELL,981.04,999.9207497670518,949.5720837215802,-0.10522178410479663,-0.0,True,True,120,120,False,False
BNBUSDT,4h,SELL,985.75,1005.1194031480368,953.4676614199388,0.030956082654992632,-0.0,True,True,120,120,False,False
BNBUSDT,4h,SELL,1047.85,1074.1239586295312,1004.0600689507812,0.12481038950312731,-0.0,True,True,120,120,False,False
BNBUSDT,4h,SELL,1151.69,1188.4512102512383,1090.421316247936,0.05552726044381425,-0.0,True,True,120,120,False,False
BNBUSDT,4h,SELL,1167.85,1203.2211448217486,1108.8980919637522,0.10272203768312681,-0.0,True,True,120,120,False,False
BNBUSDT,4h,SELL,1276.22,1329.664749998809,1187.145416668652,0.0991682013348164,-0.0,True,True,120,120,False,False
BNBUSDT,4h,SELL,1293.96,1347.579912808813,1204.593478651978,-0.07133920374852643,-0.0,True,True,120,120,False,False
BNBUSDT,4h,BUY,1072.28,1005.057244172068,1184.3179263798866,-0.38030849070100303,-0.40850276280440784,True,True,120,120,False,False
BNBUSDT,4h,SELL,1143.86,1176.752278876408,1089.0395352059866,0.09122044653418204,-0.0,True,True,120,120,False,False
BNBUSDT,4h,BUY,949.19,903.4120182639429,1025.486636226762,-1.0,-0.8191470099288056,True,True,41,120,True,False
BNBUSDT,4h,BUY,830.46,793.017068168237,892.8648863862719,1.6666666666666687,1.4922569130962378,True,True,119,120,True,False
BNBUSDT,4h,BUY,826.61,804.1129578704212,864.1050702159648,1.6666666666666683,1.6666666666666683,True,True,41,41,True,True
BNBUSDT,4h,SELL,860.58,873.2324589604731,839.4925683992117,0.05946775052233056,-0.0,True,True,120,120,False,False
BNBUSDT,4h,SELL,904.71,917.230412048159,883.8426465864018,0.06485946114205626,-0.0,True,True,120,120,False,False
BNBUSDT,4h,SELL,901.2,916.5272941945354,875.6545096757743,-0.13752382650447928,-0.0,True,True,120,120,False,False
BNBUSDT,4h,SELL,937.45,953.9810340117158,909.8982766471404,0.05123997718132212,-0.0,True,True,120,120,False,False
BNBUSDT,4h,BUY,892.66,873.6241776113989,924.3863706476684,-1.0,-0.9166367999277597,True,True,41,120,True,False
BNBUSDT,4h,BUY,866.02,853.1714579562748,887.434236739542,1.4229799744867284,1.4728088462498634,True,True,120,120,False,False
BNBUSDT,4h,BUY,777.86,746.2361226557267,830.5664622404556,-1.0,-1.0,True,True,80,79,True,True
BNBUSDT,4h,BUY,651.2,611.0035727280764,718.1940454532062,-0.5403934811659143,-0.4118563189105909,True,True,120,120,False,False
BNBUSDT,4h,BUY,610.47,586.9470977333739,649.6748371110436,-1.0,-1.0,True,True,113,97,True,True
BNBUSDT,4h,BUY,599.31,584.7388402756224,623.5952662072959,-1.0,-1.0,True,True,49,38,True,True
BNBUSDT,4h,SELL,677.2,689.7370321266974,656.3049464555045,-0.04930846067384325,-0.0,True,True,120,120,False,False
BNBUSDT,4h,BUY,634.84,623.2550788129764,654.1482019783726,-1.0,-1.0,True,True,63,34,True,True
BNBUSDT,4h,BUY,638.4,624.7624646510903,661.1292255815159,-1.0,-1.0,True,True,102,98,True,True
BNBUSDT,4h,BUY,613.95,601.8464435028919,634.1225941618469,-1.0,-1.0,True,True,112,112,True,True
BNBUSDT,4h,BUY,583.51,570.0684586443888,605.9125689260187,0.9672836192845515,0.8458384871362985,True,True,120,120,False,False
BNBUSDT,4h,SELL,613.29,624.929199809747,593.8913336504214,0.07974571694819792,-0.0,True,True,120,120,False,False
BNBUSDT,4h,SELL,647.74,658.0973561516137,630.4777397473106,-0.01346422610835129,-0.0,True,True,120,120,False,False
BNBUSDT,4h,BUY,644.78,632.4171441405093,665.3847597658178,1.032628090075041,1.2624680902081138,True,True,120,120,False,False
BNBUSDT,4h,BUY,634.79,624.3870907517803,652.1281820803661,1.6666666666666667,1.6666666666666667,True,True,115,115,True,True
BNBUSDT,4h,SELL,708.55,729.2305579001705,674.0824034997157,0.11279542542419525,-0.0,True,True,120,120,False,False
BNBUSDT,4h,BUY,606.4,580.2350342015886,650.0082763306856,-1.0,-0.9034935675009225,True,True,14,120,True,False
BNBUSDT,4h,BUY,579.06,552.5504102173925,623.242649637679,1.5515414723264715,1.6666666666666667,True,True,120,120,False,True
BNBUSDT,4h,BUY,575.86,550.9896394221395,617.3106009631009,1.6666666666666667,1.6666666666666667,True,True,114,111,True,True
BNBUSDT,4h,BUY,574.53,551.8125717466406,612.3923804222655,1.6666666666666667,1.6666666666666667,True,True,116,116,True,True
XRPUSDT,1h,BUY,1.3667,1.341985878009654,1.4078902033172436,1.6666666666666787,1.6666666666666696,True,True,63,63,True,True
XRPUSDT,1h,SELL,1.4112,1.435747557634967,1.370287403941722,-0.02833110040891206,-0.0,True,True,120,120,False,False
XRPUSDT,1h,SELL,1.4571,1.478628478861347,1.4212192018977552,0.09796113084975294,-0.0,True,True,120,120,False,False
XRPUSDT,1h,SELL,1.5904,1.63167015854227,1.5216164024295502,0.07397524886296082,-0.0,True,True,120,120,False,False
XRPUSDT,1h,BUY,1.4268,1.4054070998533608,1.462454833577732,-0.8605876261787606,-0.7962590562505719,True,True,120,120,False,False
XRPUSDT,1h,BUY,1.4008,1.3795410292764414,1.436231617872598,-1.0,-1.0,True,True,108,106,True,True
XRPUSDT,1h,BUY,1.3911,1.3788077555703568,1.4115870740494054,-1.0,-0.9466860005432143,True,True,75,120,True,False
XRPUSDT,1h,BUY,1.3681,1.3487727583161664,1.4003120694730564,1.152296447577646,1.1828088630313893,True,True,120,120,False,False
XRPUSDT,1h,SELL,1.4558,1.4859203212441523,1.4055994645930792,0.04018918436412252,-0.0,True,True,120,120,False,False
XRPUSDT,1h,BUY,1.358,1.3350381987666808,1.396269668722199,-1.0,-1.0,True,True,88,85,True,True
XRPUSDT,1h,BUY,1.354,1.333070210579441,1.3888829823675988,-1.0,-1.0,True,True,40,36,True,True
XRPUSDT,1h,BUY,1.3415,1.3130699734706408,1.388883377548932,-1.0,-0.9439036441674414,True,True,52,120,True,False
XRPUSDT,1h,SELL,1.4185,1.45164574472148,1.3632570921308669,-0.04097595459597877,-0.0,True,True,120,120,False,False
XRPUSDT,1h,SELL,1.4048,1.4306492052259845,1.3617179912900264,0.06677541534286836,-0.0,True,True,120,120,False,False
XRPUSDT,1h,SELL,1.4427,1.4737816520140452,1.390897246643258,-0.03885335711836048,-0.0,True,True,120,120,False,False
XRPUSDT,1h,SELL,1.4474,1.4771366634520289,1.3978388942466184,-0.05314456132663933,-0.0,True,True,120,120,False,False
XRPUSDT,1h,BUY,1.3586,1.3378650510501446,1.393158248249759,-1.0,-1.0,True,True,88,85,True,True
XRPUSDT,1h,SELL,1.4055,1.425855782231941,1.3715736962800982,-0.09562128817420949,-0.0,True,True,120,120,False,False
XRPUSDT,1h,SELL,1.4308,1.456981244983943,1.3871645916934283,-0.01978418605287428,-0.0,True,True,120,120,False,False
XRPUSDT,1h,SELL,1.4487,1.4667240101892147,1.4186599830179756,-0.04017227970621631,-0.0,True,True,120,120,False,False
XRPUSDT,1h,SELL,1.4684,1.4901448585780073,1.4321585690366545,0.02823224796824964,-0.0,True,True,120,120,False,False
XRPUSDT,1h,SELL,1.4932,1.517253959929505,1.4531100667841588,0.04588440328566567,-0.0,True,True,120,120,False,False
XRPUSDT,1h,SELL,1.5443,1.5790865028425538,1.4863224952624106,0.12847864263507017,-0.0,True,True,120,120,False,False
XRPUSDT,1h,BUY,1.4566,1.4315341149887406,1.4983764750187654,-1.0,-0.9536200408794259,True,True,104,120,True,False
XRPUSDT,1h,BUY,1.4166,1.401318696254481,1.4420688395758654,-1.0,-1.0,True,True,108,105,True,True
XRPUSDT,1h,BUY,1.3995,1.384888779748534,1.4238520337524434,-1.0,-0.8271325148732888,True,True,80,120,True,False
XRPUSDT,1h,BUY,1.3867,1.3735426864557816,1.4086288559070308,-0.8965838890136346,-0.8992116310430486,True,True,120,120,False,False
XRPUSDT,1h,BUY,1.3909,1.3756429286276892,1.4163284522871848,-1.0,-0.9466860005432828,True,True,75,120,True,False
XRPUSDT,1h,SELL,1.4314,1.459113525536588,1.3852107907723532,0.020527722554516823,-0.0,True,True,120,120,False,False
XRPUSDT,1h,BUY,1.3786,1.364906969150324,1.4014217180827937,-0.4064996849544137,-0.4419044495046841,True,True,120,120,False,False
XRPUSDT,1h,BUY,1.3594,1.342411645747945,1.3877139237534248,-1.0,-1.0,True,True,70,71,True,True
XRPUSDT,1h,BUY,1.3406,1.3243083247704373,1.3677527920492714,-1.0,-0.8534401850638121,True,True,108,120,True,False
XRPUSDT,1h,BUY,1.3253,1.3088107218926728,1.3527821301788785,0.9595858676727498,0.8852714601131633,True,True,120,120,False,False
XRPUSDT,1h,BUY,1.3241,1.3137640575392524,1.341326570767913,-0.7671421545082552,-0.6279731281199156,True,True,120,120,False,False
XRPUSDT,1h,SELL,1.3499,1.365276151292047,1.3242730811799217,-0.026982534705545468,-0.0,True,True,120,120,False,False
XRPUSDT,1h,BUY,1.3001,1.2837809818840975,1.3272983635265043,1.6666666666666712,1.6666666666666712,True,True,101,101,True,True
XRPUSDT,1h,BUY,1.2993,1.291062545216726,1.313029091305456,-1.0,-0.9450209246691106,True,True,83,120,True,False
XRPUSDT,1h,BUY,1.2891,1.2790819548795775,1.3057967418673706,1.666666666666674,1.666666666666674,True,True,98,99,True,True
XRPUSDT,1h,BUY,1.2967,1.2851033182380032,1.3160278029366614,1.2637148786379113,1.3516487300432796,True,True,120,120,False,False
XRPUSDT,1h,SELL,1.3389,1.3521047564686597,1.3168920725522335,-0.04722082321995428,-0.0,True,True,120,120,False,False
XRPUSDT,1h,SELL,1.3499,1.3633953899277134,1.327407683453811,-0.026982534705553,-0.0,True,True,120,120,False,False
XRPUSDT,1h,SELL,1.3665,1.387928480549815,1.330785865750308,0.005865366270724139,-0.0,True,True,120,120,False,False
XRPUSDT,1h,SELL,1.37,1.3897433570582889,1.3370944049028524,0.008014847717849957,-0.0,True,True,120,120,False,False
XRPUSDT,1h,SELL,1.3799,1.398507290618462,1.3488878489692298,0.05481108463576018,-0.0,True,True,120,120,False,False
XRPUSDT,1h,SELL,1.3616,1.3734196533944456,1.3419005776759236,0.13389296445124188,-0.0,True,True,120,120,False,False
XRPUSDT,1h,SELL,1.3621,1.378652385447067,1.3345126909215554,0.11470831217306615,-0.0,True,True,120,120,False,False
XRPUSDT,1h,SELL,1.3719,1.388059127712168,1.3449681204797197,-0.11674897297622719,-0.0,True,True,120,120,False,False
XRPUSDT,1h,SELL,1.3883,1.4035810578375258,1.3628315702707907,0.0016272920909509753,-0.0,True,True,120,120,False,False
XRPUSDT,1h,SELL,1.4038,1.4196260590499308,1.377423234916782,-0.04727266866513912,-0.0,True,True,120,120,False,False
XRPUSDT,1h,SELL,1.4058,1.4205473402815951,1.3812210995306744,-0.09562128817420398,-0.0,True,True,120,120,False,False
XRPUSDT,1h,SELL,1.4087,1.424105960859572,1.3830233985673803,-0.10623941308946594,-0.0,True,True,120,120,False,False
XRPUSDT,1h,SELL,1.4194,1.4411524176895667,1.383145970517389,0.11487908900605527,-0.0,True,True,120,120,False,False
XRPUSDT,1h,SELL,1.4524,1.477005479530188,1.4113908674496862,-0.13290007327038175,-0.0,True,True,120,120,False,False
XRPUSDT,1h,SELL,1.4861,1.511486652973657,1.4437889117105716,0.08614220396748846,-0.0,True,True,120,120,False,False
XRPUSDT,1h,BUY,1.4056,1.3891320736873851,1.433046543854358,1.1952543867284968,1.107179696952604,True,True,120,120,False,False
XRPUSDT,1h,SELL,1.4436,1.4539559707049918,1.4263400488250138,-0.03885335711836307,-0.0,True,True,120,120,False,False
XRPUSDT,1h,BUY,1.404,1.3929185125671997,1.4224691457213336,-0.5775387027404527,-0.646480656601914,True,True,120,120,False,False
XRPUSDT,1h,BUY,1.3954,1.3836263272446845,1.4150227879255262,-0.45390277790388023,-0.4248680269856742,True,True,120,120,False,False
XRPUSDT,1h,BUY,1.3969,1.3857135759172072,1.4155440401379882,-0.5565640645797082,-0.5253461028505257,True,True,120,120,False,False
XRPUSDT,1h,BUY,1.3753,1.36456183467951,1.3931969422008164,1.499022356093375,1.6332666317297142,True,True,120,120,False,False
XRPUSDT,1h,BUY,1.3627,1.3485390009918254,1.3863016650136244,0.909353987399686,1.0717543837769645,True,True,120,120,False,False
XRPUSDT,1h,SELL,1.3948,1.4059933047334494,1.3761444921109176,-0.06128254339702205,-0.0,True,True,120,120,False,False
XRPUSDT,1h,SELL,1.3915,1.402809788265066,1.3726503528915563,-0.11215283111798759,-0.0,True,True,120,120,False,False
XRPUSDT,1h,SELL,1.4116,1.4231672821136296,1.392321196477284,-0.009146448130723458,-0.0,True,True,120,120,False,False
XRPUSDT,1h,SELL,1.4226,1.437395398514352,1.3979410024760806,-0.10749925908687824,-0.0,True,True,120,120,False,False
XRPUSDT,1h,BUY,1.3838,1.3709659792791462,1.405190034534756,1.299583505470591,1.1768867424192055,True,True,120,120,False,False
XRPUSDT,1h,SELL,1.4121,1.4247758539314013,1.3909735767809976,-0.021079543327081625,-0.0,True,True,120,120,False,False
XRPUSDT,1h,SELL,1.4289,1.44079956754074,1.4090673874321002,-0.012202801419609622,-0.0,True,True,120,120,False,False
XRPUSDT,1h,SELL,1.45,1.471907208253551,1.4134879862440817,-0.024580857905545216,-0.0,True,True,120,120,False,False
XRPUSDT,1h,BUY,1.4339,1.4157534920694674,1.464144179884221,1.6666666666666747,1.6666666666666625,True,True,109,110,True,True
XRPUSDT,1h,SELL,1.508,1.53629829402775,1.4608361766204168,0.09863604647247404,-0.0,True,True,120,120,False,False
XRPUSDT,1h,BUY,1.4073,1.3907366274458657,1.4349056209235576,-0.6239895201411484,-0.6669995022904407,True,True,120,120,False,False
XRPUSDT,1h,BUY,1.3879,1.3720221474895231,1.414363087517461,-0.6816365541302385,-0.6372350312873087,True,True,120,120,False,False
XRPUSDT,1h,BUY,1.3904,1.374365928583995,1.4171234523600085,-1.0,-0.946686000543348,True,True,75,120,True,False
XRPUSDT,1h,BUY,1.342,1.327563695053264,1.3660605082445605,-1.0,-0.8426378347963148,True,True,60,120,True,False
XRPUSDT,1h,BUY,1.3375,1.3240421202427028,1.3599297995954949,-1.0,-1.0,True,True,23,23,True,True
XRPUSDT,1h,BUY,1.3173,1.3028013160010847,1.341464473331525,1.3055986434662146,1.2849144394997987,True,True,120,120,False,False
XRPUSDT,1h,SELL,1.3598,1.3754896118637607,1.3336506468937317,0.09842938451785543,-0.0,True,True,120,120,False,False
XRPUSDT,1h,BUY,1.3402,1.3301027774744232,1.3570287042092948,1.6666666666666594,1.6666666666666594,True,True,89,71,True,True
XRPUSDT,1h,BUY,1.2876,1.271225627294475,1.314890621175875,1.543186597092303,1.3246022385315173,True,True,120,120,False,False
XRPUSDT,1h,SELL,1.3504,1.3686006511785018,1.3200655813691635,-0.026982534705547817,-0.0,True,True,120,120,False,False
XRPUSDT,1h,BUY,1.3044,1.291007413846481,1.3267209769225314,-0.6924449542853337,-0.8896755950283959,True,True,120,120,False,False
XRPUSDT,1h,BUY,1.2941,1.2792853183209996,1.3187911361316675,-1.0,-1.0,True,True,114,106,True,True
XRPUSDT,1h,BUY,1.268,1.2524341706292652,1.2939430489512245,-1.0,-0.9203845539271718,True,True,83,120,True,False
XRPUSDT,1h,BUY,1.2671,1.2520618159156325,1.2921636401406122,-1.0,-0.8959542844573226,True,True,104,120,True,False
XRPUSDT,1h,BUY,1.2365,1.2173620442944666,1.2683965928425551,-1.0,-0.8961409226382024,True,True,55,120,True,False
XRPUSDT,1h,BUY,1.2265,1.205380868572841,1.261698552378598,-0.3942069109682577,-0.3038451243597311,True,True,120,120,False,False
XRPUSDT,1h,BUY,1.2117,1.1886970244327049,1.2500382926121585,-1.0,-0.8827438424034024,True,True,55,120,True,False
XRPUSDT,1h,BUY,1.2185,1.1952941906829024,1.257176348861829,-1.0,-1.0,True,True,44,45,True,True
XRPUSDT,1h,BUY,1.1815,1.1524366392002343,1.2299389346662757,-1.0,-1.0,True,True,24,22,True,True
XRPUSDT,1h,SELL,1.1461,1.1702031741923111,1.1059280430128142,0.09249787648086599,-0.0,True,True,120,120,False,False
XRPUSDT,1h,BUY,1.1166,1.1005634681834635,1.1433275530275606,-1.0,-0.8504718536577643,True,True,72,120,True,False
XRPUSDT,4h,BUY,2.2629,2.120351518184404,2.5004808030259933,-0.6687430575006783,-0.5815739743105042,True,True,120,120,False,False
XRPUSDT,4h,BUY,2.1469,2.0052075438773223,2.383054093537796,0.8114772954517427,0.7691926007404915,True,True,120,120,False,False
XRPUSDT,4h,SELL,2.6896,2.892887485444108,2.35078752425982,0.10123917264532163,-0.0,True,True,120,120,False,False
XRPUSDT,4h,BUY,2.1702,2.030640985625444,2.4027983572909264,-0.7114482974853923,-0.5796444400698197,True,True,120,120,False,False
XRPUSDT,4h,BUY,2.0462,1.891058314673808,2.3047694755436536,0.7794860647395006,0.6297967530986749,True,True,120,120,False,False
XRPUSDT,4h,SELL,2.4877,2.593504245864873,2.311359590225211,0.03142834510472283,-0.0,True,True,120,120,False,False
XRPUSDT,4h,BUY,2.1351,2.0519466185925115,2.273688969012481,-1.0,-0.9543459318445212,True,True,35,120,True,False
XRPUSDT,4h,BUY,2.0826,1.9966403312338632,2.2258661146102274,-1.0,-1.0,True,True,60,60,True,True
XRPUSDT,4h,BUY,1.8745,1.729947543278012,2.1154207612033136,-0.7340332931718524,-0.8035677195935347,True,True,120,120,False,False
XRPUSDT,4h,SELL,2.228,2.2982263871321544,2.11095602144641,-0.022986049969904263,-0.0,True,True,120,120,False,False
XRPUSDT,4h,SELL,2.3189,2.3891146723343994,2.2018755461093344,-0.0005123072933109922,-0.0,True,True,120,120,False,False
XRPUSDT,4h,SELL,2.2945,2.357182494124204,2.1900291764596616,0.040388507926566064,-0.0,True,True,120,120,False,False
XRPUSDT,4h,SELL,2.3495,2.4238467345447794,2.225588775758701,0.08049133788109816,-0.0,True,True,120,120,False,False
XRPUSDT,4h,SELL,2.4022,2.483962085039784,2.265929858267027,-0.04319509664493216,-0.0,True,True,120,120,False,False
XRPUSDT,4h,SELL,2.5329,2.648096984649497,2.340905025584173,0.014081078629941719,-0.0,True,True,120,120,False,False
XRPUSDT,4h,BUY,2.1394,2.0688921178191704,2.2569131369680497,0.694295950893075,0.9498782223275212,True,True,120,120,False,False
XRPUSDT,4h,BUY,2.1544,2.0926531627139418,2.257311395476764,1.292908518824175,1.2851243870883045,True,True,120,120,False,False
XRPUSDT,4h,SELL,2.238,2.298700262781768,2.13683289536372,0.023628975075960602,-0.0,True,True,120,120,False,False
XRPUSDT,4h,BUY,2.0683,2.012411700197826,2.161447166336956,-1.0,-1.0,True,True,46,46,True,True
XRPUSDT,4h,BUY,2.0172,1.94265139835876,2.141447669402067,1.6666666666666776,1.6666666666666656,True,True,103,103,True,True
XRPUSDT,4h,SELL,2.2362,2.296036550178744,2.1364724163687607,0.05553122067451034,-0.0,True,True,120,120,False,False
XRPUSDT,4h,SELL,2.2993,2.3522175513683536,2.211104081052744,-0.09932524738333316,-0.0,True,True,120,120,False,False
XRPUSDT,4h,SELL,2.4038,2.459058588614321,2.311702352309464,-0.08083114195640438,-0.0,True,True,120,120,False,False
XRPUSDT,4h,SELL,2.6812,2.8176279499224166,2.453820083462639,-0.1291271829568423,-0.0,True,True,120,120,False,False
XRPUSDT,4h,SELL,2.93,3.0676099426532817,2.7006500955778647,-0.020310113401582952,-0.0,True,True,120,120,False,False
XRPUSDT,4h,SELL,2.8497,2.993601685246962,2.60986385792173,-0.12867250393321733,-0.0,True,True,120,120,False,False
XRPUSDT,4h,SELL,3.038,3.16457077856182,2.827048702396966,-0.009400059515524833,-0.0,True,True,120,120,False,False
XRPUSDT,4h,SELL,3.3736,3.568101848702009,3.049430252163317,0.03999984883201127,-0.0,True,True,120,120,False,False
XRPUSDT,4h,BUY,3.1685,2.9957599795197214,3.456400034133797,-1.0,-0.9136266739331927,True,True,56,120,True,False
XRPUSDT,4h,BUY,2.8358,2.707202383303627,3.050129361160621,1.3822328429731372,1.292159505502724,True,True,120,120,False,False
XRPUSDT,4h,SELL,3.2216,3.348803500455244,3.009594165907927,0.10003659697086888,-0.0,True,True,120,120,False,False
XRPUSDT,4h,BUY,2.7943,2.7232980006034846,2.912636665660858,-1.0,-0.8146891512564606,True,True,99,120,True,False
XRPUSDT,4h,SELL,2.9798,3.038723242062269,2.881594596562885,0.05765885398189164,-0.0,True,True,120,120,False,False
XRPUSDT,4h,SELL,3.0043,3.0671038399765846,2.8996269333723594,0.027948677173420273,-0.0,True,True,120,120,False,False
XRPUSDT,4h,SELL,3.1333,3.202224569146472,3.018425718089214,0.12955391504383576,-0.0,True,True,120,120,False,False
XRPUSDT,4h,BUY,2.8602,2.7848777180242976,2.9857371366261707,1.3339653653554924,1.5105489133692842,True,True,120,120,False,False
XRPUSDT,4h,SELL,3.0389,3.1134048289688936,2.914725285051844,0.009784592762649282,-0.0,True,True,120,120,False,False
XRPUSDT,4h,BUY,2.4885,2.307012309442269,2.790979484262885,-1.0,-0.938903478336361,True,True,97,120,True,False
XRPUSDT,4h,BUY,2.2831,2.1574016039818678,2.492597326696888,1.6666666666666725,1.6666666666666654,True,True,100,100,True,True
XRPUSDT,4h,SELL,2.6143,2.6776672160736523,2.50868797321058,0.07866016010291496,-0.0,True,True,120,120,False,False
XRPUSDT,4h,SELL,2.6354,2.701565864879833,2.525123558533612,-0.037721460093230616,-0.0,True,True,120,120,False,False
XRPUSDT,4h,SELL,2.634,2.7015324296030445,2.5214459506615925,0.11508152913119787,-0.0,True,True,120,120,False,False
XRPUSDT,4h,BUY,2.4393,2.344142207050337,2.597896321582771,-1.0,-0.9412702524848093,True,True,63,120,True,False
XRPUSDT,4h,BUY,2.3565,2.2699737190247538,2.5007104682920773,-0.7353587068216958,-0.5187411690617273,True,True,120,120,False,False
XRPUSDT,4h,BUY,2.281,2.18724902303665,2.4372516282722505,-1.0,-0.8194956467730251,True,True,87,120,True,False
XRPUSDT,4h,BUY,2.2053,2.090875128867172,2.3960081185547133,1.6666666666666718,1.4575490040997743,True,True,103,120,True,False
XRPUSDT,4h,SELL,2.5296,2.627910740948384,2.365748765086026,-0.11932892453897337,-0.0,True,True,120,120,False,False
XRPUSDT,4h,SELL,2.526,2.623207220511617,2.3639879658139717,0.0806777055879116,-0.0,True,True,120,120,False,False
XRPUSDT,4h,BUY,2.1098,2.017979792796753,2.2628336786720773,-1.0,-0.8957420469592202,True,True,89,120,True,False
XRPUSDT,4h,BUY,1.9484,1.8314017991983,2.1433970013361665,1.268220889757312,1.3322901490357315,True,True,120,120,False,False
XRPUSDT,4h,SELL,2.2276,2.3261742475853624,2.0633095873577285,-0.045354027687985216,-0.0,True,True,120,120,False,False
XRPUSDT,4h,SELL,2.2164,2.3098999889894203,2.0605666850176334,0.05783273624393689,-0.0,True,True,120,120,False,False
XRPUSDT,4h,BUY,2.0568,1.9921300743251815,2.1645832094580304,-1.0,-0.9209474730243666,True,True,102,120,True,False
XRPUSDT,4h,BUY,2.0297,1.965023210454017,2.137494649243305,1.6666666666666679,1.6666666666666679,True,True,117,115,True,True
XRPUSDT,4h,BUY,1.9208,1.867441965209852,2.0097300579835804,-1.0,-0.8221983727234166,True,True,76,120,True,False
XRPUSDT,4h,BUY,1.8785,1.822148602925996,1.97241899512334,-1.0,-0.9088318485795897,True,True,46,120,True,False
XRPUSDT,4h,SELL,1.9941,2.042976996344904,1.9126383394251607,0.05462097577134572,-0.0,True,True,120,120,False,False
XRPUSDT,4h,SELL,2.2278,2.317681612969287,2.0779973117178545,-0.022986049969907576,-0.0,True,True,120,120,False,False
XRPUSDT,4h,BUY,1.9729,1.9199357537922803,2.0611737436795328,-1.0,-1.0,True,True,41,41,True,True
XRPUSDT,4h,BUY,1.91,1.8587021652616893,1.9954963912305173,-0.8272224723214547,-0.8790672902946578,True,True,120,120,False,False
XRPUSDT,4h,BUY,1.9579,1.902163856781763,2.050793572030395,-0.6602918169316222,-0.5881582741446302,True,True,120,120,False,False
XRPUSDT,4h,BUY,1.8695,1.825510806883928,1.9428153218601203,1.66666666666668,1.5850856658556103,True,True,120,120,True,False
XRPUSDT,4h,BUY,1.8076,1.7544664590161887,1.8961559016396856,-1.0,-0.9598655697243749,True,True,111,120,True,False
XRPUSDT,4h,BUY,1.7588,1.6982659774170197,1.8596900376383003,-0.13467702440074722,-0.1179245622738308,True,True,120,120,False,False
XRPUSDT,4h,BUY,1.6472,1.5654336068653467,1.7834773218910889,-0.628335856985504,-0.684975881815788,True,True,120,120,False,False
XRPUSDT,4h,BUY,1.6,1.521691234760545,1.7305146087324257,-0.857024914093763,-0.8101259354429038,True,True,120,120,False,False
XRPUSDT,4h,BUY,1.6216,1.5379319594959369,1.7610467341734384,-1.0,-0.9060754204308381,True,True,22,120,True,False
XRPUSDT,4h,BUY,1.3684,1.2530145231769867,1.5607091280383556,1.1522964475776831,1.1828088630314177,True,True,120,120,False,False
XRPUSDT,4h,SELL,1.5624,1.6297620847911447,1.4501298586814255,-0.08276420087113473,-0.0,True,True,120,120,False,False
XRPUSDT,4h,BUY,1.3714,1.3304861127077028,1.4395898121538284,-1.0,-1.0,True,True,103,49,True,True
XRPUSDT,4h,BUY,1.3239,1.2712429009073598,1.4116618318210672,1.3687779158951319,1.4377391322334467,True,True,120,120,False,False
XRPUSDT,4h,SELL,1.4698,1.5045315521589142,1.411914079735143,-0.05094120374926041,-0.0,True,True,120,120,False,False
XRPUSDT,4h,SELL,1.5097,1.5569045236246453,1.4310257939589248,0.10524679082835427,-0.0,True,True,120,120,False,False
XRPUSDT,4h,SELL,1.5182,1.5645055533539889,1.4410240777433518,0.09431486558528672,-0.0,True,True,120,120,False,False
XRPUSDT,4h,BUY,1.4115,1.371276102175195,1.4785398297080083,-0.37576315068793337,-0.4946448626730231,True,True,120,120,False,False
XRPUSDT,4h,SELL,1.4308,1.4668494285041502,1.3707176191597497,0.0013430702763397816,-0.0,True,True,120,120,False,False
XRPUSDT,4h,SELL,1.4757,1.5148392675068263,1.4104678874886225,0.05492992784707532,-0.0,True,True,120,120,False,False
XRPUSDT,4h,BUY,1.3691,1.3443636366437528,1.410327272260412,1.6666666666666727,1.6666666666666636,True,True,70,54,True,True
XRPUSDT,4h,SELL,1.4301,1.4565461501938592,1.3860230830102345,-0.019784186052878856,-0.0,True,True,120,120,False,False
XRPUSDT,4h,SELL,1.4734,1.5043152938982272,1.4218745101696215,0.02535846559163476,-0.0,True,True,120,120,False,False
XRPUSDT,4h,BUY,1.3247,1.2949448151078529,1.3742919748202451,1.666666666666664,1.666666666666664,True,True,68,68,True,True
XRPUSDT,4h,BUY,1.2934,1.2647352016306512,1.3411746639489148,1.1354404491568773,1.1875356160418464,True,True,120,120,False,False
XRPUSDT,4h,BUY,1.2433,1.2025215898035633,1.3112640169940617,-1.0,-1.0,True,True,63,63,True,True
XRPUSDT,4h,BUY,1.1689,1.1230295878569836,1.2453506869050277,-1.0,-1.0,True,True,59,59,True,True
XRPUSDT,4h,BUY,1.0934,1.0439352024592057,1.175841329234657,1.6666666666666667,1.6666666666666667,True,True,118,117,True,True
LINKUSDT,1h,BUY,8.32,8.16748479939418,8.574192001009703,-1.0,-0.9562342868983895,True,True,70,120,True,False
LINKUSDT,1h,BUY,8.28,8.139312873685368,8.514478543857718,1.6666666666666667,1.6666666666666667,True,True,63,63,True,True
LINKUSDT,1h,BUY,8.23,8.044679122660467,8.538868128899221,1.666666666666657,1.6028261887276776,True,True,79,120,True,False
LINKUSDT,1h,SELL,8.81,8.959334730623052,8.561108782294914,-0.10268474380499891,-0.0,True,True,120,120,False,False
LINKUSDT,1h,SELL,8.83,8.9759974812923,8.586670864512833,0.09385875146089655,-0.0,True,True,120,120,False,False
LINKUSDT,1h,SELL,8.93,9.053506705353795,8.724155491077003,-0.12261084567669976,-0.0,True,True,120,120,False,False
LINKUSDT,1h,SELL,8.93,9.062360373493837,8.709399377510273,-0.12261084567669374,-0.0,True,True,120,120,False,False
LINKUSDT,1h,SELL,9.14,9.279175079617175,8.908041533971375,0.029998452619564603,-0.0,True,True,120,120,False,False
LINKUSDT,1h,BUY,8.66,8.482800946960067,8.955331755066554,1.66666666666666,1.6135613477443018,True,True,114,120,True,False
LINKUSDT,1h,BUY,8.48,8.343688320340442,8.707186132765932,1.1294026200809988,1.0524391812917906,True,True,120,120,False,False
LINKUSDT,1h,BUY,8.65,8.553167530624428,8.811387448959287,-0.5836917804773621,-0.5604131277980129,True,True,120,120,False,False
LINKUSDT,1h,BUY,8.67,8.575103636099634,8.82816060650061,-1.0,-0.9082486712635687,True,True,84,120,True,False
LINKUSDT,1h,BUY,8.35,8.209099786365334,8.584833689391107,-1.0,-1.0,True,True,63,62,True,True
LINKUSDT,1h,SELL,8.5,8.656999791636526,8.23833368060579,-0.06175168080683394,-0.0,True,True,120,120,False,False
LINKUSDT,1h,SELL,9.27,9.492292877009746,8.899511871650423,0.11371160057076497,-0.0,True,True,120,120,False,False
LINKUSDT,1h,BUY,8.32,8.15322180237225,8.597963662712916,1.6666666666666632,1.6666666666666632,True,True,107,107,True,True
LINKUSDT,1h,SELL,9.06,9.27319240331834,8.70467932780277,0.11654053874532726,-0.0,True,True,120,120,False,False
LINKUSDT,1h,SELL,9.13,9.32849369818686,8.79917716968857,0.03931125271442465,-0.0,True,True,120,120,False,False
LINKUSDT,1h,SELL,9.45,9.661732569747416,9.097112383754304,0.11800017260666786,-0.0,True,True,120,120,False,False
LINKUSDT,1h,BUY,8.79,8.619219717139037,9.074633804768268,-1.0,-1.0,True,True,29,23,True,True
LINKUSDT,1h,BUY,8.61,8.49963740905712,8.793937651571463,-1.0,-0.9373353134482678,True,True,91,120,True,False
LINKUSDT,1h,SELL,8.98,9.151355764691736,8.69440705884711,-0.019679418312608745,-0.0,True,True,120,120,False,False
LINKUSDT,1h,SELL,9.22,9.38859807442848,8.939003209285866,-0.05535121578266876,-0.0,True,True,120,120,False,False
LINKUSDT,1h,SELL,9.37,9.554093280816218,9.0631778653063,0.11602396158463497,-0.0,True,True,120,120,False,False
LINKUSDT,1h,SELL,9.46,9.609989915885476,9.210016806857544,0.03795731492694939,-0.0,True,True,120,120,False,False
LINKUSDT,1h,SELL,9.49,9.645118856044109,9.23146857325982,0.05514480603137682,-0.0,True,True,120,120,False,False
LINKUSDT,1h,SELL,9.58,9.763455204334424,9.274241326109292,0.006790422023886927,-0.0,True,True,120,120,False,False
LINKUSDT,1h,SELL,9.92,10.09897662818126,9.621705619697904,0.05329985328833288,-0.0,True,True,120,120,False,False
LINKUSDT,1h,BUY,9.22,9.037825941407212,9.523623430987982,-1.0,-1.0,True,True,47,40,True,True
LINKUSDT,1h,BUY,9.26,9.106276329050132,9.51620611824978,-1.0,-1.0,True,True,31,30,True,True
LINKUSDT,1h,BUY,9.17,9.027065638778556,9.408223935369072,-0.5471952163882476,-0.6072969205100378,True,True,120,120,False,False
LINKUSDT,1h,BUY,8.97,8.821149994348536,9.218083342752443,-0.6113895646762594,-0.8177852806722834,True,True,120,120,False,False
LINKUSDT,1h,BUY,9.0,8.851756882882155,9.247071861863075,-1.0,-0.9147855688046856,True,True,82,120,True,False
LINKUSDT,1h,BUY,8.86,8.737641082313182,9.06393152947803,-1.0,-0.8971002907593157,True,True,90,120,True,False
LINKUSDT,1h,BUY,8.89,8.764828280157795,9.098619533070345,-1.0,-0.8911891155742797,True,True,34,120,True,False
LINKUSDT,1h,BUY,8.8,8.687502208260998,8.987496319565004,-0.34211664291837757,-0.34242349847617537,True,True,120,120,False,False
LINKUSDT,1h,BUY,8.73,8.611750220750727,8.927082965415456,-0.808578984390924,-1.0,True,True,120,115,False,True
LINKUSDT,1h,SELL,9.05,9.253634886148268,8.710608523086224,0.05524924791894421,-0.0,True,True,120,120,False,False
LINKUSDT,1h,SELL,9.4,9.529205603441438,9.184657327597602,-0.1019715982845758,-0.0,True,True,120,120,False,False
LINKUSDT,1h,BUY,8.99,8.868880947171592,9.191865088047347,-1.0,-1.0,True,True,91,91,True,True
LINKUSDT,1h,BUY,8.91,8.780767186285475,9.12538802285754,-1.0,-1.0,True,True,44,45,True,True
LINKUSDT,1h,BUY,8.57,8.451689981362252,8.767183364396246,-1.0,-0.8900447648806108,True,True,92,120,True,False
LINKUSDT,1h,BUY,8.54,8.440975036476237,8.705041605872935,-1.0,-1.0,True,True,43,43,True,True
LINKUSDT,1h,SELL,8.75,8.871046351707063,8.548256080488226,-0.004554386816744101,-0.0,True,True,120,120,False,False
LINKUSDT,1h,SELL,8.84,8.965616145645185,8.630639757258024,0.06417219140741062,-0.0,True,True,120,120,False,False
LINKUSDT,1h,SELL,8.83,8.96096494190835,8.611725096819418,0.11304340373907112,-0.0,True,True,120,120,False,False
LINKUSDT,1h,SELL,9.06,9.21609404627632,8.799843256206135,0.1165405387453347,-0.0,True,True,120,120,False,False
LINKUSDT,1h,BUY,8.55,8.392596078650142,8.812339868916432,1.1316900928253397,1.057614640783781,True,True,120,120,False,False
LINKUSDT,1h,BUY,8.49,8.364592322382727,8.699012796028788,1.0467554851546714,0.9639544959076026,True,True,120,120,False,False
LINKUSDT,1h,BUY,8.56,8.489857091047234,8.67690484825461,-1.0,-1.0,True,True,110,110,True,True
LINKUSDT,1h,BUY,8.54,8.466402628524573,8.662662285792374,1.6666666666666425,1.5768125055740632,True,True,79,120,True,False
LINKUSDT,1h,SELL,8.92,9.0448010171353,8.7119983047745,0.0696746034461436,-0.0,True,True,120,120,False,False
LINKUSDT,1h,SELL,8.93,9.05030715548333,8.729488074194451,-0.1226108456767013,-0.0,True,True,120,120,False,False
LINKUSDT,1h,SELL,9.02,9.139813968065406,8.820310053224322,0.10303758058492911,-0.0,True,True,120,120,False,False
LINKUSDT,1h,SELL,9.01,9.129365413939922,8.811057643433461,0.04717830876003677,-0.0,True,True,120,120,False,False
LINKUSDT,1h,SELL,9.22,9.402018721987046,8.916635463354925,-0.03616656350448921,-0.0,True,True,120,120,False,False
LINKUSDT,1h,SELL,9.19,9.29884920765262,9.008584653912298,0.14507506859898198,-0.0,True,True,120,120,False,False
LINKUSDT,1h,BUY,8.72,8.615590292214295,8.894016179642845,1.666666666666678,1.617360328350827,True,True,81,120,True,False
LINKUSDT,1h,SELL,9.22,9.38994658928261,8.936755684528984,-0.03616656350449059,-0.0,True,True,120,120,False,False
LINKUSDT,1h,SELL,9.54,9.728897178794847,9.225171368675252,0.0160655371005435,-0.0,True,True,120,120,False,False
LINKUSDT,1h,SELL,9.76,9.93582382730012,9.466960287833134,0.03997589876427089,-0.0,True,True,120,120,False,False
LINKUSDT,1h,BUY,9.29,9.164205143280231,9.499658094532943,-0.5838550146550086,-0.48208649502111695,True,True,120,120,False,False
LINKUSDT,1h,BUY,9.23,9.113039528221636,9.42493411963061,-1.0,-1.0,True,True,49,49,True,True
LINKUSDT,1h,BUY,9.21,9.095992078394795,9.40001320267534,-1.0,-1.0,True,True,111,111,True,True
LINKUSDT,1h,BUY,9.21,9.10063782753053,9.39227028744912,1.311813114547115,1.3768454008439064,True,True,120,120,False,False
LINKUSDT,1h,SELL,9.44,9.508053552751836,9.326577412080274,-0.017889389872864248,-0.0,True,True,120,120,False,False
LINKUSDT,1h,BUY,9.2,9.096622288489716,9.372296185850471,1.666666666666661,1.5731386179973474,True,True,111,120,True,False
LINKUSDT,1h,SELL,9.3,9.400338331180572,9.132769448032382,0.015694113276656648,-0.0,True,True,120,120,False,False
LINKUSDT,1h,SELL,9.43,9.577458821242406,9.18423529792932,0.012212176577698663,-0.0,True,True,120,120,False,False
LINKUSDT,1h,SELL,9.42,9.582869178607792,9.148551368987013,-0.09395699351909204,-0.0,True,True,120,120,False,False
LINKUSDT,1h,SELL,9.69,9.830772049119796,9.455379918133673,-0.1396578181606254,-0.0,True,True,120,120,False,False
LINKUSDT,1h,SELL,9.79,9.915665250054632,9.580557916575613,0.020212120189908932,-0.0,True,True,120,120,False,False
LINKUSDT,1h,SELL,9.83,9.953328291404802,9.624452847658665,0.10798378646437674,-0.0,True,True,120,120,False,False
LINKUSDT,1h,SELL,9.97,10.126721436704162,9.708797605493064,-0.11284967386211193,-0.0,True,True,120,120,False,False
LINKUSDT,1h,SELL,10.46,10.615678884050208,10.200535193249657,0.05201744074933467,-0.0,True,True,120,120,False,False
LINKUSDT,1h,SELL,10.54,10.712497196254231,10.252504672909607,-0.08776619691272108,-0.0,True,True,120,120,False,False
LINKUSDT,1h,BUY,10.33,10.187122271878351,10.568129546869413,-0.48870922999897026,-0.4837972111362262,True,True,120,120,False,False
LINKUSDT,1h,BUY,10.25,10.093537587933096,10.510770686778171,1.4534205726258094,1.3352707065513578,True,True,120,120,False,False
LINKUSDT,1h,SELL,10.65,10.797950201504555,10.403416330825744,0.1027568390419483,-0.0,True,True,120,120,False,False
LINKUSDT,1h,BUY,9.75,9.627793262570403,9.953677895715993,-0.6567798184893933,-0.528127174561908,True,True,120,120,False,False
LINKUSDT,1h,BUY,9.73,9.62927982212846,9.897866963119236,-0.8738636312059141,-1.0,True,True,120,111,False,True
LINKUSDT,1h,BUY,9.54,9.40696783782677,9.761720270288714,-1.0,-0.9501841818743789,True,True,44,120,True,False
LINKUSDT,1h,BUY,9.51,9.380633683020616,9.725610528298974,-1.0,-1.0,True,True,99,98,True,True
LINKUSDT,1h,SELL,9.966,10.086064463902876,9.765892560161868,-0.0661390102276077,-0.0,True,True,120,120,False,False
LINKUSDT,1h,BUY,9.267,9.146205120469908,9.468324799216818,1.4862490736020764,1.3753445412508856,True,True,120,120,False,False
LINKUSDT,1h,SELL,9.622,9.77925479753706,9.359908670771564,0.06546796423028227,-0.0,True,True,120,120,False,False
LINKUSDT,1h,BUY,8.923,8.785837379913863,9.15160436681023,1.0099304957399016,0.9727036888892348,True,True,120,120,False,False
LINKUSDT,1h,BUY,8.608,8.444718731916875,8.880135446805209,-0.27214206246409467,-0.35999083254477743,True,True,120,120,False,False
LINKUSDT,1h,BUY,8.538,8.361897118447466,8.831504802587556,-1.0,-1.0,True,True,120,112,True,True
LINKUSDT,1h,BUY,8.37,8.183621204676404,8.680631325539325,-0.8112786364249859,-0.7737990864605064,True,True,120,120,False,False
LINKUSDT,1h,BUY,8.446,8.240446106351506,8.78858982274749,-0.628013107427652,-0.7495625322388643,True,True,120,120,False,False
LINKUSDT,1h,BUY,7.629,7.383997414545684,8.037337642423859,-1.0,-1.0,True,True,21,19,True,True
LINKUSDT,1h,SELL,7.77,7.927404752206158,7.507658746323069,0.027039939460994845,-0.0,True,True,120,120,False,False
LINKUSDT,1h,SELL,7.905,8.083347917157262,7.607753471404564,0.04841095273481757,-0.0,True,True,120,120,False,False
LINKUSDT,4h,BUY,15.11,14.21008088751318,16.609865187478032,-1.0,-0.8436744029253187,True,True,42,120,True,False
LINKUSDT,4h,BUY,14.61,13.622779769438576,16.255367050935707,1.205478774925782,1.3212151130161096,True,True,120,120,False,False
LINKUSDT,4h,SELL,16.8,17.799265396462967,15.134557672561725,0.1253988274397952,-0.0,True,True,120,120,False,False
LINKUSDT,4h,BUY,13.05,12.06137093110099,14.697715114831686,1.4045935862644356,1.558275135167079,True,True,120,120,False,False
LINKUSDT,4h,SELL,15.3,15.832321039305102,14.412798267824831,0.016229793913337263,-0.0,True,True,120,120,False,False
LINKUSDT,4h,BUY,13.67,13.11669245419651,14.592179243005814,-1.0,-1.0,True,True,44,44,True,True
LINKUSDT,4h,BUY,13.56,13.00571378780949,14.48381035365085,-0.7480966581419025,-0.6872603447138087,True,True,120,120,False,False
LINKUSDT,4h,BUY,11.29,10.4707651348186,12.655391441969,-1.0,-1.0,True,True,107,107,True,True
LINKUSDT,4h,SELL,13.28,13.673367446761546,12.624387588730755,-0.034247634059472815,-0.0,True,True,120,120,False,False
LINKUSDT,4h,SELL,13.45,13.854946530807258,12.775089115321236,-0.13199903168261085,-0.0,True,True,120,120,False,False
LINKUSDT,4h,SELL,14.57,15.129580526965508,13.637365788390824,-0.026176149517351054,-0.0,True,True,120,120,False,False
LINKUSDT,4h,BUY,13.39,12.969597435526484,14.090670940789195,1.6666666666666694,1.5488917293865265,True,True,102,120,True,False
LINKUSDT,4h,SELL,16.1,16.74813367517864,15.019777208035606,-0.012339946903856756,-0.0,True,True,120,120,False,False
LINKUSDT,4h,SELL,16.45,17.201015772182167,15.198307046363054,-0.02640307123834282,-0.0,True,True,120,120,False,False
LINKUSDT,4h,SELL,17.14,17.93078312436176,15.822028126063737,0.11123953148181265,-0.0,True,True,120,120,False,False
LINKUSDT,4h,BUY,14.26,13.633794576352871,15.303675706078549,-1.0,-1.0,True,True,40,41,True,True
LINKUSDT,4h,BUY,13.87,13.250178310446888,14.903036149255186,-1.0,-0.9473218744606219,True,True,100,120,True,False
LINKUSDT,4h,BUY,13.19,12.66871000943856,14.058816650935732,1.6666666666666643,1.5391810687954872,True,True,111,120,True,False
LINKUSDT,4h,SELL,15.18,15.684885532751217,14.338524112081306,-0.013706796520307997,-0.0,True,True,120,120,False,False
LINKUSDT,4h,SELL,15.15,15.701967627729369,14.230053953784392,0.04658697252920665,-0.0,True,True,120,120,False,False
LINKUSDT,4h,BUY,11.65,11.098661677408362,12.568897204319398,1.6666666666666687,1.4753064190809353,True,True,94,120,True,False
LINKUSDT,4h,SELL,14.33,14.718620353342285,13.682299411096196,0.05801059139085904,-0.0,True,True,120,120,False,False
LINKUSDT,4h,SELL,15.28,15.83041978445061,14.362633692582314,-0.012669242773327037,-0.0,True,True,120,120,False,False
LINKUSDT,4h,SELL,15.98,16.58023950167883,14.979600830535286,-0.10370869894258399,-0.0,True,True,120,120,False,False
LINKUSDT,4h,SELL,16.67,17.331015696686848,15.56830717218859,0.05304554108887435,-0.0,True,True,120,120,False,False
LINKUSDT,4h,SELL,17.92,18.8083336819762,16.439443863373004,-0.03669046568838937,-0.0,True,True,120,120,False,False
LINKUSDT,4h,SELL,19.27,20.152639133758147,17.798934777069753,0.07625739388864186,-0.0,True,True,120,120,False,False
LINKUSDT,4h,SELL,19.79,20.679918557352835,18.306802404411943,-0.08764059415787008,-0.0,True,True,120,120,False,False
LINKUSDT,4h,BUY,15.9,15.19111695750768,17.081471737487202,1.6666666666666674,1.5959122929863006,True,True,66,120,True,False
LINKUSDT,4h,SELL,21.95,22.98855052617006,20.21908245638324,0.10738254677448426,-0.0,True,True,120,120,False,False
LINKUSDT,4h,SELL,23.42,24.72447940855426,21.24586765240957,0.1012412795650512,-0.0,True,True,120,120,False,False
LINKUSDT,4h,SELL,23.41,24.798078083306745,21.09653652782209,-0.13960274367671285,-0.0,True,True,120,120,False,False
LINKUSDT,4h,SELL,25.46,26.80303053245488,23.22161577924187,0.03392045224723783,-0.0,True,True,120,120,False,False
LINKUSDT,4h,SELL,25.16,25.81137358894493,24.07437735175845,0.13690924749395064,-0.0,True,True,120,120,False,False
LINKUSDT,4h,SELL,24.83,25.52549559454945,23.670840675750902,-0.07325375235591837,-0.0,True,True,120,120,False,False
LINKUSDT,4h,BUY,21.65,20.894202784830696,22.90966202528217,-1.0,-0.8257858842743534,True,True,55,120,True,False
LINKUSDT,4h,BUY,20.88,20.16441580900508,22.07264031832487,-1.0,-0.9125967613722592,True,True,71,120,True,False
LINKUSDT,4h,BUY,20.55,19.76586061675808,21.856898972069875,1.4797244427899958,1.54798186278215,True,True,120,120,False,False
LINKUSDT,4h,BUY,20.6,19.80296493258655,21.92839177902242,1.666666666666668,1.666666666666668,True,True,107,107,True,True
LINKUSDT,4h,BUY,18.77,16.921451527394566,21.85091412100905,-0.3677478172858465,-0.26655690396371207,True,True,120,120,False,False
LINKUSDT,4h,BUY,16.53,15.411796799046298,18.393672001589504,1.3112704782808742,1.312375783666408,True,True,120,120,False,False
LINKUSDT,4h,BUY,16.8,15.97503618062146,18.174939698964234,-1.0,-1.0,True,True,97,91,True,True
LINKUSDT,4h,BUY,15.43,14.592083973611777,16.826526710647038,-1.0,-0.9612999048204377,True,True,101,120,True,False
LINKUSDT,4h,BUY,15.06,14.161567303777504,16.5573878270375,-1.0,-1.0,True,True,72,30,True,True
LINKUSDT,4h,BUY,14.68,13.653590876967629,16.39068187172062,1.6666666666666683,1.666666666666665,True,True,51,51,True,True
LINKUSDT,4h,BUY,12.12,11.337879764895511,13.423533725174146,1.6666666666666667,1.6089415924047568,True,True,104,120,True,False
LINKUSDT,4h,BUY,12.2,11.772412143562358,12.912646427396067,-0.7085064379476022,-0.6064226810045491,True,True,120,120,False,False
LINKUSDT,4h,BUY,12.07,11.643564874851222,12.780725208581297,0.9372868821698185,1.0685822796698894,True,True,120,120,False,False
LINKUSDT,4h,SELL,14.2,14.768217598469178,13.252970669218032,-0.06722307603864709,-0.0,True,True,120,120,False,False
LINKUSDT,4h,BUY,12.85,12.349107294480014,13.684821175866643,-0.42037536315109125,-0.49356027598180396,True,True,120,120,False,False
LINKUSDT,4h,BUY,12.29,11.845106122301432,13.031489796164278,-0.7158918966919161,-0.8355018179370867,True,True,120,120,False,False
LINKUSDT,4h,BUY,11.93,11.38685610448114,12.835239825864766,0.9120681649267364,0.9109313994382625,True,True,120,120,False,False
LINKUSDT,4h,SELL,13.01,13.342135920793972,12.456440132010044,0.005318211744414767,-0.0,True,True,120,120,False,False
LINKUSDT,4h,SELL,13.39,13.69815094232645,12.876415096122583,0.11213422482538705,-0.0,True,True,120,120,False,False
LINKUSDT,4h,SELL,13.58,13.91855962838601,13.015733952689985,-0.027120300139936288,-0.0,True,True,120,120,False,False
LINKUSDT,4h,SELL,13.79,14.178022178449318,13.143296369251134,-0.04602674204129152,-0.0,True,True,120,120,False,False
LINKUSDT,4h,SELL,13.63,14.064331565980089,12.906114056699856,-0.04722005373758646,-0.0,True,True,120,120,False,False
LINKUSDT,4h,SELL,13.87,14.220645157381858,13.285591404363569,-0.030434233189422604,-0.0,True,True,120,120,False,False
LINKUSDT,4h,SELL,14.11,14.491077773603475,13.474870377327536,0.04354908009061226,-0.0,True,True,120,120,False,False
LINKUSDT,4h,BUY,12.94,12.575925412471005,13.546790979214991,-1.0,-1.0,True,True,89,89,True,True
LINKUSDT,4h,BUY,12.44,12.060897597076528,13.071837338205787,-0.6931665192226094,-0.7306925065426526,True,True,120,120,False,False
LINKUSDT,4h,BUY,11.7,11.39001957696892,12.216634038385134,-1.0,-1.0,True,True,63,62,True,True
LINKUSDT,4h,BUY,11.13,10.76392716702719,11.74012138828802,-0.6475884080717405,-0.6040102568355296,True,True,120,120,False,False
LINKUSDT,4h,BUY,10.91,10.486455243029368,11.61590792828439,-0.5668575467424029,-0.5932312761168829,True,True,120,120,False,False
LINKUSDT,4h,BUY,9.93,9.36482568855272,10.871957185745464,-1.0,-1.0,True,True,44,45,True,True
LINKUSDT,4h,BUY,8.33,7.672315138292903,9.426141436178495,1.6666666666666663,1.509033302375802,True,True,55,120,True,False
LINKUSDT,4h,BUY,8.35,8.08658322042326,8.789027965961232,-1.0,-1.0,True,True,55,51,True,True
LINKUSDT,4h,SELL,9.27,9.633320264210736,8.664466226315437,0.0037969116780030123,-0.0,True,True,120,120,False,False
LINKUSDT,4h,SELL,9.66,9.939672759428166,9.193878734286391,-0.12662823802005307,-0.0,True,True,120,120,False,False
LINKUSDT,4h,SELL,9.83,10.132132540660866,9.326445765565223,0.06086110729917787,-0.0,True,True,120,120,False,False
LINKUSDT,4h,BUY,8.91,8.65158420391839,9.340692993469352,-1.0,-1.0,True,True,34,34,True,True
LINKUSDT,4h,BUY,8.7,8.46187129522073,9.096881174632117,1.2311367547883383,1.6666666666666667,True,True,120,107,False,True
LINKUSDT,4h,BUY,8.97,8.671996167817875,9.466673053636876,1.6666666666666667,1.6666666666666667,True,True,119,119,True,True
LINKUSDT,4h,BUY,8.57,8.306244009857766,9.009593316903723,-1.0,-1.0,True,True,100,98,True,True
LINKUSDT,4h,BUY,8.6,8.353827743193685,9.010287094677192,-1.0,-1.0,True,True,40,35,True,True
LINKUSDT,4h,SELL,8.99,9.202141551339516,8.636430747767474,0.11752730807642528,-0.0,True,True,120,120,False,False
LINKUSDT,4h,SELL,9.59,9.8718163133681,9.120306144386502,0.1343085503231483,-0.0,True,True,120,120,False,False
LINKUSDT,4h,SELL,9.86,10.113234983344196,9.43794169442634,0.03489584662533411,-0.0,True,True,120,120,False,False
LINKUSDT,4h,SELL,10.34,10.620610327182398,9.872316121362667,0.05446881298163199,-0.0,True,True,120,120,False,False
LINKUSDT,4h,SELL,10.72,11.01597218160462,10.226713030658964,-0.09749759726055438,-0.0,True,True,120,120,False,False
LINKUSDT,4h,BUY,9.51,9.224464848046972,9.985891919921713,1.5279162459942783,1.6666666666666687,True,True,120,120,False,True
LINKUSDT,4h,BUY,8.899,8.64038143146722,9.330030947554633,-1.0,-1.0,True,True,101,76,True,True
LINKUSDT,4h,BUY,8.547,8.211886670171838,9.105522216380272,-1.0,-1.0,True,True,41,41,True,True
LINKUSDT,4h,BUY,8.047,7.665912434893109,8.68214594184482,-0.28349430157874284,-0.376252553473776,True,True,120,120,False,False
LINKUSDT,4h,BUY,7.382,6.964186731700072,8.078355447166546,1.3011472493267433,1.3400853701268378,True,True,120,120,False,False
LINKUSDT,4h,BUY,7.394,7.008334477843429,8.036775870260952,1.1494292700154665,1.0628649963648678,True,True,120,120,False,False
