sym,tf,dir,ts,entry,sl,tp,ob,ob_real,rA,rB,fillB,avgFillB,resolvedA,resolvedB
BTCUSDT,1h,BUY,2026-02-11 07:00:00,67032.72,66014.98550811064,68728.94415314894,66693.47516937021,False,1.6666666666666667,1.833333333333333,1.0,66863.0975846851,True,True
BTCUSDT,1h,BUY,2026-02-11 11:00:00,67053.03,66113.47081169688,68618.96198050518,66739.84360389896,False,1.6666666666666512,1.833333333333315,1.0,66896.43680194949,True,True
BTCUSDT,1h,SELL,2026-02-13 19:00:00,68938.91,69901.17071102114,67335.14214829811,69259.66357034039,False,-1.0,-0.8333333333333283,1.0,69099.2867851702,True,True
BTCUSDT,1h,SELL,2026-02-14 12:00:00,69640.2,70346.06406917286,68463.7598847119,69875.48802305762,False,-1.0,-0.8333333333333298,1.0,69757.8440115288,True,True
BTCUSDT,1h,SELL,2026-02-15 08:00:00,70446.52,71207.66469905815,69177.94550156976,70518.57,True,1.6666666666666667,1.713996694773782,1.0,70482.54500000001,True,True
BTCUSDT,1h,SELL,2026-02-20 10:00:00,67948.99,68558.00477332663,66933.96537778898,68151.99492444222,False,1.6666666666666587,0.5555555555555529,0.3333333333333333,67948.99,True,True
BTCUSDT,1h,BUY,2026-02-23 06:00:00,65757.32,65037.897285503896,66956.35785749352,65517.5124285013,False,-1.0,-0.8333333333333316,1.0,65637.41621425065,True,True
BTCUSDT,1h,BUY,2026-02-23 20:00:00,64473.14,63595.04999640405,65936.62333932659,64180.44333213468,False,-1.0,-0.8333333333333305,1.0,64326.791666067336,True,True
BTCUSDT,1h,BUY,2026-02-24 08:00:00,63392.15,62493.41400974502,64890.04331709164,63092.57133658168,False,1.6666666666666694,1.833333333333333,1.0,63242.36066829084,True,True
BTCUSDT,1h,BUY,2026-02-24 10:00:00,63284.5,62432.00126350463,64705.33122749228,63000.333754501546,False,1.666666666666661,1.8333333333333277,1.0,63142.41687725077,True,True
BTCUSDT,1h,BUY,2026-02-24 14:00:00,63453.99,62589.86564262171,64894.19726229714,63165.94854754057,False,1.666666666666664,1.166666666666664,0.6666666666666666,63381.97963688513,True,True
BTCUSDT,1h,SELL,2026-02-25 02:00:00,65884.83,66827.75179024914,64313.29368291812,66199.13726341639,False,-1.0,-0.8333333333333308,1.0,66041.9836317082,True,True
BTCUSDT,1h,SELL,2026-02-25 22:00:00,68432.13,69559.06826763685,66553.89955393861,68807.77608921229,False,1.6666666666666623,1.8333333333333288,1.0,68619.95304460614,True,True
BTCUSDT,1h,BUY,2026-02-28 07:00:00,63826.0,62868.15758849953,65422.40401916744,63506.71919616651,False,1.666666666666664,1.833333333333332,1.0,63666.35959808325,True,True
BTCUSDT,1h,BUY,2026-02-28 09:00:00,63658.54,62718.46465538991,65225.332241016826,63345.18155179664,False,1.6666666666666692,1.166666666666668,0.6666666666666666,63580.20038794916,True,True
BTCUSDT,1h,SELL,2026-03-02 17:00:00,69198.0,70543.84441023249,66954.92598294586,69646.61480341083,False,1.666666666666663,1.1666666666666647,0.6666666666666666,69310.15370085271,True,True
BTCUSDT,1h,SELL,2026-03-04 22:00:00,72705.86,73970.33405030037,70598.40324949939,73419.465,True,1.6666666666666627,1.9488412988113424,1.0,73062.6625,True,True
BTCUSDT,1h,BUY,2026-03-07 00:00:00,68290.45,67461.70588115216,69671.69019807974,68014.20196038405,False,-1.0,-0.8333333333333303,1.0,68152.32598019202,True,True
BTCUSDT,1h,BUY,2026-03-07 07:00:00,67842.67,67142.01537060352,69010.42771566079,67609.11845686784,False,-1.0,-0.8333333333333401,1.0,67725.89422843393,True,True
BTCUSDT,1h,BUY,2026-03-07 09:00:00,68000.0,67327.54975832651,69120.75040278916,67775.84991944217,False,-1.0,-0.8333333333333369,1.0,67887.92495972109,True,True
BTCUSDT,1h,BUY,2026-03-07 20:00:00,67402.98,66831.89224084491,68354.79293192513,67212.61741361496,False,-1.0,-0.8333333333333333,1.0,67307.79870680747,True,True
BTCUSDT,1h,BUY,2026-03-08 03:00:00,67000.26,66467.50680632645,67888.18198945592,66822.67560210881,False,1.666666666666685,1.833333333333356,1.0,66911.4678010544,True,True
BTCUSDT,1h,BUY,2026-03-08 05:00:00,67149.93,66567.79663402637,68120.1522766227,66955.88554467545,False,1.6666666666666583,1.166666666666658,0.6666666666666666,67101.41888616886,True,True
BTCUSDT,1h,SELL,2026-03-13 11:00:00,72228.82,73064.07157342994,70836.73404428344,72507.23719114331,False,-1.0,-0.8333333333333333,1.0,72368.02859557167,True,True
BTCUSDT,1h,SELL,2026-03-13 14:00:00,72382.72,73370.92157318717,70735.71737802139,72712.12052439572,False,1.6666666666666667,1.833333333333333,1.0,72547.42026219786,True,True
BTCUSDT,1h,SELL,2026-03-16 00:00:00,72531.26,73219.91804203522,71383.49659660795,72760.8126806784,False,-1.0,-0.8333333333333368,1.0,72646.0363403392,True,True
BTCUSDT,1h,SELL,2026-03-16 06:00:00,73714.36,74598.57405578817,72240.66990701972,74009.09801859605,False,-1.0,-0.8333333333333361,1.0,73861.72900929803,True,True
BTCUSDT,1h,SELL,2026-03-17 02:00:00,75198.02,76172.50797899811,73573.87336833648,75522.84932633271,False,1.6666666666666767,0.5555555555555588,0.3333333333333333,75198.02,True,True
BTCUSDT,1h,BUY,2026-03-18 17:00:00,71595.21,70723.2511958469,73048.47467358853,71304.55706528231,False,-1.0,-0.8333333333333388,1.0,71449.88353264115,True,True
BTCUSDT,1h,BUY,2026-03-18 21:00:00,71263.67,70360.72459299726,72768.57901167123,70962.68819766575,False,-1.0,-0.8333333333333306,1.0,71113.17909883286,True,True
BTCUSDT,1h,BUY,2026-03-18 23:00:00,71246.54,70404.01625620681,72650.74623965529,70965.69875206893,False,-1.0,-0.8333333333333304,1.0,71106.11937603446,True,True
BTCUSDT,1h,BUY,2026-03-19 01:00:00,71115.23,70329.73478213752,72424.38869643747,70853.3982607125,False,-1.0,-0.8333333333333333,1.0,70984.31413035624,True,True
BTCUSDT,1h,BUY,2026-03-19 09:00:00,70513.0,69709.48414427256,71852.19309287907,70245.16138142419,False,-1.0,-0.8333333333333303,1.0,70379.08069071209,True,True
BTCUSDT,1h,BUY,2026-03-19 13:00:00,69905.65,69047.98237126636,71335.09604788938,69619.76079042212,False,-1.0,-0.8333333333333361,1.0,69762.70539521106,True,True
BTCUSDT,1h,BUY,2026-03-22 02:00:00,69278.12,68655.35235469516,70316.06607550805,69070.53078489838,False,-1.0,-0.8333333333333295,1.0,69174.32539244919,True,True
BTCUSDT,1h,BUY,2026-03-22 12:00:00,68654.83,68054.89719284073,69654.71801193213,68454.85239761358,False,-1.0,-0.8333333333333374,1.0,68554.84119880678,True,True
BTCUSDT,1h,BUY,2026-03-22 22:00:00,68339.37,67674.26205468058,69447.88324219901,68117.66735156019,False,-1.0,-0.8333333333333333,1.0,68228.5186757801,True,True
BTCUSDT,1h,BUY,2026-03-23 01:00:00,67905.0,67176.07992679783,69119.86678867028,67662.02664226595,False,1.6666666666666534,1.833333333333313,1.0,67783.51332113297,True,True
BTCUSDT,1h,SELL,2026-03-23 15:00:00,70131.48,71360.84673189609,68082.53544683984,70541.26891063203,False,-1.0,-0.8333333333333294,1.0,70336.37445531602,True,True
BTCUSDT,1h,BUY,2026-03-26 12:00:00,69436.42,68777.94335706625,70533.88107155623,69216.92778568875,False,-1.0,-0.8333333333333369,1.0,69326.67389284438,True,True
BTCUSDT,1h,BUY,2026-03-26 20:00:00,69005.21,68217.38921052834,70318.24464911944,68742.60307017612,False,-1.0,-0.8333333333333303,1.0,68873.90653508806,True,True
BTCUSDT,1h,BUY,2026-03-27 23:00:00,66407.28,65687.25655956744,67607.3190673876,66167.27218652247,False,-1.0,-0.8333333333333265,1.0,66287.27609326123,True,True
BTCUSDT,1h,SELL,2026-04-06 06:00:00,68976.67,69516.11652178103,68077.59246369828,69156.48550726034,False,-1.0,-0.8333333333333333,1.0,69066.57775363018,True,True
BTCUSDT,1h,SELL,2026-04-06 12:00:00,69366.75,69930.29456903737,68427.50905160439,69554.59818967912,False,-1.0,-0.8333333333333376,1.0,69460.67409483955,True,True
BTCUSDT,1h,SELL,2026-04-06 16:00:00,69799.14,70410.23450935226,68780.64915107956,70002.83816978408,False,1.6666666666666743,1.1666666666666663,0.6666666666666666,69850.06454244602,True,True
BTCUSDT,1h,SELL,2026-04-08 02:00:00,71364.94,72294.46728145969,69815.72786423386,71674.78242715323,False,-1.0,-0.8333333333333333,1.0,71519.86121357662,True,True
BTCUSDT,1h,SELL,2026-04-08 07:00:00,71627.59,72415.03841808846,70315.17596985254,71890.0728060295,False,-1.0,-0.833333333333327,1.0,71758.83140301474,True,True
BTCUSDT,1h,SELL,2026-04-08 09:00:00,71678.87,72417.32963090281,70448.1039484953,71925.02321030093,False,-1.0,-0.83333333333333,1.0,71801.94660515046,True,True
BTCUSDT,1h,SELL,2026-04-11 20:00:00,73290.43,73782.25384329315,72470.72359451141,73454.37128109772,False,1.6666666666666567,1.8333333333333235,1.0,73372.40064054885,True,True
BTCUSDT,1h,BUY,2026-04-12 16:00:00,70936.27,70445.64255143797,71753.98241427005,70772.72751714599,False,1.666666666666637,1.8333333333333035,1.0,70854.498758573,True,True
BTCUSDT,1h,SELL,2026-04-13 15:00:00,71866.59,72518.84742328487,70779.49429452521,72084.00914109495,False,-1.0,-0.8333333333333334,1.0,71975.29957054748,True,True
BTCUSDT,1h,SELL,2026-04-13 20:00:00,73149.36,73902.10700055913,71894.78166573479,73400.27566685305,False,-1.0,-0.8333333333333302,1.0,73274.81783342652,True,True
BTCUSDT,1h,SELL,2026-04-14 05:00:00,74210.11,74910.56934451353,73042.67775914414,74405.64,True,-1.0,-0.8604273027895744,1.0,74307.875,True,True
BTCUSDT,1h,SELL,2026-04-14 09:00:00,74500.0,75182.65168142572,73362.24719762379,74579.32,True,-1.0,-0.9419030215860986,1.0,74539.66,True,True
BTCUSDT,1h,SELL,2026-04-14 14:00:00,75013.62,75760.75265488635,73768.39890852274,75262.66421829545,False,1.66666666666666,1.83333333333333,1.0,75138.14210914772,True,True
BTCUSDT,1h,SELL,2026-04-17 17:00:00,77520.59,78452.76466042934,75966.96556595109,78052.49,True,1.6666666666666667,0.5555555555555555,0.3333333333333333,77520.59,True,True
BTCUSDT,1h,BUY,2026-04-19 10:00:00,75222.45,74734.29596779833,76036.04005366945,75059.7319892661,False,1.6666666666666865,0.5555555555555621,0.3333333333333333,75222.45,True,True
BTCUSDT,1h,BUY,2026-04-20 00:00:00,74280.01,73620.76665533788,75378.74890777019,74060.26221844596,False,1.666666666666674,1.1666666666666703,0.6666666666666666,74225.07305461148,True,True
BTCUSDT,1h,SELL,2026-04-22 16:00:00,78743.59,79519.45963916976,77450.47393471705,79002.21321305659,False,1.6666666666666792,1.8333333333333488,1.0,78872.90160652829,True,True
BTCUSDT,1h,SELL,2026-04-22 19:00:00,78846.62,79570.19584812535,77640.66025312441,79087.81194937511,False,1.6666666666666463,0.5555555555555488,0.3333333333333333,78846.62,True,True
BTCUSDT,1h,SELL,2026-04-27 04:00:00,78924.22,79539.32477965727,77899.0453672379,79129.25492655243,False,1.6666666666666587,0.5555555555555529,0.3333333333333333,78924.22,True,True
BTCUSDT,1h,BUY,2026-04-27 17:00:00,76743.24,76081.19850762544,77846.64248729096,76522.55950254182,False,-1.0,-0.8333333333333369,1.0,76632.89975127092,True,True
BTCUSDT,1h,BUY,2026-04-28 15:00:00,76066.38,75501.97643881569,77007.05260197388,75878.24547960523,False,1.6666666666666925,1.166666666666688,0.6666666666666666,76019.34636990131,True,True
BTCUSDT,1h,SELL,2026-05-01 16:00:00,78214.36,78901.69207221243,77068.8065463126,78443.47069073748,False,-1.0,-0.8333333333333368,1.0,78328.91534536873,True,True
BTCUSDT,1h,SELL,2026-05-03 23:00:00,78568.57,79036.8836115679,77788.04731405352,78822.83,True,-1.0,-0.7285366112371278,1.0,78695.70000000001,True,True
BTCUSDT,1h,SELL,2026-05-04 05:00:00,80027.26,80674.65329344377,78948.2711775937,80458.0,True,1.6666666666666592,0.555555555555553,0.3333333333333333,80027.26,True,True
BTCUSDT,1h,SELL,2026-05-05 16:00:00,81285.75,81953.01326310802,80173.64456148664,81508.17108770268,False,-1.0,-0.8333333333333296,1.0,81396.96054385134,True,True
BTCUSDT,1h,SELL,2026-05-06 12:00:00,82220.47,82870.17050415541,81137.63582640764,82437.03683471847,False,1.6666666666666892,0.555555555555563,0.3333333333333333,82220.47,True,True
BTCUSDT,1h,SELL,2026-05-10 18:00:00,81271.96,81611.52280902199,80706.02198496336,81500.0,True,1.6666666666666952,1.2230393484117217,0.6666666666666666,81328.97000000002,True,True
BTCUSDT,1h,SELL,2026-05-11 00:00:00,81471.13,82139.62768886192,80356.96718523014,81500.0,True,1.6666666666666812,1.6882598602416248,1.0,81485.565,True,True
BTCUSDT,1h,BUY,2026-05-12 17:00:00,80527.69,79918.61763776866,81542.81060371888,80324.66587925622,False,-1.0,-0.8333333333333293,1.0,80426.1779396281,True,True
BTCUSDT,1h,BUY,2026-05-13 14:00:00,79756.01,79185.56867901333,80706.74553497777,79565.86289300444,False,-1.0,-0.8333333333333333,1.0,79660.93644650221,True,True
BTCUSDT,1h,BUY,2026-05-13 17:00:00,79514.97,78865.93135488058,80596.70107519905,79298.62378496019,False,1.6666666666666816,1.833333333333352,1.0,79406.7968924801,True,True
BTCUSDT,1h,SELL,2026-05-14 17:00:00,81668.48,82432.96380406045,80394.3403265659,81923.30793468682,False,1.6666666666666794,1.833333333333349,1.0,81795.8939673434,True,True
BTCUSDT,1h,BUY,2026-05-15 14:00:00,79150.37,78374.39042628957,80443.66928951738,78891.71014209652,False,-1.0,-0.8333333333333302,1.0,79021.04007104825,True,True
BTCUSDT,1h,BUY,2026-05-16 14:00:00,78130.55,77629.02981880106,78966.4169686649,77963.37660626702,False,-1.0,-0.8333333333333284,1.0,78046.9633031335,True,True
BTCUSDT,1h,BUY,2026-05-17 02:00:00,77895.51,77504.38091461736,78547.39180897106,77765.13363820578,False,1.6666666666666914,0.5555555555555638,0.3333333333333333,77895.51,True,True
BTCUSDT,1h,BUY,2026-05-18 04:00:00,77038.49,76502.70558894335,77931.46401842775,76735.16,True,-1.0,-0.7169290541677178,1.0,76886.82500000001,True,True
BTCUSDT,1h,BUY,2026-05-18 07:00:00,77073.69,76554.25188006871,77939.42019988548,76707.61,True,-1.0,-0.6476192389880537,1.0,76890.65,True,True
BTCUSDT,1h,BUY,2026-05-18 11:00:00,77285.83,76756.18820847153,78168.56631921411,76862.11656677723,True,-1.0,-0.6000000000000072,1.0,77073.97328338861,True,True
BTCUSDT,1h,BUY,2026-05-23 03:00:00,75635.22,75138.23130865234,76463.53448557944,75469.55710288411,False,-1.0,-0.8333333333333284,1.0,75552.38855144205,True,True
BTCUSDT,1h,BUY,2026-05-23 13:00:00,75213.9,74738.76125994563,76005.79790009059,75055.52041998187,False,1.6666666666666563,1.1666666666666563,0.6666666666666666,75174.30510499547,True,True
BTCUSDT,1h,SELL,2026-05-23 21:00:00,76804.99,77446.32874025349,75736.09209957754,77318.0609922028,True,-1.0,-0.6,1.0,77061.5254961014,True,True
BTCUSDT,1h,BUY,2026-05-27 15:00:00,75326.01,74732.35832600843,76315.42945665261,75128.12610866947,False,-1.0,-0.8333333333333292,1.0,75227.06805433473,True,True
BTCUSDT,1h,BUY,2026-05-27 23:00:00,74449.3,73807.12220183987,75519.5963302669,74235.24073394663,False,-1.0,-0.833333333333337,1.0,74342.2703669733,True,True
BTCUSDT,1h,BUY,2026-05-28 07:00:00,73498.0,72820.58070274822,74627.03216208631,73272.19356758274,False,-1.0,-0.8333333333333369,1.0,73385.09678379138,True,True
BTCUSDT,1h,BUY,2026-05-28 09:00:00,73541.24,72894.63680492066,74618.91199179892,73325.70560164022,False,-1.0,-0.8333333333333257,1.0,73433.4728008201,True,True
BTCUSDT,1h,BUY,2026-05-28 14:00:00,73033.06,72330.26645550292,74204.38257416179,72798.79548516763,False,1.66666666666666,1.8333333333333264,1.0,72915.92774258382,True,True
BTCUSDT,1h,BUY,2026-05-28 16:00:00,73440.67,72712.01196928568,74655.10005119051,73197.7839897619,False,-1.0,-0.8333333333333334,1.0,73319.22699488094,True,True
BTCUSDT,1h,BUY,2026-06-01 17:00:00,71646.01,70955.46817625866,72796.91303956888,71415.82939208622,False,-1.0,-0.8333333333333333,1.0,71530.9196960431,True,True
BTCUSDT,1h,BUY,2026-06-01 19:00:00,71595.24,70939.45159075366,72688.22068207727,71376.64386358456,False,-1.0,-0.8333333333333296,1.0,71485.94193179227,True,True
BTCUSDT,1h,BUY,2026-06-01 22:00:00,71408.0,70741.08637568723,72519.52270718795,71185.6954585624,False,-1.0,-0.8333333333333296,1.0,71296.8477292812,True,True
BTCUSDT,1h,BUY,2026-06-02 02:00:00,70846.49,70132.90077509379,72035.8053748437,70608.62692503126,False,-1.0,-0.8333333333333299,1.0,70727.55846251563,True,True
BTCUSDT,1h,BUY,2026-06-03 04:00:00,66465.98,65453.75844930567,68153.01591782387,66128.57281643522,False,-1.0,-0.8333333333333345,1.0,66297.27640821761,True,True
BTCUSDT,1h,BUY,2026-06-03 21:00:00,65768.88,64812.23375030106,67363.2904161649,65449.997916767024,False,-1.0,-0.8333333333333334,1.0,65609.43895838351,True,True
BTCUSDT,1h,BUY,2026-06-04 02:00:00,63231.99,61899.62651010466,65452.59581649223,62787.86883670155,False,-1.0,-0.8333333333333324,1.0,63009.929418350766,True,True
BTCUSDT,1h,SELL,2026-06-07 09:00:00,62530.0,63337.62414571847,61183.95975713588,62799.20804857282,False,-1.0,-0.8333333333333347,1.0,62664.60402428641,True,True
BTCUSDT,1h,BUY,2026-06-09 16:00:00,61390.51,60584.02547542627,62734.65087428955,61121.68182514209,False,1.09052309523838,1.257189761905045,1.0,61256.09591257104,False,False
ETHUSDT,1h,BUY,2026-02-11 11:00:00,1953.66,1920.794003526008,2008.4366607899867,1942.704667842003,False,1.6666666666666643,1.833333333333332,1.0,1948.1823339210011,True,True
ETHUSDT,1h,BUY,2026-02-11 17:00:00,1929.88,1886.0708912800687,2002.8951811998847,1915.2769637600231,False,1.6666666666666614,1.833333333333328,1.0,1922.578481880012,True,True
ETHUSDT,1h,SELL,2026-02-13 23:00:00,2048.72,2079.436880866673,1997.525198555544,2058.958960288891,False,-1.0,-0.8333333333333308,1.0,2053.8394801444456,True,True
ETHUSDT,1h,SELL,2026-02-14 02:00:00,2050.22,2077.484097035015,2004.7798382749747,2059.308032345005,False,-1.0,-0.833333333333336,1.0,2054.764016172502,True,True
ETHUSDT,1h,SELL,2026-02-14 12:00:00,2070.97,2097.0451554148626,2027.511407641895,2079.6617184716206,False,-1.0,-0.8333333333333333,1.0,2075.3158592358104,True,True
ETHUSDT,1h,BUY,2026-02-15 14:00:00,2010.32,1977.0161567270711,2065.8264054548813,1999.218718909024,False,-1.0,-0.8333333333333321,1.0,2004.769359454512,True,True
ETHUSDT,1h,BUY,2026-02-15 22:00:00,1970.27,1935.1381108689136,2028.8231485518104,1958.5593702896376,False,1.6666666666666643,1.8333333333333317,1.0,1964.414685144819,True,True
ETHUSDT,1h,BUY,2026-02-19 14:00:00,1936.87,1909.1509835621437,1983.0683607297608,1927.630327854048,False,-1.0,-0.833333333333332,1.0,1932.250163927024,True,True
ETHUSDT,1h,BUY,2026-02-22 18:00:00,1942.95,1927.462352259782,1968.7627462336968,1937.7874507532608,False,-1.0,-0.8333333333333284,1.0,1940.3687253766304,True,True
ETHUSDT,1h,BUY,2026-02-23 06:00:00,1879.52,1855.3208536637756,1919.8519105603743,1871.453617887925,False,1.6666666666666636,0.5555555555555545,0.3333333333333333,1879.52,True,True
ETHUSDT,1h,BUY,2026-02-24 07:00:00,1825.7,1795.4826614332885,1876.06223094452,1815.627553811096,False,1.666666666666664,1.833333333333332,1.0,1820.663776905548,True,True
ETHUSDT,1h,BUY,2026-02-24 14:00:00,1834.73,1804.2112743087637,1885.594542818728,1824.5570914362545,False,1.6666666666666667,1.1666666666666654,0.6666666666666666,1832.186772859064,True,True
ETHUSDT,1h,SELL,2026-02-25 03:00:00,1906.14,1938.2328534213816,1852.651910964364,1928.19,True,-1.0,-0.6564655733399307,1.0,1917.165,True,True
ETHUSDT,1h,SELL,2026-02-25 23:00:00,2057.48,2104.89961828751,1978.4473028541504,2073.28653942917,False,1.6666666666666698,1.8333333333333348,1.0,2065.383269714585,True,True
ETHUSDT,1h,SELL,2026-02-26 01:00:00,2058.34,2103.933573931577,1982.3507101140376,2073.79,True,1.6666666666666683,1.8360984381613283,1.0,2066.065,True,True
ETHUSDT,1h,SELL,2026-02-26 05:00:00,2066.13,2107.917865474276,1996.4835575428733,2080.0592884914254,False,1.666666666666672,1.833333333333337,1.0,2073.0946442457125,True,True
ETHUSDT,1h,BUY,2026-02-27 15:00:00,1948.59,1912.866644157072,2008.12892640488,1936.682214719024,False,-1.0,-0.8333333333333344,1.0,1942.636107359512,True,True
ETHUSDT,1h,BUY,2026-02-27 23:00:00,1929.84,1896.916333521336,1984.71277746444,1918.865444507112,False,-1.0,-0.8333333333333333,1.0,1924.352722253556,True,True
ETHUSDT,1h,BUY,2026-02-28 10:00:00,1865.09,1828.7518451859555,1925.653591356741,1852.977281728652,False,1.666666666666675,0.5555555555555584,0.3333333333333333,1865.09,True,True
ETHUSDT,1h,SELL,2026-03-01 04:00:00,2015.7,2060.8535563387727,1940.444072768712,2030.7511854462573,False,1.6666666666666683,1.1666666666666674,0.6666666666666666,2019.4627963615644,True,True
ETHUSDT,1h,SELL,2026-03-02 17:00:00,2041.01,2092.403204359914,1955.3546594001432,2058.141068119972,False,1.6666666666666667,1.833333333333334,1.0,2049.5755340599853,True,True
ETHUSDT,1h,SELL,2026-03-04 11:00:00,2054.97,2098.6942357406288,1982.0962737656184,2069.544745246876,False,-1.0,-0.833333333333335,1.0,2062.2573726234377,True,True
ETHUSDT,1h,SELL,2026-03-04 22:00:00,2132.11,2179.2246782175084,2053.585536304153,2158.39,True,1.6666666666666698,1.9455606440241744,1.0,2145.25,True,True
ETHUSDT,1h,BUY,2026-03-06 19:00:00,1983.75,1947.810878646202,2043.6485355896632,1966.24,True,-1.0,-0.7563935992254065,1.0,1974.995,True,True
ETHUSDT,1h,BUY,2026-03-06 21:00:00,1983.77,1949.441803526572,2040.9836607890463,1966.24,True,-1.0,-0.7446705361645025,1.0,1975.005,True,True
ETHUSDT,1h,BUY,2026-03-08 03:00:00,1947.67,1926.6889645029396,1982.6383924951008,1940.67632150098,False,-1.0,-0.8333333333333315,1.0,1944.1731607504896,True,True
ETHUSDT,1h,SELL,2026-03-13 02:00:00,2105.81,2143.1603542341104,2043.5594096098157,2118.2601180780366,False,-1.0,-0.8333333333333374,1.0,2112.035059039018,True,True
ETHUSDT,1h,SELL,2026-03-13 14:00:00,2151.14,2192.381101153987,2082.4048314100214,2164.887033717996,False,1.6666666666666667,1.833333333333333,1.0,2158.0135168589977,True,True
ETHUSDT,1h,SELL,2026-03-16 08:00:00,2243.54,2281.774153065001,2179.816411558332,2256.284717688334,False,-1.0,-0.8333333333333294,1.0,2249.912358844167,True,True
ETHUSDT,1h,SELL,2026-03-16 15:00:00,2273.88,2315.5090054881853,2204.4983241863583,2280.0,True,-1.0,-0.9264935598601216,1.0,2276.94,True,True
ETHUSDT,1h,SELL,2026-03-17 03:00:00,2320.0,2364.775349562907,2245.374417395155,2355.33,True,1.66666666666666,2.0611917831078275,1.0,2337.665,True,True
ETHUSDT,1h,BUY,2026-03-18 17:00:00,2204.02,2165.7984864513787,2267.722522581036,2191.2794954837927,False,-1.0,-0.8333333333333294,1.0,2197.649747741896,True,True
ETHUSDT,1h,BUY,2026-03-18 21:00:00,2202.49,2162.2500534032124,2269.556577661312,2170.29804272257,True,-1.0,-0.6000000000000006,1.0,2186.394021361285,True,True
ETHUSDT,1h,BUY,2026-03-19 17:00:00,2126.96,2087.9567834342265,2191.965360942956,2113.958927811409,False,-1.0,-0.8333333333333353,1.0,2120.459463905704,True,True
ETHUSDT,1h,BUY,2026-03-22 02:00:00,2102.29,2077.000454692144,2144.43924217976,2093.860151564048,False,-1.0,-0.8333333333333394,1.0,2098.075075782024,True,True
ETHUSDT,1h,BUY,2026-03-22 12:00:00,2082.44,2057.5055651985567,2123.9973913357385,2074.1285217328523,False,-1.0,-0.8333333333333303,1.0,2078.284260866426,True,True
ETHUSDT,1h,BUY,2026-03-22 22:00:00,2062.67,2035.475099008775,2107.994834985375,2053.605033002925,False,-1.0,-0.8333333333333333,1.0,2058.1375165014624,True,True
ETHUSDT,1h,SELL,2026-03-23 15:00:00,2128.45,2178.169323452216,2045.584460912973,2156.59,True,-1.0,-0.7170114349298723,1.0,2142.52,True,True
ETHUSDT,1h,BUY,2026-03-26 20:00:00,2064.89,2035.666227579196,2113.596287368006,2055.1487425263986,False,-1.0,-0.8333333333333294,1.0,2060.019371263199,True,True
ETHUSDT,1h,BUY,2026-03-27 19:00:00,1991.71,1962.922373497846,2039.6893775035896,1982.114124499282,False,1.6666666666666587,1.833333333333324,1.0,1986.912062249641,True,True
ETHUSDT,1h,SELL,2026-03-30 09:00:00,2055.16,2081.4950807059,2011.2681988234997,2063.9383602353,False,-1.0,-0.8333333333333304,1.0,2059.549180117649,True,True
ETHUSDT,1h,SELL,2026-03-30 13:00:00,2060.92,2087.4276392659626,2016.740601223396,2069.755879755321,False,1.666666666666661,1.8333333333333304,1.0,2065.3379398776606,True,True
ETHUSDT,1h,BUY,2026-04-02 13:00:00,2038.81,2010.3115256915776,2086.307457180704,2038.63,True,1.6666666666666614,1.6698247304642493,1.0,2038.72,True,True
ETHUSDT,1h,BUY,2026-04-05 13:00:00,2036.63,2023.129236181505,2059.131273030825,2032.129745393835,False,1.666666666666661,0.5555555555555537,0.3333333333333333,2036.63,True,True
ETHUSDT,1h,SELL,2026-04-06 16:00:00,2140.62,2165.878083915099,2098.5231934748344,2141.0,True,1.6666666666666727,1.6741890108254265,1.0,2140.81,True,True
ETHUSDT,1h,SELL,2026-04-08 13:00:00,2236.06,2267.221547707757,2184.1240871537384,2260.76,True,1.666666666666657,0.5555555555555522,0.3333333333333333,2236.06,True,True
ETHUSDT,1h,SELL,2026-04-11 20:00:00,2298.32,2324.431848927883,2254.8002517868617,2307.023949642628,False,1.6666666666666785,1.833333333333348,1.0,2302.671974821314,True,True
ETHUSDT,1h,BUY,2026-04-12 15:00:00,2186.47,2162.146718298958,2227.0088028350688,2178.362239432986,False,1.666666666666648,1.8333333333333115,1.0,2182.416119716493,True,True
ETHUSDT,1h,SELL,2026-04-14 14:00:00,2353.05,2387.1485342927426,2296.219109512096,2378.06,True,1.6666666666666667,2.0333979722601017,1.0,2365.555,True,True
ETHUSDT,1h,SELL,2026-04-17 18:00:00,2419.99,2456.490172743944,2359.1563787600926,2432.1567242479814,False,1.6666666666666623,1.8333333333333317,1.0,2426.0733621239906,True,True
ETHUSDT,1h,BUY,2026-04-19 10:00:00,2318.01,2296.113038213675,2354.5049363105422,2310.711012737892,False,-1.0,-0.8333333333333368,1.0,2314.360506368946,True,True
ETHUSDT,1h,BUY,2026-04-19 19:00:00,2299.65,2275.3350229130388,2340.174961811602,2291.54500763768,False,-1.0,-0.8333333333333333,1.0,2295.59750381884,True,True
ETHUSDT,1h,BUY,2026-04-20 00:00:00,2280.01,2253.722643722577,2323.822260462373,2271.2475479075256,False,1.6666666666666785,1.833333333333348,1.0,2275.628773953763,True,True
ETHUSDT,1h,SELL,2026-04-22 08:00:00,2388.22,2419.254519431876,2336.4958009468733,2398.564839810625,False,-1.0,-0.8333333333333333,1.0,2393.3924199053126,True,True
ETHUSDT,1h,SELL,2026-04-22 14:00:00,2403.17,2432.2754540279047,2354.660909953492,2412.871818009301,False,1.6666666666666718,1.8333333333333384,1.0,2408.020909004651,True,True
ETHUSDT,1h,SELL,2026-04-26 16:00:00,2342.92,2354.777952177336,2323.1567463711067,2346.872650725779,False,-1.0,-0.8333333333333268,1.0,2344.896325362889,True,True
ETHUSDT,1h,SELL,2026-04-26 22:00:00,2361.89,2379.301410600352,2332.870982332746,2367.6938035334506,False,-1.0,-0.8333333333333289,1.0,2364.791901766725,True,True
ETHUSDT,1h,SELL,2026-04-27 04:00:00,2382.84,2404.061356233436,2347.4710729442745,2389.913785411145,False,1.6666666666666594,0.5555555555555531,0.3333333333333333,2382.84,True,True
ETHUSDT,1h,BUY,2026-04-27 17:00:00,2287.08,2262.047879958468,2328.80020006922,2278.735959986156,False,-1.0,-0.8333333333333333,1.0,2282.907979993078,True,True
ETHUSDT,1h,SELL,2026-04-29 10:00:00,2333.68,2356.086592910809,2296.3356784819844,2341.1488643036027,False,1.6666666666666734,0.5555555555555578,0.3333333333333333,2333.68,True,True
ETHUSDT,1h,BUY,2026-04-29 20:00:00,2240.42,2209.8047364785984,2291.445439202336,2230.214912159533,False,1.6666666666666567,1.1666666666666592,0.6666666666666666,2237.8687280398835,True,True
ETHUSDT,1h,SELL,2026-05-01 14:00:00,2308.04,2329.726137439419,2271.896437600969,2315.2687124798063,False,-1.0,-0.8333333333333367,1.0,2311.654356239903,True,True
ETHUSDT,1h,SELL,2026-05-02 23:00:00,2316.97,2330.841567086954,2293.8507215217437,2321.593855695651,False,-1.0,-0.8333333333333334,1.0,2319.281927847825,True,True
ETHUSDT,1h,SELL,2026-05-04 05:00:00,2376.19,2401.622480424126,2333.8025326264565,2384.667493474709,False,1.6666666666666785,0.5555555555555595,0.3333333333333333,2376.19,True,True
ETHUSDT,1h,BUY,2026-05-07 17:00:00,2299.6,2275.8937699141266,2339.110383476456,2291.6979233047086,False,-1.0,-0.8333333333333269,1.0,2295.648961652354,True,True
ETHUSDT,1h,BUY,2026-05-07 23:00:00,2291.06,2270.0526287623084,2326.0722853961524,2285.37,True,-1.0,-0.8645713465140545,1.0,2288.215,True,True
ETHUSDT,1h,BUY,2026-05-08 04:00:00,2281.63,2261.418345873453,2315.3160902109125,2281.04,True,1.6666666666666816,1.6812622063564588,1.0,2281.335,True,True
ETHUSDT,1h,BUY,2026-05-08 07:00:00,2281.35,2261.7756307886207,2313.973948685632,2281.04,True,1.6666666666666667,1.6745851849252238,1.0,2281.195,True,True
ETHUSDT,1h,SELL,2026-05-10 20:00:00,2328.76,2348.6983316953365,2295.52944717444,2333.59,True,-1.0,-0.8788765260352825,1.0,2331.175,True,True
ETHUSDT,1h,BUY,2026-05-12 09:00:00,2292.84,2273.028481464953,2325.859197558412,2286.2361604883176,False,-1.0,-0.8333333333333257,1.0,2289.5380802441587,True,True
ETHUSDT,1h,BUY,2026-05-12 17:00:00,2276.59,2255.107022296384,2312.3949628393607,2269.429007432128,False,1.6666666666666807,0.5555555555555602,0.3333333333333333,2276.59,True,True
ETHUSDT,1h,BUY,2026-05-13 16:00:00,2250.75,2225.68288884673,2292.528518588784,2242.3942962822434,False,1.6666666666666727,1.833333333333333,1.0,2246.572148141122,True,True
ETHUSDT,1h,BUY,2026-05-16 17:00:00,2178.91,2161.5808634025966,2207.791894329005,2172.3,True,-1.0,-0.8092807462493494,1.0,2175.605,True,True
ETHUSDT,1h,BUY,2026-05-17 02:00:00,2174.5,2160.461979782503,2197.896700362495,2172.3,True,1.666666666666656,0.5555555555555519,0.3333333333333333,2174.5,True,True
ETHUSDT,1h,BUY,2026-05-18 11:00:00,2133.9,2114.035016667198,2167.00830555467,2127.278338889066,False,-1.0,-0.8333333333333371,1.0,2130.589169444533,True,True
ETHUSDT,1h,BUY,2026-05-22 21:00:00,2078.18,2056.637277795748,2114.0845370070865,2070.9990925985826,False,-1.0,-0.8333333333333368,1.0,2074.589546299291,True,True
ETHUSDT,1h,BUY,2026-05-23 01:00:00,2068.93,2047.470282073208,2104.696196544653,2057.79,True,-1.0,-0.7404439322547657,1.0,2063.36,True,True
ETHUSDT,1h,BUY,2026-05-23 13:00:00,2044.89,2026.672069465489,2075.253217557519,2038.8173564884964,False,1.6666666666666707,1.1666666666666663,0.6666666666666666,2043.3718391221244,True,True
ETHUSDT,1h,SELL,2026-05-23 21:00:00,2116.84,2145.040455186689,2069.839241355518,2139.400364149352,True,1.6666666666666612,1.2444444444444418,0.6666666666666666,2122.4800910373383,True,True
ETHUSDT,1h,BUY,2026-05-28 00:00:00,2028.23,2004.7170577329557,2067.4182371117413,2020.392352577652,False,-1.0,-0.8333333333333316,1.0,2024.3111762888257,True,True
ETHUSDT,1h,BUY,2026-05-28 07:00:00,1995.56,1970.8377092614844,2036.7638178975255,1987.3192364204947,False,-1.0,-0.8333333333333317,1.0,1991.4396182102475,True,True
ETHUSDT,1h,BUY,2026-05-28 09:00:00,1994.04,1970.4639176795447,2033.3334705340912,1984.915,True,-1.0,-0.8064776014104118,1.0,1989.4775,True,True
ETHUSDT,1h,BUY,2026-05-28 14:00:00,1993.62,1969.1213565069452,2034.451072488424,1984.915,True,1.666666666666673,1.8443295646648383,1.0,1989.2675,True,True
ETHUSDT,1h,BUY,2026-06-03 05:00:00,1873.45,1837.811487225428,1932.8475212909532,1861.5704957418093,False,-1.0,-0.8333333333333311,1.0,1867.5102478709043,True,True
ETHUSDT,1h,BUY,2026-06-03 18:00:00,1832.25,1802.1599590514256,1882.400068247624,1822.2199863504752,False,-1.0,-0.8333333333333333,1.0,1827.2349931752372,True,True
ETHUSDT,1h,BUY,2026-06-03 21:00:00,1850.1,1810.3522576661744,1916.3462372230424,1836.8507525553916,False,-1.0,-0.8333333333333343,1.0,1843.475376277696,True,True
ETHUSDT,1h,BUY,2026-06-05 07:00:00,1679.21,1633.4678759093752,1755.446873484375,1663.9626253031252,False,-1.0,-0.8333333333333341,1.0,1671.5863126515626,True,True
ETHUSDT,1h,BUY,2026-06-05 09:00:00,1682.72,1638.351969534104,1756.66671744316,1667.930656511368,False,-1.0,-0.8333333333333316,1.0,1675.325328255684,True,True
ETHUSDT,1h,BUY,2026-06-05 16:00:00,1608.49,1558.8197301219036,1691.2737831301606,1591.9332433739678,False,-1.0,-0.8333333333333333,1.0,1600.2116216869836,True,True
ETHUSDT,1h,BUY,2026-06-05 19:00:00,1574.06,1522.3238199992063,1660.2869666679894,1556.814606666402,False,-1.0,-0.833333333333334,1.0,1565.4373033332008,True,True
ETHUSDT,1h,BUY,2026-06-06 05:00:00,1566.71,1514.8237822385804,1653.187029602366,1549.4145940795268,False,1.6666666666666652,1.833333333333332,1.0,1558.0622970397633,True,True
ETHUSDT,1h,SELL,2026-06-07 09:00:00,1633.52,1663.3340446387062,1583.8299256021562,1643.4580148795687,False,-1.0,-0.833333333333332,1.0,1638.4890074397842,True,True
ETHUSDT,1h,SELL,2026-06-08 02:00:00,1683.9,1717.7236923075816,1627.5271794873645,1695.1745641025273,False,1.6666666666666667,1.833333333333333,1.0,1689.5372820512634,True,True
SOLUSDT,1h,BUY,2026-02-11 07:00:00,81.0,79.37094404690413,83.71509325515979,80.45698134896804,False,-1.0,-0.8333333333333334,1.0,80.72849067448402,True,True
SOLUSDT,1h,BUY,2026-02-11 11:00:00,81.26,79.7862733736888,83.71621104385201,80.7687577912296,False,-1.0,-0.8333333333333349,1.0,81.0143788956148,True,True
SOLUSDT,1h,BUY,2026-02-11 18:00:00,79.81,77.82424209174907,83.11959651375156,79.1480806972497,False,-1.0,-0.8333333333333344,1.0,79.47904034862484,True,True
SOLUSDT,1h,BUY,2026-02-12 21:00:00,77.34,75.63361254011905,80.18397909980159,76.77120418003969,False,1.6666666666666612,1.1666666666666623,0.6666666666666666,77.19780104500992,True,True
SOLUSDT,1h,SELL,2026-02-13 23:00:00,84.33,85.92818739288525,81.66635434519125,84.86272913096175,False,-1.0,-0.8333333333333304,1.0,84.59636456548087,True,True
SOLUSDT,1h,SELL,2026-02-14 02:00:00,84.89,86.33653888563006,82.47910185728323,85.37217962854335,False,-1.0,-0.8333333333333349,1.0,85.13108981427168,True,True
SOLUSDT,1h,SELL,2026-02-14 04:00:00,84.83,86.15716873301776,82.61805211163707,85.27238957767258,False,-1.0,-0.8333333333333351,1.0,85.05119478883628,True,True
SOLUSDT,1h,SELL,2026-02-14 10:00:00,85.83,86.99815509947076,83.88307483421538,86.21938503315693,False,-1.0,-0.8333333333333334,1.0,86.02469251657845,True,True
SOLUSDT,1h,SELL,2026-02-14 12:00:00,86.42,87.69103679495184,84.30160534174695,86.84367893165062,False,-1.0,-0.8333333333333333,1.0,86.63183946582531,True,True
SOLUSDT,1h,SELL,2026-02-14 23:00:00,88.06,89.35220907980155,85.90631820033076,88.49073635993385,False,-1.0,-0.8333333333333333,1.0,88.27536817996693,True,True
SOLUSDT,1h,SELL,2026-02-15 08:00:00,89.67,91.2984246326728,86.95595894554536,90.21280821089093,False,1.6666666666666607,1.8333333333333248,1.0,89.94140410544546,True,True
SOLUSDT,1h,BUY,2026-02-18 20:00:00,81.32,79.8247061616474,83.81215639725431,80.82156872054912,False,-1.0,-0.8333333333333317,1.0,81.07078436027456,True,True
SOLUSDT,1h,SELL,2026-02-21 16:00:00,86.13,87.17557311701901,84.38737813830163,86.47852437233966,False,1.6666666666666712,1.833333333333338,1.0,86.30426218616984,True,True
SOLUSDT,1h,BUY,2026-02-22 18:00:00,83.22,82.37182515051899,84.63362474913501,82.937275050173,False,-1.0,-0.8333333333333333,1.0,83.07863752508649,True,True
SOLUSDT,1h,BUY,2026-02-23 06:00:00,79.09,77.71863432411978,81.37560945980037,77.99290745929582,True,-1.0,-0.6,1.0,78.54145372964791,True,True
SOLUSDT,1h,BUY,2026-02-24 07:00:00,76.84,75.33545025637574,79.34758290604046,76.33848341879191,False,1.666666666666673,1.83333333333334,1.0,76.58924170939596,True,True
SOLUSDT,1h,SELL,2026-02-25 05:00:00,81.3,82.88133839222706,78.66443601295488,81.98,True,-1.0,-0.7849922561349016,1.0,81.64,True,True
SOLUSDT,1h,SELL,2026-02-26 02:00:00,88.2,90.20982378864844,84.85029368558595,89.355,True,1.6666666666666643,1.2068906521272167,0.6666666666666666,88.48875000000001,True,True
SOLUSDT,1h,SELL,2026-02-26 05:00:00,87.76,89.70692341970138,84.51512763383103,89.3175387357611,True,1.666666666666674,1.244444444444448,0.6666666666666666,88.14938468394028,True,True
SOLUSDT,1h,BUY,2026-02-27 15:00:00,82.7,81.00768513350766,85.52052477748722,81.34614810680614,True,-1.0,-0.6000000000000011,1.0,82.02307405340306,True,True
SOLUSDT,1h,BUY,2026-02-27 22:00:00,81.43,79.87312796708241,84.02478672152934,81.11,True,-1.0,-0.8972298322424357,1.0,81.27,True,True
SOLUSDT,1h,BUY,2026-02-28 09:00:00,78.42,76.66052306207632,81.35246156320615,77.83350768735878,False,1.6666666666666747,1.1666666666666734,0.6666666666666666,78.27337692183968,True,True
SOLUSDT,1h,SELL,2026-03-01 05:00:00,87.26,89.33777510572175,83.79704149046377,87.95259170190725,False,1.6666666666666667,0.5555555555555555,0.3333333333333333,87.26,True,True
SOLUSDT,1h,SELL,2026-03-02 17:00:00,87.61,89.92933708485089,83.7444381919152,88.38311236161697,False,1.6666666666666643,1.1666666666666656,0.6666666666666666,87.80327809040425,True,True
SOLUSDT,1h,SELL,2026-03-04 10:00:00,90.15,92.40060028795769,86.39899952007057,90.9002000959859,False,-1.0,-0.8333333333333333,1.0,90.52510004799296,True,True
SOLUSDT,1h,SELL,2026-03-04 16:00:00,91.55,93.99410652267504,87.4764891288749,92.36470217422502,False,-1.0,-0.8333333333333343,1.0,91.9573510871125,True,True
SOLUSDT,1h,SELL,2026-03-04 20:00:00,92.87,95.22939416894322,88.93767638509466,93.65646472298108,False,1.6666666666666627,0.5555555555555541,0.3333333333333333,92.87,True,True
SOLUSDT,1h,BUY,2026-03-06 18:00:00,85.28,83.59306429629353,88.09155950617743,84.71768809876451,False,-1.0,-0.8333333333333334,1.0,84.99884404938226,True,True
SOLUSDT,1h,BUY,2026-03-07 17:00:00,83.61,82.64451559559201,85.21914067401332,83.28817186519734,False,-1.0,-0.8333333333333381,1.0,83.44908593259868,True,True
SOLUSDT,1h,BUY,2026-03-07 20:00:00,83.02,82.01283919953194,84.69860133411343,82.6842797331773,False,-1.0,-0.8333333333333334,1.0,82.85213986658866,True,True
SOLUSDT,1h,BUY,2026-03-08 05:00:00,82.5,81.50925664203903,84.15123892993493,82.16975221401302,False,-1.0,-0.8333333333333357,1.0,82.3348761070065,True,True
SOLUSDT,1h,SELL,2026-03-13 02:00:00,89.09,90.93739498759716,86.01100835400474,89.70579832919906,False,-1.0,-0.8333333333333346,1.0,89.39789916459952,True,True
SOLUSDT,1h,SELL,2026-03-13 14:00:00,90.69,92.45856845067776,87.74238591553707,91.27952281689258,False,1.6666666666666614,1.1666666666666623,0.6666666666666666,90.83738070422316,True,True
SOLUSDT,1h,SELL,2026-03-16 02:00:00,91.48,92.89267703499628,89.12553827500619,91.95089234499876,False,-1.0,-0.8333333333333334,1.0,91.71544617249938,True,True
SOLUSDT,1h,SELL,2026-03-16 08:00:00,92.86,94.4585291287024,90.195784785496,93.3928430429008,False,-1.0,-0.8333333333333333,1.0,93.1264215214504,True,True
SOLUSDT,1h,SELL,2026-03-17 00:00:00,95.49,97.24540793684818,92.56432010525302,96.0751359789494,False,1.6666666666666667,1.8333333333333348,1.0,95.78256798947469,True,True
SOLUSDT,1h,BUY,2026-03-18 17:00:00,89.94,88.39379679491016,92.5170053418164,89.42459893163672,False,-1.0,-0.8333333333333348,1.0,89.68229946581836,True,True
SOLUSDT,1h,BUY,2026-03-22 02:00:00,88.16,87.05950267583087,89.99416220694853,87.79316755861029,False,-1.0,-0.8333333333333355,1.0,87.97658377930514,True,True
SOLUSDT,1h,BUY,2026-03-22 22:00:00,86.75,85.65965656983248,88.56723905027921,86.38655218994415,False,-1.0,-0.833333333333331,1.0,86.56827609497208,True,True
SOLUSDT,1h,SELL,2026-03-23 15:00:00,89.95,91.93452052228058,86.64246579619905,90.6115068407602,False,-1.0,-0.8333333333333309,1.0,90.28075342038012,True,True
SOLUSDT,1h,BUY,2026-03-26 21:00:00,86.84,85.54596434747138,88.9967260875477,86.40865478249046,False,-1.0,-0.8333333333333315,1.0,86.62432739124523,True,True
SOLUSDT,1h,BUY,2026-03-27 23:00:00,83.11,81.91907540311196,85.09487432814674,82.63,True,-1.0,-0.7984759063444193,1.0,82.87,True,True
SOLUSDT,1h,BUY,2026-04-02 05:00:00,79.26,77.68817979009552,81.87970034984082,78.73605993003184,False,-1.0,-0.8333333333333318,1.0,78.99802996501592,True,True
SOLUSDT,1h,BUY,2026-04-02 14:00:00,79.07,77.55338330998036,81.59769448336604,78.56446110332678,False,1.6666666666666636,1.833333333333332,1.0,78.81723055166339,True,True
SOLUSDT,1h,BUY,2026-04-05 13:00:00,79.21,78.52941274737209,80.34431208771315,78.98313758245736,False,1.666666666666646,1.1666666666666528,0.6666666666666666,79.15328439561434,True,True
SOLUSDT,1h,SELL,2026-04-06 01:00:00,81.69,82.74772863668439,79.92711893885935,82.04257621222813,False,-1.0,-0.833333333333331,1.0,81.86628810611406,True,True
SOLUSDT,1h,SELL,2026-04-08 04:00:00,84.49,85.86569427746808,82.19717620421986,85.04,True,1.6666666666666632,1.1777441328282432,0.6666666666666666,84.6275,True,True
SOLUSDT,1h,BUY,2026-04-12 02:00:00,82.67,81.44856411277571,84.70572647870715,82.26285470425857,False,-1.0,-0.8333333333333334,1.0,82.46642735212927,True,True
SOLUSDT,1h,BUY,2026-04-12 16:00:00,81.88,81.01781319264258,83.31697801226235,81.59260439754752,False,1.6666666666666612,1.8333333333333304,1.0,81.73630219877376,True,True
SOLUSDT,1h,SELL,2026-04-14 00:00:00,85.91,87.26800697215961,83.64665504640064,86.36266899071987,False,-1.0,-0.8333333333333333,1.0,86.13633449535993,True,True
SOLUSDT,1h,SELL,2026-04-14 14:00:00,86.02,87.19107518278453,84.06820802869245,86.27,True,1.6666666666666543,1.7734061841951363,1.0,86.145,True,True
SOLUSDT,1h,SELL,2026-04-16 21:00:00,88.93,90.5435900567918,86.24068323868032,89.46786335226395,False,-1.0,-0.8333333333333318,1.0,89.19893167613196,True,True
SOLUSDT,1h,BUY,2026-04-18 19:00:00,86.13,85.19074296613243,87.69542838977928,85.81691432204414,False,-1.0,-0.8333333333333334,1.0,85.97345716102207,True,True
SOLUSDT,1h,BUY,2026-04-19 11:00:00,85.6,84.70212762864954,87.09645395225077,85.24,True,1.6666666666666772,0.555555555555559,0.3333333333333333,85.6,True,True
SOLUSDT,1h,BUY,2026-04-20 00:00:00,84.0,82.89069116044354,85.84884806592744,83.63023038681452,False,1.666666666666671,1.166666666666671,0.6666666666666666,83.90755759670363,True,True
SOLUSDT,1h,SELL,2026-04-22 11:00:00,88.31,89.34955959002185,86.57740068329691,88.33,True,1.6666666666666667,1.676286124844899,1.0,88.32,True,True
SOLUSDT,1h,SELL,2026-04-22 14:00:00,88.75,89.78859599827916,87.01900666953473,89.09619866609306,False,1.666666666666662,0.555555555555554,0.3333333333333333,88.75,True,True
SOLUSDT,1h,SELL,2026-04-27 03:00:00,87.72,88.47301707086474,86.46497154855876,87.97100569028825,False,1.6666666666666603,0.5555555555555535,0.3333333333333333,87.72,True,True
SOLUSDT,1h,BUY,2026-04-27 17:00:00,84.47,83.57568820803733,85.9605196532711,84.17189606934578,False,-1.0,-0.8333333333333307,1.0,84.32094803467288,True,True
SOLUSDT,1h,BUY,2026-04-29 20:00:00,82.62,81.60818676010152,84.3063553998308,82.28272892003385,False,1.6666666666666572,1.833333333333324,1.0,82.45136446001692,True,True
SOLUSDT,1h,SELL,2026-05-05 23:00:00,86.29,87.09732443198587,84.94445928002357,86.93,True,-1.0,-0.6036289906241724,1.0,86.61000000000001,True,True
SOLUSDT,1h,SELL,2026-05-06 04:00:00,86.81,87.6563769473384,85.399371754436,86.98,True,-1.0,-0.8995719339151395,1.0,86.89500000000001,True,True
SOLUSDT,1h,SELL,2026-05-06 13:00:00,88.33,89.37694423102985,86.58509294828357,88.67898141034328,False,-1.0,-0.8333333333333356,1.0,88.50449070517163,True,True
SOLUSDT,1h,SELL,2026-05-09 09:00:00,93.29,94.3933402688818,91.45109955186366,93.65778008962728,False,-1.0,-0.833333333333331,1.0,93.47389004481364,True,True
SOLUSDT,1h,SELL,2026-05-10 10:00:00,93.87,94.63397735986072,92.59670440023216,94.12465911995358,False,-1.0,-0.8333333333333302,1.0,93.99732955997678,True,True
SOLUSDT,1h,SELL,2026-05-10 20:00:00,94.52,95.8472022369412,92.30799627176468,94.96240074564706,False,-1.0,-0.833333333333335,1.0,94.74120037282351,True,True
SOLUSDT,1h,BUY,2026-05-13 22:00:00,91.18,90.03577453995153,93.08704243341413,90.79859151331718,False,-1.0,-0.8333333333333313,1.0,90.98929575665858,True,True
SOLUSDT,1h,BUY,2026-05-14 04:00:00,90.48,89.41605734754557,92.25323775409072,90.12535244918186,False,1.6666666666666667,0.5555555555555555,0.3333333333333333,90.48,True,True
SOLUSDT,1h,BUY,2026-05-16 17:00:00,86.81,85.9390477898198,88.26158701696701,86.5196825966066,False,-1.0,-0.8333333333333334,1.0,86.6648412983033,True,True
SOLUSDT,1h,BUY,2026-05-17 03:00:00,86.53,85.761038548317,87.81160241947167,86.27367951610567,False,-1.0,-0.8333333333333333,1.0,86.40183975805283,True,True
SOLUSDT,1h,BUY,2026-05-18 04:00:00,85.26,84.26301447815688,86.92164253640523,84.92767149271896,False,-1.0,-0.8333333333333286,1.0,85.09383574635947,True,True
SOLUSDT,1h,BUY,2026-05-18 11:00:00,84.96,83.97547427247909,86.60087621253484,84.54,True,-1.0,-0.786699327270211,1.0,84.75,True,True
SOLUSDT,1h,BUY,2026-05-22 20:00:00,85.0,83.88019035940818,86.86634940098638,84.58,True,-1.0,-0.812468126378143,1.0,84.78999999999999,True,True
SOLUSDT,1h,BUY,2026-05-23 13:00:00,83.22,82.22250283299992,84.88249527833347,82.88750094433331,False,1.6666666666666714,0.5555555555555571,0.3333333333333333,83.22,True,True
SOLUSDT,1h,SELL,2026-05-23 21:00:00,86.28,87.5550457470376,84.15492375493734,87.30003659763008,True,1.6666666666666667,1.2444444444444451,0.6666666666666666,86.53500914940753,True,True
SOLUSDT,1h,BUY,2026-05-28 07:00:00,81.26,80.1766713350044,83.06554777499267,80.89889044500147,False,-1.0,-0.8333333333333333,1.0,81.07944522250074,True,True
SOLUSDT,1h,BUY,2026-05-31 17:00:00,81.87,81.24146037349907,82.91756604416824,81.66048679116636,False,1.6666666666666743,1.833333333333337,1.0,81.76524339558318,True,True
SOLUSDT,1h,BUY,2026-06-01 16:00:00,80.41,79.29993811137679,82.26010314770534,80.03997937045892,False,-1.0,-0.8333333333333311,1.0,80.22498968522945,True,True
SOLUSDT,1h,BUY,2026-06-03 00:00:00,74.85,73.18421211094928,77.62631314841786,74.29473737031643,False,-1.0,-0.8333333333333348,1.0,74.57236868515821,True,True
SOLUSDT,1h,BUY,2026-06-03 04:00:00,74.06,72.31191696430712,76.9734717261548,73.47730565476904,False,-1.0,-0.8333333333333347,1.0,73.76865282738453,True,True
SOLUSDT,1h,BUY,2026-06-03 21:00:00,72.82,71.09602639434229,75.69328934276284,72.24534213144743,False,-1.0,-0.833333333333336,1.0,72.53267106572372,True,True
SOLUSDT,1h,BUY,2026-06-04 02:00:00,70.07,67.91163997522337,73.66726670796105,69.35054665840778,False,-1.0,-0.8333333333333321,1.0,69.71027332920389,True,True
SOLUSDT,1h,BUY,2026-06-04 11:00:00,68.7,66.67202983563763,72.07995027393729,68.02400994521254,False,-1.0,-0.8333333333333321,1.0,68.36200497260627,True,True
SOLUSDT,1h,BUY,2026-06-05 07:00:00,66.18,64.02625116938444,69.76958138435928,65.46208372312815,False,-1.0,-0.8333333333333333,1.0,65.82104186156408,True,True
BNBUSDT,1h,BUY,2026-02-11 13:00:00,597.91,588.7351474430862,613.2014209281895,594.851715814362,False,1.6666666666666623,1.833333333333329,1.0,596.380857907181,True,True
BNBUSDT,1h,SELL,2026-02-14 12:00:00,627.6,634.796655739596,615.6055737673402,629.998885246532,False,-1.0,-0.8333333333333307,1.0,628.799442623266,True,True
BNBUSDT,1h,BUY,2026-02-15 19:00:00,611.79,603.4702699206193,625.6562167989676,609.0167566402064,False,1.666666666666662,1.166666666666662,0.6666666666666666,611.0966891600516,True,True
BNBUSDT,1h,SELL,2026-02-20 19:00:00,626.14,633.4034915617831,614.0341807303614,628.5611638539277,False,-1.0,-0.8333333333333308,1.0,627.3505819269639,True,True
BNBUSDT,1h,SELL,2026-02-20 21:00:00,627.0,633.9284187445987,615.4526354256687,629.3094729148662,False,-1.0,-0.8333333333333388,1.0,628.154736457433,True,True
BNBUSDT,1h,SELL,2026-02-21 14:00:00,632.75,637.4391689393145,624.9347184344758,634.3130563131049,False,1.6666666666666583,0.5555555555555528,0.3333333333333333,632.75,True,True
BNBUSDT,1h,BUY,2026-02-22 19:00:00,612.46,608.0196688959671,619.860551840055,610.9798896319891,False,-1.0,-0.833333333333329,1.0,611.7199448159945,True,True
BNBUSDT,1h,BUY,2026-02-23 05:00:00,593.76,585.5533266425876,607.4377889290205,591.0244422141959,False,1.6666666666666574,0.5555555555555525,0.3333333333333333,593.76,True,True
BNBUSDT,1h,SELL,2026-02-26 01:00:00,627.54,636.7269819128946,612.2283634785088,630.6023273042982,False,1.666666666666675,1.8333333333333457,1.0,629.0711636521492,True,True
BNBUSDT,1h,BUY,2026-02-28 07:00:00,597.5,589.2092662937076,611.3178895104874,594.7364220979025,False,-1.0,-0.833333333333331,1.0,596.1182110489513,True,True
BNBUSDT,1h,BUY,2026-02-28 10:00:00,594.46,585.9533046819517,608.6378255300805,590.6,True,1.6666666666666623,0.555555555555554,0.3333333333333333,594.46,True,True
BNBUSDT,1h,SELL,2026-03-01 03:00:00,628.53,637.4568669567694,613.6518884053842,631.5056223189231,False,1.666666666666671,1.1666666666666687,0.6666666666666666,629.2739055797308,True,True
BNBUSDT,1h,SELL,2026-03-01 05:00:00,627.75,636.3602322229287,613.3996129617854,630.620077407643,False,1.6666666666666754,1.166666666666671,0.6666666666666666,628.4675193519107,True,True
BNBUSDT,1h,SELL,2026-03-02 17:00:00,644.44,654.8767137909499,627.0454770150837,647.9189045969833,False,1.666666666666656,0.5555555555555519,0.3333333333333333,644.44,True,True
BNBUSDT,1h,SELL,2026-03-04 14:00:00,651.89,660.6151920109805,637.3480133150323,654.7983973369935,False,-1.0,-0.8333333333333311,1.0,653.3441986684968,True,True
BNBUSDT,1h,SELL,2026-03-04 20:00:00,660.6,669.346488411149,646.0225193147517,663.5154961370497,False,1.6666666666666667,1.8333333333333357,1.0,662.0577480685249,True,True
BNBUSDT,1h,BUY,2026-03-06 18:00:00,630.75,623.271071357068,643.2148810715534,628.2570237856893,False,-1.0,-0.8333333333333333,1.0,629.5035118928447,True,True
BNBUSDT,1h,BUY,2026-03-07 20:00:00,620.96,616.405314020017,628.5511432999716,619.4417713400057,False,-1.0,-0.8333333333333375,1.0,620.2008856700029,True,True
BNBUSDT,1h,BUY,2026-03-07 23:00:00,620.26,615.93749814212,627.4641697631332,618.8191660473733,False,-1.0,-0.8333333333333289,1.0,619.5395830236866,True,True
BNBUSDT,1h,BUY,2026-03-08 01:00:00,619.94,615.6545774796851,627.0823708671915,618.5115258265618,False,-1.0,-0.8333333333333377,1.0,619.2257629132808,True,True
BNBUSDT,1h,BUY,2026-03-08 05:00:00,618.06,613.5586091055103,625.5623181574827,616.5595363685034,False,-1.0,-0.833333333333329,1.0,617.3097681842517,True,True
BNBUSDT,1h,SELL,2026-03-09 17:00:00,636.79,644.3944434971054,624.1159275048242,639.3248144990351,False,-1.0,-0.8333333333333284,1.0,638.0574072495176,True,True
BNBUSDT,1h,SELL,2026-03-13 11:00:00,666.64,672.939822236552,656.1402962724134,668.0,True,-1.0,-0.8920604463956809,1.0,667.3199999999999,True,True
BNBUSDT,1h,SELL,2026-03-13 14:00:00,667.98,675.694870427735,655.1218826204417,668.0,True,1.666666666666652,1.6679628647160762,1.0,667.99,True,True
BNBUSDT,1h,SELL,2026-03-15 23:00:00,673.77,680.2279080941278,663.0068198431204,675.9226360313759,False,-1.0,-0.8333333333333334,1.0,674.846318015688,True,True
BNBUSDT,1h,SELL,2026-03-16 06:00:00,679.41,687.5702862855579,665.8095228574033,682.1300954285193,False,1.6666666666666758,1.8333333333333424,1.0,680.7700477142596,True,True
BNBUSDT,1h,BUY,2026-03-18 20:00:00,650.24,642.7845728725065,662.6657118791559,647.7548576241688,False,-1.0,-0.8333333333333333,1.0,648.9974288120843,True,True
BNBUSDT,1h,BUY,2026-03-19 09:00:00,648.28,641.9913476808482,658.7610871985862,646.1837825602827,False,-1.0,-0.8333333333333303,1.0,647.2318912801413,True,True
BNBUSDT,1h,BUY,2026-03-19 13:00:00,641.21,634.8435162721968,651.8208062130055,639.0878387573989,False,-1.0,-0.8333333333333303,1.0,640.1489193786995,True,True
BNBUSDT,1h,BUY,2026-03-19 17:00:00,638.25,631.386321799516,649.6894636674732,635.9621072665053,False,-1.0,-0.8333333333333333,1.0,637.1060536332526,True,True
BNBUSDT,1h,BUY,2026-03-22 02:00:00,634.33,629.2890666622468,642.731555562922,632.6496888874157,False,-1.0,-0.833333333333337,1.0,633.4898444437079,True,True
BNBUSDT,1h,BUY,2026-03-22 12:00:00,629.48,624.8777692076574,637.1503846539044,627.9459230692191,False,-1.0,-0.8333333333333333,1.0,628.7129615346096,True,True
BNBUSDT,1h,BUY,2026-03-22 22:00:00,629.92,624.7738737848098,638.496877025317,628.86,True,-1.0,-0.8970099103991008,1.0,629.39,True,True
BNBUSDT,1h,SELL,2026-03-23 14:00:00,646.21,655.0232489182274,631.5212518029545,649.1477496394092,False,1.6666666666666623,1.1666666666666623,0.6666666666666666,646.9444374098523,True,True
BNBUSDT,1h,SELL,2026-03-25 10:00:00,646.87,652.5031233255352,637.481461124108,648.7477077751784,False,-1.0,-0.8333333333333367,1.0,647.8088538875892,True,True
BNBUSDT,1h,BUY,2026-03-26 13:00:00,631.54,626.4420090610764,640.0366515648726,629.8406696870254,False,-1.0,-0.8333333333333296,1.0,630.6903348435127,True,True
BNBUSDT,1h,BUY,2026-03-26 20:00:00,629.9,624.5940984936627,638.7431691772288,625.6552787949302,True,-1.0,-0.5999999999999942,1.0,627.777639397465,True,True
BNBUSDT,1h,BUY,2026-03-27 19:00:00,610.17,604.123606466171,620.2473225563814,607.18,True,-1.0,-0.7527451708798567,1.0,608.675,True,True
BNBUSDT,1h,BUY,2026-03-29 23:00:00,606.09,601.3904983822648,613.9225026962254,604.5234994607549,False,1.6666666666666583,1.1666666666666583,0.6666666666666666,605.6983748651888,True,True
BNBUSDT,1h,BUY,2026-03-31 10:00:00,602.79,596.753388096048,612.85101983992,600.777796032016,False,1.666666666666673,0.5555555555555577,0.3333333333333333,602.79,True,True
BNBUSDT,1h,BUY,2026-04-02 07:00:00,591.82,585.2815895027322,602.7173508287797,589.6405298342441,False,-1.0,-0.8333333333333361,1.0,590.7302649171221,True,True
BNBUSDT,1h,BUY,2026-04-02 16:00:00,579.89,572.3626867286562,592.4355221189063,577.3808955762187,False,1.6666666666666616,1.166666666666664,0.6666666666666666,579.2627238940547,True,True
BNBUSDT,1h,SELL,2026-04-04 23:00:00,593.36,596.2199442789602,588.5934262017331,593.54,True,1.6666666666666667,1.6981358112447973,1.0,593.45,True,True
BNBUSDT,1h,SELL,2026-04-06 01:00:00,600.73,605.6447646267951,592.5387256220083,602.3682548755984,False,-1.0,-0.8333333333333371,1.0,601.5491274377991,True,True
BNBUSDT,1h,SELL,2026-04-06 10:00:00,606.61,611.724655808463,598.0855736525617,608.3148852694877,False,1.6666666666666592,1.8333333333333293,1.0,607.4624426347439,True,True
BNBUSDT,1h,SELL,2026-04-08 00:00:00,617.5,624.5185840926046,605.8023598456591,619.8395280308682,False,1.6666666666666612,1.166666666666664,0.6666666666666666,618.084882007717,True,True
BNBUSDT,1h,SELL,2026-04-11 20:00:00,610.17,613.9986549719046,603.7889083801589,610.26,True,1.6666666666666865,1.678420141537161,1.0,610.2149999999999,True,True
BNBUSDT,1h,BUY,2026-04-12 02:00:00,597.3,591.6681501966012,606.6864163389979,595.4227167322003,False,-1.0,-0.8333333333333299,1.0,596.3613583661001,True,True
BNBUSDT,1h,BUY,2026-04-12 15:00:00,591.65,587.3846404773313,598.758932537781,590.2282134924437,False,1.666666666666658,0.5555555555555525,0.3333333333333333,591.65,True,True
BNBUSDT,1h,SELL,2026-04-13 17:00:00,604.78,609.5135515963962,596.8907473393397,606.357850532132,False,-1.0,-0.8333333333333334,1.0,605.5689252660659,True,True
BNBUSDT,1h,SELL,2026-04-13 20:00:00,607.41,612.1298479800591,599.5435866999013,608.9832826600197,False,-1.0,-0.8333333333333374,1.0,608.1966413300098,True,True
BNBUSDT,1h,SELL,2026-04-14 00:00:00,612.28,617.571859203417,603.4602346609715,614.0439530678057,False,-1.0,-0.8333333333333333,1.0,613.1619765339028,True,True
BNBUSDT,1h,SELL,2026-04-14 04:00:00,614.69,619.4759416833818,606.7134305276971,616.2853138944606,False,-1.0,-0.8333333333333374,1.0,615.4876569472303,True,True
BNBUSDT,1h,SELL,2026-04-14 14:00:00,619.11,624.0124472840766,610.939254526539,620.7441490946923,False,-1.0,-0.8333333333333295,1.0,619.9270745473461,True,True
BNBUSDT,1h,SELL,2026-04-16 20:00:00,634.6,640.870494334157,624.1491761097384,636.6901647780523,False,-1.0,-0.8333333333333363,1.0,635.6450823890261,True,True
BNBUSDT,1h,SELL,2026-04-17 17:00:00,641.84,647.9170388038225,631.7116019936293,643.8656796012742,False,-1.0,-0.833333333333327,1.0,642.8528398006372,True,True
BNBUSDT,1h,BUY,2026-04-19 11:00:00,622.4,617.6411921053083,630.3313464911529,620.48,True,-1.0,-0.798268805708503,1.0,621.44,True,True
BNBUSDT,1h,SELL,2026-04-21 11:00:00,634.14,638.7895761884056,626.3907063526573,635.6898587294685,False,1.6666666666666747,1.1666666666666707,0.6666666666666666,634.5274646823672,True,True
BNBUSDT,1h,SELL,2026-04-22 06:00:00,642.3,647.3473000220323,633.8878332966128,643.9824333406774,False,-1.0,-0.8333333333333296,1.0,643.1412166703387,True,True
BNBUSDT,1h,SELL,2026-04-22 16:00:00,644.4,650.1231338633713,634.8614435610477,646.3077112877904,False,1.6666666666666667,1.8333333333333368,1.0,645.3538556438953,True,True
BNBUSDT,1h,BUY,2026-04-25 18:00:00,628.71,625.5971274819182,633.8981208634698,627.672375827306,False,1.6666666666666543,1.8333333333333277,1.0,628.191187913653,True,True
BNBUSDT,1h,BUY,2026-04-27 17:00:00,623.06,618.6223977251066,630.4560037914889,621.5807992417022,False,-1.0,-0.8333333333333333,1.0,622.320399620851,True,True
BNBUSDT,1h,BUY,2026-04-29 16:00:00,617.73,613.8929486255652,624.1250856240582,616.4509828751884,False,-1.0,-0.8333333333333333,1.0,617.0904914375942,True,True
BNBUSDT,1h,SELL,2026-05-04 06:00:00,628.45,633.5956914502704,619.873847582883,630.1652304834234,False,-1.0,-0.8333333333333333,1.0,629.3076152417118,True,True
BNBUSDT,1h,SELL,2026-05-06 13:00:00,647.41,654.6310508214971,635.3749152975049,649.817016940499,False,1.666666666666651,1.8333333333333175,1.0,648.6135084702495,True,True
BNBUSDT,1h,SELL,2026-05-09 03:00:00,653.66,658.0926630151667,646.2722283080554,655.1375543383889,False,1.666666666666641,1.833333333333308,1.0,654.3987771691943,True,True
BNBUSDT,1h,SELL,2026-05-10 20:00:00,651.68,656.8434616854172,643.0742305243045,651.9,True,-1.0,-0.9786964624312642,1.0,651.79,True,True
BNBUSDT,1h,SELL,2026-05-12 00:00:00,668.71,674.504881800222,659.0518636662966,670.6416272667407,False,1.6666666666666732,1.1666666666666698,0.6666666666666666,669.1929068166852,True,True
BNBUSDT,1h,SELL,2026-05-13 05:00:00,678.15,684.5297810956392,667.5170315072678,680.2765936985464,False,-1.0,-0.8333333333333303,1.0,679.2132968492731,True,True
BNBUSDT,1h,SELL,2026-05-13 10:00:00,680.38,686.6291601850107,669.9647330249821,682.4630533950036,False,1.6666666666666603,0.5555555555555535,0.3333333333333333,680.38,True,True
BNBUSDT,1h,BUY,2026-05-16 15:00:00,655.2,648.9671226025335,665.5881289957775,653.1223742008445,False,-1.0,-0.8333333333333303,1.0,654.1611871004222,True,True
BNBUSDT,1h,BUY,2026-05-18 04:00:00,643.74,638.2364773827809,652.9125376953652,641.905492460927,False,-1.0,-0.8333333333333368,1.0,642.8227462304635,True,True
BNBUSDT,1h,BUY,2026-05-18 07:00:00,641.85,636.2929121027586,651.1118131620691,639.9976373675862,False,-1.0,-0.8333333333333333,1.0,640.9238186837931,True,True
BNBUSDT,1h,BUY,2026-05-18 11:00:00,641.75,636.318528804844,650.8024519919267,639.9395096016146,False,-1.0,-0.8333333333333297,1.0,640.8447548008073,True,True
BNBUSDT,1h,SELL,2026-05-21 04:00:00,654.39,658.6772554620779,647.2445742298701,655.42,True,1.6666666666666667,1.786790135994612,1.0,654.905,True,True
BNBUSDT,1h,BUY,2026-05-23 08:00:00,640.32,634.2878934899744,650.3735108500427,638.3092978299915,False,1.6666666666666603,1.1666666666666603,0.6666666666666666,639.817324457498,True,True
BNBUSDT,1h,BUY,2026-05-23 10:00:00,640.2,634.5630051010494,649.5949914982511,638.3210017003498,False,1.6666666666666667,0.5555555555555555,0.3333333333333333,640.2,True,True
BNBUSDT,1h,SELL,2026-05-25 15:00:00,667.78,672.5806243497311,659.7789594171147,669.380208116577,False,1.6666666666666667,0.5555555555555555,0.3333333333333333,667.78,True,True
BNBUSDT,1h,BUY,2026-05-28 14:00:00,635.21,629.4921757230911,644.7397071281815,632.99,True,1.66666666666666,1.8607964520961773,1.0,634.1,True,True
BNBUSDT,1h,SELL,2026-05-31 07:00:00,719.71,733.5823683215427,696.5893861307623,724.3341227738476,False,-1.0,-0.8333333333333319,1.0,722.0220613869238,True,True
BNBUSDT,1h,BUY,2026-06-02 17:00:00,666.38,654.6617436298828,685.9104272835286,662.4739145432943,False,-1.0,-0.8333333333333333,1.0,664.4269572716471,True,True
BNBUSDT,1h,BUY,2026-06-02 20:00:00,661.6,649.7392422575994,681.3679295706678,657.6464140858665,False,-1.0,-0.8333333333333334,1.0,659.6232070429332,True,True
BNBUSDT,1h,BUY,2026-06-03 00:00:00,654.63,642.38025934817,675.0462344197168,650.5467531160566,False,-1.0,-0.8333333333333333,1.0,652.5883765580282,True,True
BNBUSDT,1h,BUY,2026-06-03 05:00:00,645.99,632.972520544193,667.6857990930117,641.6508401813977,False,-1.0,-0.8333333333333361,1.0,643.8204200906989,True,True
BNBUSDT,1h,BUY,2026-06-03 18:00:00,628.13,616.9736391481591,646.7239347530681,624.4112130493863,False,-1.0,-0.8333333333333334,1.0,626.2706065246931,True,True
BNBUSDT,1h,BUY,2026-06-03 21:00:00,629.43,617.7248342596595,648.9386095672342,625.5282780865531,False,-1.0,-0.8333333333333317,1.0,627.4791390432765,True,True
BNBUSDT,1h,BUY,2026-06-04 02:00:00,608.05,593.9669923651078,631.5216793914869,603.3556641217026,False,-1.0,-0.8333333333333347,1.0,605.7028320608513,True,True
BNBUSDT,1h,BUY,2026-06-04 11:00:00,595.3,581.392997374117,618.4783377098049,590.664332458039,False,-1.0,-0.8333333333333319,1.0,592.9821662290194,True,True
BNBUSDT,1h,BUY,2026-06-05 19:00:00,567.33,551.7940604401073,593.2232325998214,562.1513534800358,False,1.6666666666666692,1.833333333333333,1.0,564.740676740018,True,True
BNBUSDT,1h,SELL,2026-06-07 09:00:00,592.94,601.3144111514872,578.9826480808547,595.7314703838291,False,-1.0,-0.833333333333331,1.0,594.3357351919145,True,True
BNBUSDT,1h,BUY,2026-06-09 16:00:00,588.6,581.128691600661,601.0521806655652,587.33,True,-1.0,-0.9150081932026566,1.0,587.965,True,True
BTCUSDT,4h,BUY,2025-02-18 20:00:00,95671.74,94074.462120582,98333.86979903,95205.0,True,1.6666666666666667,1.8127714885058304,1.0,95438.37,True,True
BTCUSDT,4h,BUY,2025-02-27 04:00:00,86272.01,83364.94192419764,91117.12345967058,85302.98730806587,False,-1.0,-0.8333333333333333,1.0,85787.49865403294,True,True
BTCUSDT,4h,BUY,2025-02-27 20:00:00,84708.58,81798.97470980865,89557.92215031892,83738.71156993622,False,-1.0,-0.8333333333333325,1.0,84223.6457849681,True,True
BTCUSDT,4h,BUY,2025-02-28 12:00:00,84005.05,80459.00236000221,89915.12939999632,82823.03412000074,False,1.6666666666666667,1.1666666666666667,0.6666666666666666,83709.54603000019,True,True
BTCUSDT,4h,SELL,2025-03-03 00:00:00,92709.98,95935.81581575694,87333.5869737384,93785.25860525233,False,1.6666666666666712,1.1666666666666687,0.6666666666666666,92978.79965131308,True,True
BTCUSDT,4h,BUY,2025-03-10 00:00:00,82047.49,79087.08607838624,86981.49653602295,81060.68869279542,False,-1.0,-0.8333333333333334,1.0,81554.0893463977,True,True
BTCUSDT,4h,BUY,2025-03-11 00:00:00,79522.29,76171.1731851497,85107.48469141715,78405.25106171657,False,1.666666666666668,0.555555555555556,0.3333333333333333,79522.29,True,True
BTCUSDT,4h,SELL,2025-03-24 20:00:00,87498.16,88895.81855328477,85168.72907785873,87964.04618442825,False,1.6666666666666596,1.8333333333333228,1.0,87731.10309221412,True,True
BTCUSDT,4h,BUY,2025-03-29 16:00:00,82758.4,81239.76047516221,85289.46587472963,82381.46,True,1.6666666666666698,1.7907711673842632,1.0,82569.93,True,True
BTCUSDT,4h,BUY,2025-03-31 04:00:00,81933.51,80531.8065765771,84269.68237237148,81466.27552552569,False,1.6666666666666632,1.8333333333333317,1.0,81699.89276276284,True,True
BTCUSDT,4h,BUY,2025-04-07 12:00:00,78479.9,75606.95287396858,83268.14521005236,77522.25095798953,False,-1.0,-0.8333333333333333,1.0,78001.07547899475,True,True
BTCUSDT,4h,SELL,2025-04-21 08:00:00,86971.92,88184.0772815434,84951.65786409432,87375.97242718113,False,-1.0,-0.8333333333333354,1.0,87173.94621359056,True,True
BTCUSDT,4h,SELL,2025-04-21 16:00:00,87415.1,88829.5646458206,85057.65892363235,87886.58821527354,False,-1.0,-0.8333333333333316,1.0,87650.84410763677,True,True
BTCUSDT,4h,SELL,2025-04-24 00:00:00,92673.95,94565.7094652106,89521.01755798234,93304.53648840352,False,-1.0,-0.8333333333333346,1.0,92989.24324420176,True,True
BTCUSDT,4h,SELL,2025-04-25 00:00:00,93311.83,95109.00356129232,90316.54073117948,93910.8878537641,False,-1.0,-0.8333333333333347,1.0,93611.35892688204,True,True
BTCUSDT,4h,SELL,2025-04-25 20:00:00,94638.68,96426.53322051992,91658.9246324668,95234.63107350664,False,-1.0,-0.8333333333333319,1.0,94936.6555367533,True,True
BTCUSDT,4h,SELL,2025-05-10 12:00:00,103138.77,104811.2803658571,100351.2527235715,103696.2734552857,False,-1.0,-0.8333333333333333,1.0,103417.52172764284,True,True
BTCUSDT,4h,SELL,2025-05-11 00:00:00,104007.03,105754.83553891692,101094.02076847178,104589.63184630564,False,-1.0,-0.8333333333333333,1.0,104298.3309231528,True,True
BTCUSDT,4h,SELL,2025-05-23 00:00:00,111100.01,113362.0504589443,107329.94256842617,111880.0,True,1.6666666666666667,0.5555555555555556,0.3333333333333333,111100.01,True,True
BTCUSDT,4h,BUY,2025-06-06 00:00:00,102493.3,100719.16139878442,105450.19766869264,101901.92046626148,False,1.6666666666666694,0.5555555555555565,0.3333333333333333,102493.3,True,True
BTCUSDT,4h,SELL,2025-06-10 04:00:00,109205.14,110675.10148256124,106755.20419573126,109695.12716085376,False,1.6666666666666732,1.8333333333333413,1.0,109450.13358042686,True,True
BTCUSDT,4h,BUY,2025-06-13 04:00:00,104895.0,103056.46595008708,107959.22341652156,104380.0,True,1.6666666666666718,1.8067239041228915,1.0,104637.5,True,True
BTCUSDT,4h,BUY,2025-06-22 20:00:00,100963.87,98845.07701099312,104495.1916483448,100257.60567033105,False,1.6666666666666712,1.833333333333338,1.0,100610.7378351655,True,True
BTCUSDT,4h,SELL,2025-06-25 20:00:00,107340.58,109213.33945280072,104219.31424533212,107964.83315093358,False,-1.0,-0.8333333333333333,1.0,107652.70657546676,True,True
BTCUSDT,4h,SELL,2025-07-09 20:00:00,111233.99,112667.46959357293,108844.85734404511,111711.81653119098,False,-1.0,-0.8333333333333316,1.0,111472.9032655955,True,True
BTCUSDT,4h,SELL,2025-07-12 12:00:00,117100.01,118805.5852730175,114257.38454497085,117668.53509100583,False,-1.0,-0.8333333333333319,1.0,117384.2725455029,True,True
BTCUSDT,4h,SELL,2025-07-12 20:00:00,117420.0,119010.1331690814,114769.778051531,117625.0,True,-1.0,-0.9355399899876232,1.0,117522.5,True,True
BTCUSDT,4h,SELL,2025-07-14 12:00:00,119878.23,121859.96548898704,116575.33751835497,120538.808496329,False,1.666666666666662,1.1666666666666616,0.6666666666666666,120043.37462408224,True,True
BTCUSDT,4h,BUY,2025-08-02 00:00:00,113909.86,111989.69593665747,117110.1334389042,113269.80531221916,False,-1.0,-0.8333333333333345,1.0,113589.83265610956,True,True
BTCUSDT,4h,BUY,2025-08-03 00:00:00,113604.2,111771.51769590606,116658.6705068232,112993.30589863536,False,1.6666666666666614,1.833333333333325,1.0,113298.75294931768,True,True
BTCUSDT,4h,SELL,2025-08-11 08:00:00,120561.54,122244.01882665932,117757.40862223443,121122.36627555313,False,-1.0,-0.8333333333333319,1.0,120841.95313777654,True,True
BTCUSDT,4h,SELL,2025-08-14 04:00:00,121725.31,123689.4735144542,118451.70414257632,122380.03117148472,False,1.6666666666666716,0.5555555555555572,0.3333333333333333,121725.31,True,True
BTCUSDT,4h,BUY,2025-08-18 12:00:00,116145.34,114638.76800779512,118656.29332034149,114940.08240623608,True,-1.0,-0.6000000000000019,1.0,115542.71120311804,True,True
BTCUSDT,4h,BUY,2025-08-20 00:00:00,113525.91,111846.97434943628,116324.13608427288,112182.76147954902,True,-1.0,-0.6,1.0,112854.33573977451,True,True
BTCUSDT,4h,SELL,2025-09-12 00:00:00,115194.14,116590.85850554112,112866.27582409816,115659.71283518035,False,-1.0,-0.833333333333335,1.0,115426.92641759016,True,True
BTCUSDT,4h,SELL,2025-09-12 20:00:00,116029.42,117399.28913250966,113746.30477915057,116486.04304416988,False,-1.0,-0.8333333333333334,1.0,116257.73152208493,True,True
BTCUSDT,4h,BUY,2025-09-22 20:00:00,112650.99,111408.5299929138,114721.756678477,112236.8366643046,False,-1.0,-0.8333333333333295,1.0,112443.9133321523,True,True
BTCUSDT,4h,BUY,2025-09-23 04:00:00,113090.13,111751.37971327773,115321.38047787048,112643.8799044259,False,-1.0,-0.8333333333333315,1.0,112867.00495221296,True,True
BTCUSDT,4h,BUY,2025-09-23 20:00:00,111998.8,110656.09149041872,114236.64751596884,111551.23049680624,False,-1.0,-0.8333333333333351,1.0,111775.01524840311,True,True
BTCUSDT,4h,BUY,2025-09-26 00:00:00,109580.01,107952.27083975148,112292.9086004142,109037.43027991716,False,1.6666666666666607,1.8333333333333257,1.0,109308.72013995858,True,True
BTCUSDT,4h,BUY,2025-09-26 20:00:00,109643.46,108086.4353752786,112238.50104120233,109124.45179175954,False,1.6666666666666636,1.833333333333332,1.0,109383.95589587976,True,True
BTCUSDT,4h,SELL,2025-09-30 04:00:00,113699.23,114922.13856702008,111661.04905496654,114400.0,True,-1.0,-0.7134822590589895,1.0,114049.615,True,True
BTCUSDT,4h,SELL,2025-10-05 08:00:00,123464.64,125287.5220220362,120426.50329660632,124072.26734067874,False,-1.0,-0.8333333333333319,1.0,123768.45367033935,True,True
BTCUSDT,4h,SELL,2025-10-06 20:00:00,124658.54,126414.06765532108,121732.66057446488,125243.715885107,False,1.6666666666666694,1.166666666666668,0.6666666666666666,124804.83397127676,True,True
BTCUSDT,4h,BUY,2025-10-12 04:00:00,111525.2,108132.743911746,117179.29348042337,110090.29,True,-1.0,-0.7885145801933569,1.0,110807.745,True,True
BTCUSDT,4h,BUY,2025-10-17 12:00:00,106803.53,103775.23845623134,111850.68257294776,105794.09948541044,False,1.6666666666666683,1.1666666666666663,0.6666666666666666,106551.17237135262,True,True
BTCUSDT,4h,SELL,2025-10-27 12:00:00,114969.68,116639.34137043486,112186.9110492752,115526.23379014496,False,1.6666666666666667,1.8333333333333348,1.0,115247.95689507246,True,True
BTCUSDT,4h,BUY,2025-10-30 20:00:00,108322.88,105810.92091893264,112509.47846844562,106484.0,True,-1.0,-0.6339749293968122,1.0,107403.44,True,True
BTCUSDT,4h,BUY,2025-11-03 16:00:00,107090.0,104977.27742218204,110611.2042963633,106385.75914072734,False,-1.0,-0.8333333333333334,1.0,106737.87957036369,True,True
BTCUSDT,4h,BUY,2025-11-05 00:00:00,102130.0,99321.0705167984,106811.54913866932,101193.69017226614,False,-1.0,-0.833333333333335,1.0,101661.84508613306,True,True
BTCUSDT,4h,BUY,2025-11-14 12:00:00,96796.14,93979.80478946274,101490.0320175621,95857.36159648758,False,-1.0,-0.8333333333333341,1.0,96326.7507982438,True,True
BTCUSDT,4h,BUY,2025-11-15 00:00:00,96417.12,93484.097249435,101305.49125094166,95439.44574981168,False,-1.0,-0.8333333333333333,1.0,95928.28287490582,True,True
BTCUSDT,4h,BUY,2025-11-17 20:00:00,92215.14,89853.40774283963,96151.36042860062,91427.89591427988,False,-1.0,-0.8333333333333323,1.0,91821.51795713992,True,True
BTCUSDT,4h,BUY,2025-11-18 08:00:00,91517.82,89103.75457945287,95541.26236757856,90713.1315264843,False,-1.0,-0.8333333333333343,1.0,91115.47576324215,True,True
BTCUSDT,4h,BUY,2025-11-19 20:00:00,91554.96,88999.56603347554,95813.94994420744,90703.16201115852,False,-1.0,-0.8333333333333341,1.0,91129.06100557923,True,True
BTCUSDT,4h,BUY,2025-11-21 16:00:00,84209.3,80611.32909149019,90205.9181808497,83009.97636383006,False,1.6666666666666667,1.166666666666666,0.6666666666666666,83909.46909095753,True,True
BTCUSDT,4h,BUY,2025-12-01 20:00:00,86286.01,84281.90787279505,89626.18021200823,85617.97595759835,False,1.6666666666666667,0.5555555555555556,0.3333333333333333,86286.01,True,True
BTCUSDT,4h,BUY,2025-12-15 20:00:00,86432.08,84647.78090406209,89405.9118265632,85837.31363468737,False,1.6666666666666747,1.8333333333333428,1.0,86134.69681734368,True,True
BTCUSDT,4h,BUY,2025-12-16 04:00:00,86021.51,84224.09511625761,89017.20147290398,85422.3717054192,False,1.666666666666672,0.5555555555555574,0.3333333333333333,86021.51,True,True
BTCUSDT,4h,SELL,2026-01-04 08:00:00,91300.0,92425.02777916,89424.95370139998,91675.00925972,False,-1.0,-0.8333333333333376,1.0,91487.50462986,True,True
BTCUSDT,4h,SELL,2026-01-06 04:00:00,93255.08,94549.53110382977,91097.66149361708,93686.56370127658,False,1.6666666666666703,1.833333333333333,1.0,93470.82185063828,True,True
BTCUSDT,4h,SELL,2026-01-14 08:00:00,94792.99,96301.27976788805,92279.17372018663,95295.75325596269,False,-1.0,-0.8333333333333333,1.0,95044.37162798134,True,True
BTCUSDT,4h,SELL,2026-01-15 00:00:00,95985.1,97699.77146281888,93127.31422863522,96556.65715427297,False,1.666666666666658,1.833333333333326,1.0,96270.8785771365,True,True
BTCUSDT,4h,BUY,2026-01-21 12:00:00,90288.04,88615.43750886197,93075.71081856336,89730.50583628732,False,-1.0,-0.8333333333333348,1.0,90009.27291814366,True,True
BTCUSDT,4h,BUY,2026-01-26 00:00:00,87282.05,85922.26967804172,89548.35053659714,86828.78989268058,False,1.6666666666666596,1.1666666666666612,0.6666666666666666,87168.73497317015,True,True
BTCUSDT,4h,BUY,2026-01-29 20:00:00,84650.16,82749.84849855282,87817.3458357453,84016.72283285094,False,-1.0,-0.833333333333332,1.0,84333.44141642547,True,True
BTCUSDT,4h,BUY,2026-01-30 16:00:00,84242.99,81991.25229905726,87995.8861682379,83492.41076635242,False,-1.0,-0.8333333333333323,1.0,83867.70038317621,True,True
BTCUSDT,4h,BUY,2026-02-02 08:00:00,77759.99,75044.99765985053,82284.97723358247,76854.99255328352,False,-1.0,-0.8333333333333333,1.0,77307.49127664175,True,True
BTCUSDT,4h,BUY,2026-02-03 20:00:00,75770.21,72937.21180625804,80491.87365623662,74825.87726875268,False,-1.0,-0.8333333333333325,1.0,75298.04363437634,True,True
BTCUSDT,4h,BUY,2026-02-06 08:00:00,66631.32,62899.440790673456,72851.11868221093,65387.36026355782,False,-1.0,-0.8333333333333327,1.0,66009.34013177891,True,True
BTCUSDT,4h,BUY,2026-02-23 04:00:00,65958.94,64533.26192444892,68335.07012591849,65483.71397481631,False,-1.0,-0.833333333333335,1.0,65721.32698740816,True,True
BTCUSDT,4h,BUY,2026-02-24 12:00:00,63973.97,62390.75494271255,66612.66176214576,63446.23164757085,False,1.6666666666666667,1.1666666666666663,0.6666666666666666,63842.03541189271,True,True
BTCUSDT,4h,SELL,2026-03-04 20:00:00,72666.77,75156.01427124535,68518.02954792441,73496.51809041512,False,1.6666666666666723,1.8333333333333397,1.0,73081.64404520756,True,True
BTCUSDT,4h,SELL,2026-03-16 12:00:00,73274.76,74826.28303240427,70688.8882793262,73791.93434413476,False,-1.0,-0.8333333333333302,1.0,73533.34717206737,True,True
BTCUSDT,4h,SELL,2026-03-17 04:00:00,74249.32,75879.12643217666,71532.97594637224,74792.58881072556,False,1.6666666666666667,1.833333333333332,1.0,74520.95440536278,True,True
BTCUSDT,4h,BUY,2026-03-27 20:00:00,66407.28,64816.84277940997,69058.00870098338,65877.13425980332,False,1.6666666666666667,1.8333333333333348,1.0,66142.20712990165,True,True
BTCUSDT,4h,SELL,2026-04-06 20:00:00,68853.66,70105.09914116684,66767.92809805527,69270.80638038895,False,-1.0,-0.8333333333333333,1.0,69062.23319019447,True,True
BTCUSDT,4h,SELL,2026-04-08 00:00:00,71287.39,72861.79096713086,68663.38838811523,71812.19032237695,False,-1.0,-0.8333333333333348,1.0,71549.79016118847,True,True
BTCUSDT,4h,SELL,2026-04-08 12:00:00,71310.0,72915.75227215252,68633.74621307914,71845.25075738417,False,-1.0,-0.8333333333333334,1.0,71577.62537869209,True,True
BTCUSDT,4h,SELL,2026-04-09 16:00:00,72096.32,73610.65166802226,69572.43388662959,72601.09722267409,False,-1.0,-0.8333333333333348,1.0,72348.70861133705,True,True
BTCUSDT,4h,SELL,2026-04-10 20:00:00,72962.7,74464.35604195291,70459.93993007847,73463.2520139843,False,-1.0,-0.8333333333333349,1.0,73212.97600699213,True,True
BTCUSDT,4h,SELL,2026-04-11 20:00:00,73043.16,74314.4685402816,70924.31243286401,73289.96,True,1.6666666666666703,0.5555555555555568,0.3333333333333333,73043.16,True,True
BTCUSDT,4h,SELL,2026-04-14 08:00:00,74376.52,75743.5018993969,72098.21683433851,74832.1806331323,False,-1.0,-0.8333333333333333,1.0,74604.35031656615,True,True
BTCUSDT,4h,SELL,2026-04-14 16:00:00,74223.18,75779.80686733712,71628.80188777146,74742.0556224457,False,-1.0,-0.8333333333333333,1.0,74482.61781122285,True,True
BTCUSDT,4h,SELL,2026-04-17 16:00:00,77393.58,79039.3386576147,74650.6489039755,77942.1662192049,False,1.6666666666666696,0.5555555555555566,0.3333333333333333,77393.58,True,True
BTCUSDT,4h,SELL,2026-05-04 04:00:00,79696.75,80819.19709165604,77826.00484723994,80070.89903055201,False,-1.0,-0.8333333333333333,1.0,79883.824515276,True,True
BTCUSDT,4h,SELL,2026-05-05 20:00:00,80905.52,82207.97811288074,78734.75647853213,81339.67270429358,False,-1.0,-0.8333333333333334,1.0,81122.5963521468,True,True
BTCUSDT,4h,SELL,2026-05-06 12:00:00,81704.25,83117.1339114428,79349.44348092868,81712.32,True,1.6666666666666632,1.6695225276240455,1.0,81708.285,True,True
BTCUSDT,4h,BUY,2026-05-23 12:00:00,75520.0,74354.1374944662,77463.10417588968,75131.37916482206,False,1.6666666666666667,0.5555555555555555,0.3333333333333333,75520.0,True,True
BTCUSDT,4h,BUY,2026-05-28 16:00:00,73419.32,72153.70777727928,75528.67370453455,72997.4492590931,False,-1.0,-0.8333333333333333,1.0,73208.38462954655,True,True
BTCUSDT,4h,BUY,2026-06-07 00:00:00,61701.07,59669.44928099422,65087.10453167631,61023.86309366474,False,0.3316022492277431,0.4982689158944103,1.0,61362.466546832366,False,False
ETHUSDT,4h,BUY,2025-02-25 16:00:00,2471.91,2351.626519615478,2672.382467307535,2431.8155065384926,False,-1.0,-0.8333333333333327,1.0,2451.8627532692462,True,True
ETHUSDT,4h,BUY,2025-02-26 20:00:00,2336.37,2211.5763514481287,2544.3594142531188,2294.7721171493763,False,-1.0,-0.8333333333333344,1.0,2315.5710585746883,True,True
ETHUSDT,4h,BUY,2025-02-27 20:00:00,2307.72,2193.672476852756,2497.799205245407,2269.7041589509186,False,-1.0,-0.833333333333334,1.0,2288.712079475459,True,True
ETHUSDT,4h,BUY,2025-02-28 12:00:00,2223.01,2093.770797230101,2438.4086712831654,2179.9302657433677,False,1.6666666666666643,1.8333333333333304,1.0,2201.470132871684,True,True
ETHUSDT,4h,BUY,2025-03-11 04:00:00,1904.1,1781.289192305616,2108.7846794906395,1863.163064101872,False,-1.0,-0.8333333333333329,1.0,1883.631532050936,True,True
ETHUSDT,4h,SELL,2025-03-19 16:00:00,2031.06,2093.264501690217,1927.3858305163048,2051.794833896739,False,-1.0,-0.8333333333333333,1.0,2041.4274169483692,True,True
ETHUSDT,4h,SELL,2025-03-24 20:00:00,2081.2,2127.76006917011,2003.5998847164824,2096.720023056703,False,1.6666666666666716,1.833333333333338,1.0,2088.9600115283515,True,True
ETHUSDT,4h,BUY,2025-03-28 20:00:00,1896.9,1844.1348937002197,1984.841843832968,1879.3116312334064,False,-1.0,-0.8333333333333333,1.0,1888.1058156167032,True,True
ETHUSDT,4h,BUY,2025-03-31 12:00:00,1842.23,1784.965724644665,1937.6704589255585,1831.435,True,-1.0,-0.905744026856053,1.0,1836.8325,True,True
ETHUSDT,4h,BUY,2025-04-07 12:00:00,1556.56,1457.7670489458014,1721.214918423664,1523.629016315267,False,-1.0,-0.8333333333333334,1.0,1540.0945081576333,True,True
ETHUSDT,4h,BUY,2025-04-08 20:00:00,1473.41,1381.4638965568065,1626.653505738656,1442.761298852269,False,1.6666666666666674,1.8333333333333333,1.0,1458.0856494261343,True,True
ETHUSDT,4h,BUY,2025-04-09 04:00:00,1483.43,1386.1997628474503,1645.4803952542493,1451.0199209491502,False,1.6666666666666667,1.8333333333333328,1.0,1467.224960474575,True,True
ETHUSDT,4h,SELL,2025-04-24 00:00:00,1768.18,1828.980797127664,1666.8453381205602,1788.446932375888,False,-1.0,-0.8333333333333339,1.0,1778.313466187944,True,True
ETHUSDT,4h,SELL,2025-04-25 16:00:00,1802.16,1859.825881308491,1706.050197819182,1821.381960436164,False,-1.0,-0.8333333333333319,1.0,1811.770980218082,True,True
ETHUSDT,4h,SELL,2025-05-11 12:00:00,2462.51,2584.1363591197323,2259.799401467113,2503.0521197065777,False,-1.0,-0.8333333333333333,1.0,2482.7810598532888,True,True
ETHUSDT,4h,SELL,2025-05-12 08:00:00,2530.59,2651.071969253218,2329.786717911304,2570.7506564177397,False,-1.0,-0.8333333333333339,1.0,2550.6703282088693,True,True
ETHUSDT,4h,SELL,2025-05-14 00:00:00,2646.82,2774.7354769997914,2433.627538333681,2689.458492333264,False,1.666666666666669,1.166666666666668,0.6666666666666666,2657.4796230833163,True,True
ETHUSDT,4h,BUY,2025-06-06 00:00:00,2455.71,2370.473870386191,2597.770216023015,2427.297956795397,False,1.6666666666666632,0.5555555555555544,0.3333333333333333,2455.71,True,True
ETHUSDT,4h,SELL,2025-06-10 04:00:00,2677.35,2744.7197238137,2565.067126977166,2699.806574604567,False,-1.0,-0.833333333333331,1.0,2688.578287302284,True,True
ETHUSDT,4h,SELL,2025-06-10 12:00:00,2732.95,2813.353078186303,2598.944869689495,2759.7510260621007,False,-1.0,-0.8333333333333334,1.0,2746.3505130310505,True,True
ETHUSDT,4h,SELL,2025-06-11 08:00:00,2772.25,2854.250043609112,2635.5832606514805,2799.583347869704,False,-1.0,-0.8333333333333324,1.0,2785.916673934852,True,True
ETHUSDT,4h,SELL,2025-06-11 16:00:00,2813.35,2903.4595273976524,2663.167454337245,2843.3865091325506,False,1.6666666666666683,1.1666666666666663,0.6666666666666666,2820.859127283137,True,True
ETHUSDT,4h,BUY,2025-06-23 00:00:00,2234.68,2141.0132800480023,2390.7911999199955,2203.4577600160005,False,1.666666666666665,1.8333333333333328,1.0,2219.068880008,True,True
ETHUSDT,4h,SELL,2025-07-02 20:00:00,2570.41,2638.884352759842,2456.286078733596,2593.2347842532804,False,-1.0,-0.8333333333333355,1.0,2581.82239212664,True,True
ETHUSDT,4h,SELL,2025-07-12 12:00:00,2916.05,3002.906518948756,2771.2891350854075,2963.51,True,-1.0,-0.7267908006536573,1.0,2939.78,True,True
ETHUSDT,4h,SELL,2025-07-13 20:00:00,2972.03,3046.3607265569594,2848.145455738402,2996.80690885232,False,-1.0,-0.8333333333333354,1.0,2984.41845442616,True,True
ETHUSDT,4h,SELL,2025-07-14 12:00:00,3012.49,3093.8464794927454,2876.8958675120907,3039.608826497581,False,-1.0,-0.8333333333333341,1.0,3026.04941324879,True,True
ETHUSDT,4h,SELL,2025-07-16 00:00:00,3115.99,3207.415808086335,2963.6136531894413,3146.4652693621115,False,-1.0,-0.8333333333333325,1.0,3131.227634681056,True,True
ETHUSDT,4h,SELL,2025-07-16 08:00:00,3150.5,3239.8715386050544,3001.547435658242,3180.2905128683515,False,-1.0,-0.8333333333333334,1.0,3165.3952564341757,True,True
ETHUSDT,4h,SELL,2025-07-19 08:00:00,3552.75,3678.222723182243,3343.628794696262,3582.41,True,-1.0,-0.8818069806418398,1.0,3567.58,True,True
ETHUSDT,4h,SELL,2025-07-21 16:00:00,3736.46,3857.2428864677336,3535.1551892204443,3776.720962155912,False,1.6666666666666654,1.8333333333333328,1.0,3756.5904810779552,True,True
ETHUSDT,4h,BUY,2025-08-02 00:00:00,3528.79,3405.750672024416,3733.855546625973,3487.776890674805,False,-1.0,-0.8333333333333328,1.0,3508.283445337402,True,True
ETHUSDT,4h,BUY,2025-08-03 00:00:00,3444.12,3321.582785132908,3648.348691445152,3403.2742617109693,False,1.666666666666663,0.5555555555555542,0.3333333333333333,3444.12,True,True
ETHUSDT,4h,SELL,2025-08-10 08:00:00,4180.57,4305.068795463038,3973.072007561602,4242.87,True,-1.0,-0.7497967760720402,1.0,4211.719999999999,True,True
ETHUSDT,4h,SELL,2025-08-11 08:00:00,4185.1,4311.0697611274,3975.150398121001,4227.0899203758,False,-1.0,-0.8333333333333345,1.0,4206.0949601879,True,True
ETHUSDT,4h,SELL,2025-08-14 12:00:00,4618.87,4778.89368827273,4352.163852878784,4672.211229424243,False,1.666666666666661,1.8333333333333264,1.0,4645.540614712121,True,True
ETHUSDT,4h,SELL,2025-08-23 00:00:00,4694.64,4882.478440317381,4381.575932804366,4757.252813439127,False,-1.0,-0.8333333333333333,1.0,4725.946406719564,True,True
ETHUSDT,4h,SELL,2025-09-13 12:00:00,4653.92,4754.131556431118,4486.90073928147,4687.323852143706,False,1.6666666666666667,1.8333333333333348,1.0,4670.621926071853,True,True
ETHUSDT,4h,BUY,2025-09-23 04:00:00,4205.24,4101.487907333032,4378.160154444947,4170.655969111011,False,-1.0,-0.8333333333333334,1.0,4187.947984555505,True,True
ETHUSDT,4h,BUY,2025-09-24 04:00:00,4175.08,4071.857936480581,4347.116772532366,4137.7,True,-1.0,-0.8189340596113541,1.0,4156.389999999999,True,True
ETHUSDT,4h,BUY,2025-09-26 00:00:00,3965.32,3841.455218039727,4171.7613032671225,3924.031739346576,False,1.6666666666666667,1.833333333333334,1.0,3944.675869673288,True,True
ETHUSDT,4h,BUY,2025-09-26 12:00:00,3946.0,3821.4028130587753,4153.661978235375,3904.467604352925,False,1.666666666666668,0.5555555555555559,0.3333333333333333,3946.0,True,True
ETHUSDT,4h,SELL,2025-10-04 00:00:00,4487.06,4596.066487401182,4305.382520998032,4523.395495800394,False,-1.0,-0.8333333333333347,1.0,4505.227747900197,True,True
ETHUSDT,4h,SELL,2025-10-05 08:00:00,4551.06,4654.535247150375,4378.6012547493765,4585.551749050125,False,-1.0,-0.8333333333333333,1.0,4568.305874525063,True,True
ETHUSDT,4h,SELL,2025-10-06 20:00:00,4684.01,4786.59986741674,4513.026887638766,4718.206622472247,False,1.6666666666666696,1.833333333333333,1.0,4701.108311236123,True,True
ETHUSDT,4h,BUY,2025-10-12 04:00:00,3827.99,3624.5192720833143,4167.107879861142,3760.1664240277714,False,1.6666666666666667,1.1666666666666667,0.6666666666666666,3811.0341060069422,True,True
ETHUSDT,4h,BUY,2025-10-12 12:00:00,4034.59,3822.463147867757,4388.13475355374,3864.888518294205,True,-1.0,-0.5999999999999998,1.0,3949.739259147103,True,True
ETHUSDT,4h,SELL,2025-10-27 08:00:00,4162.14,4259.354778201507,4000.115369664156,4194.544926067169,False,1.6666666666666683,1.833333333333336,1.0,4178.342463033585,True,True
ETHUSDT,4h,SELL,2025-10-27 20:00:00,4120.15,4220.67113619122,3952.614773014632,4190.62,True,1.666666666666668,1.2279522098593172,0.6666666666666666,4137.7675,True,True
ETHUSDT,4h,BUY,2025-10-30 20:00:00,3805.09,3674.12412760104,4023.3664539982674,3761.434709200347,False,-1.0,-0.8333333333333327,1.0,3783.262354600173,True,True
ETHUSDT,4h,BUY,2025-11-03 16:00:00,3631.5,3514.0880941766586,3827.186509705569,3592.362698058886,False,-1.0,-0.8333333333333327,1.0,3611.931349029443,True,True
ETHUSDT,4h,BUY,2025-11-04 00:00:00,3642.29,3523.95455569314,3839.515740511434,3602.844851897713,False,-1.0,-0.8333333333333326,1.0,3622.567425948856,True,True
ETHUSDT,4h,BUY,2025-11-04 08:00:00,3529.52,3402.2931373068395,3741.5647711552674,3487.1110457689465,False,-1.0,-0.8333333333333339,1.0,3508.315522884473,True,True
ETHUSDT,4h,BUY,2025-11-05 12:00:00,3398.36,3237.8459876206334,3665.883353965612,3344.8553292068777,False,-1.0,-0.8333333333333328,1.0,3371.6076646034385,True,True
ETHUSDT,4h,BUY,2025-11-21 16:00:00,2752.24,2595.7876326980286,3012.993945503285,2700.0892108993426,False,1.6666666666666683,1.1666666666666674,0.6666666666666666,2739.202302724836,True,True
ETHUSDT,4h,BUY,2025-12-01 04:00:00,2840.21,2761.9099945632065,2970.710009061323,2814.1099981877355,False,-1.0,-0.8333333333333323,1.0,2827.159999093868,True,True
ETHUSDT,4h,BUY,2025-12-01 20:00:00,2799.07,2714.845831937728,2939.4436134371213,2770.995277312576,False,1.666666666666663,1.166666666666663,0.6666666666666666,2792.0513193281445,True,True
ETHUSDT,4h,SELL,2025-12-04 16:00:00,3119.27,3226.404756507909,2940.712072486818,3154.9815855026363,False,1.6666666666666667,1.8333333333333328,1.0,3137.125792751318,True,True
ETHUSDT,4h,SELL,2025-12-09 20:00:00,3318.04,3428.819758157882,3133.4070697368634,3354.9665860526275,False,-1.0,-0.8333333333333326,1.0,3336.5032930263133,True,True
ETHUSDT,4h,SELL,2025-12-10 20:00:00,3324.14,3435.61952375874,3138.340793735433,3361.299841252913,False,1.6666666666666667,0.5555555555555556,0.3333333333333333,3324.14,True,True
ETHUSDT,4h,BUY,2025-12-18 08:00:00,2859.09,2770.545151717086,3006.6647471381907,2829.575050572362,False,1.6666666666666683,1.833333333333333,1.0,2844.3325252861814,True,True
ETHUSDT,4h,SELL,2026-01-03 04:00:00,3090.5,3147.633005891156,2995.2783235147394,3109.544335297052,False,-1.0,-0.8333333333333334,1.0,3100.022167648526,True,True
ETHUSDT,4h,SELL,2026-01-04 16:00:00,3132.72,3181.4323639688805,3051.532726718532,3148.957454656293,False,-1.0,-0.8333333333333302,1.0,3140.8387273281464,True,True
ETHUSDT,4h,SELL,2026-01-05 04:00:00,3157.33,3212.0128584692534,3066.1919025512443,3175.5576194897512,False,-1.0,-0.8333333333333319,1.0,3166.443809744875,True,True
ETHUSDT,4h,SELL,2026-01-06 16:00:00,3223.57,3294.0359365618497,3106.1267723969177,3247.0586455206167,False,-1.0,-0.8333333333333323,1.0,3235.3143227603086,True,True
ETHUSDT,4h,SELL,2026-01-07 00:00:00,3266.83,3341.5478483620027,3142.3002527299955,3291.735949454001,False,1.6666666666666647,0.5555555555555548,0.3333333333333333,3266.8299999999995,True,True
ETHUSDT,4h,SELL,2026-01-14 08:00:00,3286.22,3361.1692005605464,3161.3046657324217,3311.203066853516,False,-1.0,-0.8333333333333343,1.0,3298.7115334267573,True,True
ETHUSDT,4h,SELL,2026-01-15 00:00:00,3286.55,3370.1761024627704,3147.17316256205,3353.4508819702164,True,-1.0,-0.6000000000000003,1.0,3320.000440985108,True,True
ETHUSDT,4h,BUY,2026-01-21 12:00:00,3002.69,2919.1774377973425,3141.877603671096,2974.852479265781,False,-1.0,-0.8333333333333343,1.0,2988.7712396328907,True,True
ETHUSDT,4h,BUY,2026-01-26 00:00:00,2850.68,2780.387740424191,2967.8337659596805,2827.249246808064,False,1.6666666666666603,0.5555555555555534,0.3333333333333333,2850.68,True,True
ETHUSDT,4h,BUY,2026-01-30 08:00:00,2759.88,2665.0828300700373,2917.875283216605,2728.280943356679,False,-1.0,-0.8333333333333325,1.0,2744.08047167834,True,True
ETHUSDT,4h,BUY,2026-01-30 16:00:00,2742.4,2639.946853478757,2913.155244202073,2708.248951159585,False,-1.0,-0.8333333333333326,1.0,2725.3244755797923,True,True
ETHUSDT,4h,BUY,2026-02-02 12:00:00,2372.71,2227.4859878930306,2614.7500201782823,2324.3019959643434,False,-1.0,-0.8333333333333328,1.0,2348.505997982172,True,True
ETHUSDT,4h,BUY,2026-02-03 20:00:00,2233.72,2088.642916950472,2475.515138415879,2185.360972316824,False,-1.0,-0.8333333333333333,1.0,2209.540486158412,True,True
ETHUSDT,4h,BUY,2026-02-04 16:00:00,2188.27,2047.9275580176632,2422.174069970561,2141.489186005888,False,-1.0,-0.8333333333333333,1.0,2164.879593002944,True,True
ETHUSDT,4h,BUY,2026-02-06 08:00:00,1932.68,1778.3204930272536,2189.9458449545773,1881.226831009085,False,0.8096683025948388,0.9763349692615052,1.0,1906.953415504542,False,False
ETHUSDT,4h,BUY,2026-02-23 04:00:00,1885.5,1835.7806086188543,1968.365652301909,1868.926869539618,False,-1.0,-0.8333333333333324,1.0,1877.213434769809,True,True
ETHUSDT,4h,SELL,2026-02-25 20:00:00,2057.48,2133.666683156692,1930.5021947388464,2082.8755610522308,False,1.6666666666666636,1.8333333333333304,1.0,2070.1777805261154,True,True
ETHUSDT,4h,SELL,2026-03-04 20:00:00,2127.28,2222.541821584105,1968.5102973598248,2159.033940528035,False,1.6666666666666683,1.833333333333334,1.0,2143.1569702640177,True,True
ETHUSDT,4h,SELL,2026-03-18 04:00:00,2317.74,2383.1974056984577,2208.6443238359034,2339.5591352328192,False,1.6666666666666643,1.1666666666666654,0.6666666666666666,2323.1947838082046,True,True
ETHUSDT,4h,BUY,2026-03-28 04:00:00,2007.07,1953.2397881260304,2096.787019789949,1989.12659604201,False,-1.0,-0.8333333333333334,1.0,1998.098298021005,True,True
ETHUSDT,4h,SELL,2026-04-06 16:00:00,2144.25,2192.14844024509,2064.419266258183,2160.216146748364,False,1.6666666666666667,1.166666666666668,0.6666666666666666,2148.241536687091,True,True
ETHUSDT,4h,SELL,2026-04-08 12:00:00,2215.45,2280.3257241515585,2107.3237930807354,2237.0752413838527,False,-1.0,-0.8333333333333334,1.0,2226.2626206919263,True,True
ETHUSDT,4h,SELL,2026-04-11 20:00:00,2284.99,2341.52126752346,2190.7712207942327,2303.833755841153,False,1.6666666666666747,0.5555555555555582,0.3333333333333333,2284.99,True,True
ETHUSDT,4h,SELL,2026-04-14 12:00:00,2364.63,2431.953123677511,2252.424793870815,2387.071041225837,False,-1.0,-0.8333333333333333,1.0,2375.8505206129184,True,True
ETHUSDT,4h,SELL,2026-04-17 16:00:00,2427.92,2493.5025636487744,2318.6157272520427,2449.780854549592,False,1.666666666666669,1.1666666666666687,0.6666666666666666,2433.385213637398,True,True
ETHUSDT,4h,SELL,2026-05-04 04:00:00,2362.8,2405.851572231973,2291.047379613379,2377.1505240773245,False,-1.0,-0.8333333333333316,1.0,2369.9752620386625,True,True
ETHUSDT,4h,BUY,2026-05-16 12:00:00,2180.0,2138.022080378504,2249.9631993691605,2166.007360126168,False,-1.0,-0.8333333333333351,1.0,2173.003680063084,True,True
ETHUSDT,4h,BUY,2026-05-18 08:00:00,2133.9,2092.505297948881,2202.8911700851977,2120.1017659829604,False,-1.0,-0.8333333333333333,1.0,2127.0008829914805,True,True
ETHUSDT,4h,BUY,2026-05-18 16:00:00,2125.07,2077.5708691498007,2204.2352180836656,2109.236956383267,False,-1.0,-0.8333333333333333,1.0,2117.153478191633,True,True
ETHUSDT,4h,BUY,2026-05-23 00:00:00,2070.78,2029.3984600253425,2139.7492332910965,2056.986153341781,False,-1.0,-0.8333333333333351,1.0,2063.8830766708907,True,True
ETHUSDT,4h,BUY,2026-05-23 12:00:00,2060.27,2015.5054233511944,2134.8776277480097,2057.79,True,1.6666666666666667,1.6943671408547356,1.0,2059.03,True,True
ETHUSDT,4h,BUY,2026-05-28 04:00:00,1995.56,1947.2161524831383,2076.133079194769,1979.445384161046,False,-1.0,-0.8333333333333333,1.0,1987.5026920805228,True,True
ETHUSDT,4h,BUY,2026-05-28 16:00:00,2014.55,1966.29947594951,2094.9675400841497,1998.46649198317,False,-1.0,-0.8333333333333341,1.0,2006.5082459915848,True,True
ETHUSDT,4h,BUY,2026-06-03 04:00:00,1878.39,1817.8445222750277,1979.2991295416207,1858.208174091676,False,-1.0,-0.8333333333333327,1.0,1868.2990870458375,True,True
ETHUSDT,4h,BUY,2026-06-07 04:00:00,1615.18,1542.8502740681804,1735.7295432196995,1591.0700913560602,False,0.676208839033954,0.2254029463446513,0.3333333333333333,1615.18,False,False
SOLUSDT,4h,BUY,2025-02-17 08:00:00,184.25,178.09930944092912,194.5011509317848,182.19976981364303,False,-1.0,-0.8333333333333317,1.0,183.2248849068215,True,True
SOLUSDT,4h,BUY,2025-02-18 20:00:00,169.32,161.052570346074,183.09904942321,166.564190115358,False,-1.0,-0.8333333333333344,1.0,167.942095057679,True,True
SOLUSDT,4h,BUY,2025-02-19 04:00:00,168.95,160.75109381880867,182.61484363531883,166.21703127293625,False,-1.0,-0.8333333333333344,1.0,167.58351563646812,True,True
SOLUSDT,4h,BUY,2025-02-25 16:00:00,145.43,135.99414769400653,161.15642050998912,142.2847158980022,False,-1.0,-0.8333333333333333,1.0,143.85735794900108,True,True
SOLUSDT,4h,BUY,2025-02-26 12:00:00,139.27,130.6312727672078,153.66787872132036,136.39042425573595,False,-1.0,-0.8333333333333337,1.0,137.83021212786798,True,True
SOLUSDT,4h,BUY,2025-02-26 20:00:00,135.32,126.21410764111285,150.49648726481192,132.2847025470376,False,-1.0,-0.8333333333333333,1.0,133.8023512735188,True,True
SOLUSDT,4h,BUY,2025-02-28 04:00:00,128.55,119.99950857564268,142.80081904059557,125.6998361918809,False,1.6666666666666672,0.5555555555555557,0.3333333333333333,128.55,True,True
SOLUSDT,4h,SELL,2025-03-03 00:00:00,169.88,181.40665043602837,150.66891593995277,176.65,True,1.666666666666665,0.5555555555555549,0.3333333333333333,169.88,True,True
SOLUSDT,4h,BUY,2025-03-11 00:00:00,119.96,111.48852721612876,134.07912130645204,117.13617573870958,False,1.666666666666668,0.5555555555555559,0.3333333333333333,119.96,True,True
SOLUSDT,4h,SELL,2025-03-24 20:00:00,141.01,145.41557566150092,133.66737389749844,142.4785252205003,False,-1.0,-0.8333333333333344,1.0,141.74426261025013,True,True
SOLUSDT,4h,SELL,2025-03-25 16:00:00,145.03,149.87536301668513,136.95439497219144,146.64512100556172,False,1.6666666666666703,1.1666666666666696,0.6666666666666666,145.43378025139043,True,True
SOLUSDT,4h,BUY,2025-03-29 12:00:00,126.32,121.73987082083543,133.95354863194095,124.7932902736118,False,-1.0,-0.8333333333333328,1.0,125.5566451368059,True,True
SOLUSDT,4h,BUY,2025-03-30 00:00:00,125.71,121.15154015793566,133.30743307010724,124.19051338597856,False,-1.0,-0.8333333333333333,1.0,124.95025669298926,True,True
SOLUSDT,4h,BUY,2025-04-07 12:00:00,106.65,99.22662957492712,119.02228404178814,104.17554319164238,False,1.6666666666666647,1.8333333333333308,1.0,105.4127715958212,True,True
SOLUSDT,4h,SELL,2025-04-13 04:00:00,128.55,134.56511209863572,118.52481316894053,130.5550373662119,False,-1.0,-0.8333333333333333,1.0,129.55251868310594,True,True
SOLUSDT,4h,SELL,2025-04-20 04:00:00,139.61,143.8752791453383,132.50120142443618,141.03175971511277,False,-1.0,-0.8333333333333333,1.0,140.3208798575564,True,True
SOLUSDT,4h,SELL,2025-04-22 16:00:00,144.24,149.13012166381898,136.0897972269684,145.87004055460633,False,-1.0,-0.8333333333333323,1.0,145.0550202773032,True,True
SOLUSDT,4h,SELL,2025-04-23 16:00:00,150.16,155.48176882254316,141.29038529576138,151.9339229408477,False,-1.0,-0.8333333333333333,1.0,151.04696147042384,True,True
SOLUSDT,4h,SELL,2025-04-24 00:00:00,147.76,152.95272413780506,139.10545977032487,149.49090804593502,False,-1.0,-0.8333333333333324,1.0,148.62545402296752,True,True
SOLUSDT,4h,SELL,2025-04-25 12:00:00,152.94,158.17937950640072,144.2077008226655,154.6864598354669,False,1.6666666666666612,0.5555555555555537,0.3333333333333333,152.94,True,True
SOLUSDT,4h,SELL,2025-05-10 08:00:00,169.0,175.07780551312658,158.87032414478904,171.0259351710422,False,-1.0,-0.8333333333333333,1.0,170.0129675855211,True,True
SOLUSDT,4h,SELL,2025-05-11 04:00:00,172.6,179.3012644608372,161.43122589860465,174.83375482027907,False,-1.0,-0.8333333333333319,1.0,173.71687741013957,True,True
SOLUSDT,4h,SELL,2025-05-23 04:00:00,182.55,189.2900041589079,171.31665973515356,184.7966680529693,False,1.666666666666664,1.8333333333333304,1.0,183.67333402648467,True,True
SOLUSDT,4h,BUY,2025-05-31 12:00:00,155.63,149.84712903535004,165.2681182744166,153.70237634511668,False,-1.0,-0.833333333333334,1.0,154.66618817255835,True,True
SOLUSDT,4h,BUY,2025-06-01 12:00:00,154.17,148.84802947910586,163.03995086815686,152.3960098263686,False,1.6666666666666667,1.833333333333333,1.0,153.2830049131843,True,True
SOLUSDT,4h,BUY,2025-06-06 00:00:00,146.84,141.56182038469618,155.63696602550638,145.08060679489873,False,1.6666666666666667,0.5555555555555556,0.3333333333333333,146.84,True,True
SOLUSDT,4h,BUY,2025-06-13 08:00:00,145.45,139.27639741009676,155.73933764983872,143.39213247003224,False,1.6666666666666696,1.833333333333338,1.0,144.4210662350161,True,True
SOLUSDT,4h,BUY,2025-06-22 20:00:00,131.71,125.8280618371356,141.51323027144068,129.74935394571187,False,1.6666666666666667,1.1666666666666667,0.6666666666666666,131.219838486428,True,True
SOLUSDT,4h,SELL,2025-06-30 20:00:00,154.81,159.69658186022187,146.66569689963023,156.43886062007397,False,1.6666666666666647,1.1666666666666656,0.6666666666666666,155.2172151550185,True,True
SOLUSDT,4h,SELL,2025-07-09 20:00:00,157.05,160.81718273927038,150.77136210121606,158.3057275797568,False,-1.0,-0.8333333333333334,1.0,157.67786378987842,True,True
SOLUSDT,4h,SELL,2025-07-10 12:00:00,156.43,160.19684457560135,150.15192570733112,157.93,True,-1.0,-0.8008943600014954,1.0,157.18,True,True
SOLUSDT,4h,SELL,2025-07-11 12:00:00,162.34,167.1526439861784,154.31892668970266,165.43,True,-1.0,-0.6789706439044441,1.0,163.885,True,True
SOLUSDT,4h,SELL,2025-07-11 20:00:00,162.93,168.02054506971507,154.4457582171416,165.43,True,-1.0,-0.7544467276330455,1.0,164.18,True,True
SOLUSDT,4h,SELL,2025-07-17 00:00:00,169.54,175.237311674674,160.04448054220998,171.439103891558,False,-1.0,-0.8333333333333324,1.0,170.489551945779,True,True
SOLUSDT,4h,SELL,2025-07-18 08:00:00,178.46,185.05169793862365,167.4738367689606,180.6572326462079,False,-1.0,-0.833333333333334,1.0,179.55861632310393,True,True
SOLUSDT,4h,SELL,2025-07-20 20:00:00,181.43,186.9699377038312,172.1967704936147,183.27664590127708,False,-1.0,-0.8333333333333333,1.0,182.35332295063853,True,True
SOLUSDT,4h,SELL,2025-07-23 00:00:00,201.39,209.65544655277367,187.61425574537708,204.14514885092456,False,1.666666666666668,0.5555555555555559,0.3333333333333333,201.39,True,True
SOLUSDT,4h,BUY,2025-08-03 00:00:00,160.86,154.47334294448115,171.5044284258648,158.17,True,1.666666666666668,0.555555555555556,0.3333333333333333,160.86,True,True
SOLUSDT,4h,SELL,2025-08-13 12:00:00,197.44,205.27944947798017,184.37425087003305,200.0531498259934,False,-1.0,-0.8333333333333334,1.0,198.7465749129967,True,True
SOLUSDT,4h,SELL,2025-08-14 08:00:00,203.62,211.54452352447584,190.4124607925403,206.26150784149195,False,1.6666666666666667,1.1666666666666663,0.6666666666666666,204.280376960373,True,True
SOLUSDT,4h,SELL,2025-08-24 04:00:00,206.66,214.0943665999406,194.269389000099,209.1381221999802,False,1.666666666666664,1.83333333333333,1.0,207.8990610999901,True,True
SOLUSDT,4h,SELL,2025-09-08 20:00:00,214.11,219.40133526444012,205.2911078925998,215.87377842148007,False,-1.0,-0.8333333333333315,1.0,214.99188921074003,True,True
SOLUSDT,4h,SELL,2025-09-09 08:00:00,217.25,222.71504139066144,208.14159768223092,219.0716804635538,False,-1.0,-0.833333333333335,1.0,218.1608402317769,True,True
SOLUSDT,4h,SELL,2025-09-13 16:00:00,238.98,245.01909656023943,228.9148390662676,240.9930321867465,False,-1.0,-0.8333333333333348,1.0,239.9865160933732,True,True
SOLUSDT,4h,SELL,2025-09-14 12:00:00,243.81,250.13112071819216,233.27479880301303,245.91704023939735,False,1.666666666666668,1.8333333333333348,1.0,244.8635201196987,True,True
SOLUSDT,4h,BUY,2025-09-23 04:00:00,219.0,211.45823879482745,231.5696020086209,212.966591035862,True,-1.0,-0.5999999999999996,1.0,215.98329551793097,True,True
SOLUSDT,4h,BUY,2025-09-24 08:00:00,212.35,204.6871724674126,225.12137922097892,209.7957241558042,False,-1.0,-0.8333333333333339,1.0,211.07286207790207,True,True
SOLUSDT,4h,BUY,2025-09-26 16:00:00,200.68,192.40637694533703,214.46937175777165,197.92212564844567,False,1.6666666666666656,1.166666666666666,0.6666666666666666,199.99053141211144,True,True
SOLUSDT,4h,SELL,2025-10-02 04:00:00,222.9,229.5677656760592,211.787057206568,225.1225885586864,False,-1.0,-0.833333333333334,1.0,224.0112942793432,True,True
SOLUSDT,4h,SELL,2025-10-03 04:00:00,229.41,236.4200190476669,217.7266349205552,231.74667301588897,False,-1.0,-0.8333333333333334,1.0,230.57833650794447,True,True
SOLUSDT,4h,SELL,2025-10-03 16:00:00,233.17,240.86484214567207,220.34526309054652,235.73494738189063,False,1.6666666666666616,1.833333333333328,1.0,234.4524736909453,True,True
SOLUSDT,4h,BUY,2025-10-12 12:00:00,191.23,179.85596523394844,210.1867246100859,182.13077218715875,True,1.666666666666665,0.5555555555555549,0.3333333333333333,191.23,True,True
SOLUSDT,4h,SELL,2025-10-27 04:00:00,202.51,207.9233425199921,193.4877624666798,206.84067401599367,True,1.666666666666665,0.5555555555555549,0.3333333333333333,202.51,True,True
SOLUSDT,4h,BUY,2025-10-30 20:00:00,184.69,176.7846545887685,197.86557568538583,183.77,True,-1.0,-0.9418115242192396,1.0,184.23,True,True
SOLUSDT,4h,BUY,2025-11-05 08:00:00,157.48,148.6330421908658,172.22492968189027,154.53101406362194,False,-1.0,-0.8333333333333337,1.0,156.00550703181096,True,True
SOLUSDT,4h,BUY,2025-11-13 20:00:00,144.73,137.71759205483352,156.41734657527743,142.3925306849445,False,-1.0,-0.8333333333333327,1.0,143.5612653424722,True,True
SOLUSDT,4h,BUY,2025-11-14 12:00:00,142.23,135.04596591727667,154.2033901378722,139.83532197242556,False,-1.0,-0.8333333333333334,1.0,141.03266098621276,True,True
SOLUSDT,4h,BUY,2025-11-15 00:00:00,142.53,135.3470853207933,154.5015244653445,140.1356951069311,False,-1.0,-0.8333333333333346,1.0,141.33284755346557,True,True
SOLUSDT,4h,BUY,2025-11-17 20:00:00,130.99,124.80084185413052,141.30526357644916,128.92694728471017,False,1.666666666666669,1.166666666666668,0.6666666666666666,130.47423682117756,True,True
SOLUSDT,4h,BUY,2025-12-01 20:00:00,126.66,122.37156269511324,133.80739550814462,125.23052089837108,False,1.666666666666669,0.5555555555555562,0.3333333333333333,126.66,True,True
SOLUSDT,4h,SELL,2026-01-03 04:00:00,130.1,133.3764917206383,124.6391804656028,131.19216390687944,False,-1.0,-0.8333333333333333,1.0,130.6460819534397,True,True
SOLUSDT,4h,SELL,2026-01-04 04:00:00,133.8,136.76390189323786,128.86016351127026,134.78796729774595,False,-1.0,-0.8333333333333333,1.0,134.293983648873,True,True
SOLUSDT,4h,SELL,2026-01-04 16:00:00,133.56,136.50673923449108,128.6487679425149,135.0,True,-1.0,-0.7556621259280352,1.0,134.28,True,True
SOLUSDT,4h,SELL,2026-01-05 04:00:00,135.45,138.5477245255747,130.28712579070887,136.48257484185822,False,-1.0,-0.8333333333333303,1.0,135.96628742092912,True,True
SOLUSDT,4h,SELL,2026-01-06 04:00:00,137.61,141.0058902374017,131.95018293766384,138.74196341246724,False,-1.0,-0.8333333333333318,1.0,138.17598170623364,True,True
SOLUSDT,4h,SELL,2026-01-06 16:00:00,137.53,141.5521358788526,130.82644020191233,138.87071195961752,False,-1.0,-0.8333333333333345,1.0,138.20035597980876,True,True
SOLUSDT,4h,SELL,2026-01-12 04:00:00,141.41,144.89238792308365,135.60602012819393,142.5707959743612,False,-1.0,-0.833333333333336,1.0,141.9903979871806,True,True
SOLUSDT,4h,BUY,2026-01-19 16:00:00,134.45,131.26636910415232,139.7560514930794,133.3887897013841,False,-1.0,-0.8333333333333334,1.0,133.91939485069202,True,True
SOLUSDT,4h,BUY,2026-01-20 00:00:00,134.24,131.08702233980483,139.49496276699196,133.1890074466016,False,-1.0,-0.8333333333333333,1.0,133.7145037233008,True,True
SOLUSDT,4h,BUY,2026-01-21 12:00:00,130.43,126.84619797136376,136.40300338106044,129.23539932378793,False,-1.0,-0.8333333333333347,1.0,129.83269966189397,True,True
SOLUSDT,4h,BUY,2026-01-26 00:00:00,121.57,118.2348411906536,127.12859801557728,120.45828039688452,False,1.6666666666666623,0.5555555555555541,0.3333333333333333,121.56999999999998,True,True
SOLUSDT,4h,BUY,2026-01-29 20:00:00,117.82,114.19374852317742,123.86375246137096,116.6112495077258,False,-1.0,-0.8333333333333333,1.0,117.2156247538629,True,True
SOLUSDT,4h,BUY,2026-01-30 04:00:00,115.78,111.72205867559688,122.5432355406719,114.42735289186562,False,-1.0,-0.8333333333333338,1.0,115.10367644593282,True,True
SOLUSDT,4h,BUY,2026-02-02 08:00:00,102.78,96.7220724551424,112.87654590809598,100.7606908183808,False,-1.0,-0.833333333333334,1.0,101.7703454091904,True,True
SOLUSDT,4h,BUY,2026-02-04 00:00:00,99.13,93.67546812019762,108.22088646633728,97.31182270673254,False,-1.0,-0.8333333333333333,1.0,98.22091135336626,True,True
SOLUSDT,4h,BUY,2026-02-06 12:00:00,84.49,77.43912261280059,96.24146231199902,82.13970753760019,False,-1.0,-0.8333333333333329,1.0,83.31485376880009,True,True
SOLUSDT,4h,SELL,2026-02-15 08:00:00,89.17,92.29641199835562,83.95931333607396,90.2121373327852,False,1.666666666666668,0.555555555555556,0.3333333333333333,89.17,True,True
SOLUSDT,4h,BUY,2026-02-23 04:00:00,79.4,76.73274012298536,83.84543312835774,78.51091337432845,False,-1.0,-0.8333333333333324,1.0,78.95545668716423,True,True
SOLUSDT,4h,BUY,2026-02-24 12:00:00,77.3,74.59198630715315,81.81335615474474,76.39732876905104,False,1.666666666666665,0.555555555555555,0.3333333333333333,77.3,True,True
SOLUSDT,4h,SELL,2026-02-25 20:00:00,88.06,91.53477700637173,82.26870498938047,89.21825900212392,False,1.6666666666666654,1.8333333333333328,1.0,88.63912950106196,True,True
SOLUSDT,4h,SELL,2026-03-16 12:00:00,93.2,95.97777514435816,88.57037475940307,94.12592504811938,False,-1.0,-0.8333333333333341,1.0,93.6629625240597,True,True
SOLUSDT,4h,SELL,2026-03-17 00:00:00,94.07,97.11894934116432,88.98841776472614,95.08631644705476,False,1.6666666666666652,1.8333333333333324,1.0,94.57815822352738,True,True
SOLUSDT,4h,BUY,2026-03-27 20:00:00,83.11,80.51571349544164,87.43381084093059,82.24523783181388,False,-1.0,-0.8333333333333343,1.0,82.67761891590693,True,True
SOLUSDT,4h,BUY,2026-03-28 04:00:00,83.62,81.15931418739612,87.72114302100648,82.79977139579871,False,-1.0,-0.8333333333333334,1.0,83.20988569789935,True,True
SOLUSDT,4h,SELL,2026-04-16 20:00:00,89.05,91.58230046235802,84.82949922940328,89.89410015411934,False,1.6666666666666703,1.833333333333337,1.0,89.47205007705966,True,True
SOLUSDT,4h,SELL,2026-05-07 00:00:00,87.75,89.59541184619944,84.67431358966759,88.36513728206648,False,-1.0,-0.8333333333333319,1.0,88.05756864103324,True,True
SOLUSDT,4h,SELL,2026-05-08 20:00:00,92.01,94.16822353266149,88.41296077889757,92.72940784422047,False,-1.0,-0.8333333333333344,1.0,92.36970392211023,True,True
SOLUSDT,4h,SELL,2026-05-09 12:00:00,93.01,95.14833617025052,89.4461063829158,93.72277872341684,False,-1.0,-0.8333333333333321,1.0,93.36638936170844,True,True
SOLUSDT,4h,SELL,2026-05-09 20:00:00,93.13,95.12392251414458,89.80679580975902,93.7946408380482,False,-1.0,-0.8333333333333321,1.0,93.4623204190241,True,True
SOLUSDT,4h,SELL,2026-05-11 00:00:00,94.76,97.15861251126312,90.76231248122816,95.55953750375436,False,-1.0,-0.8333333333333353,1.0,95.15976875187718,True,True
SOLUSDT,4h,SELL,2026-05-11 20:00:00,97.37,99.80799462304476,93.30667562825876,98.18266487434823,False,1.6666666666666627,0.5555555555555542,0.3333333333333333,97.37,True,True
SOLUSDT,4h,BUY,2026-05-16 12:00:00,86.5,84.27266366548402,90.2122272241933,85.75755455516133,False,-1.0,-0.8333333333333323,1.0,86.12877727758067,True,True
SOLUSDT,4h,BUY,2026-05-18 16:00:00,84.99,82.86636616527697,88.52938972453838,84.28212205509232,False,-1.0,-0.8333333333333333,1.0,84.63606102754616,True,True
SOLUSDT,4h,BUY,2026-05-28 04:00:00,81.26,79.16848320763586,84.74586132060692,80.56282773587863,False,-1.0,-0.8333333333333344,1.0,80.9114138679393,True,True
SOLUSDT,4h,BUY,2026-06-03 04:00:00,75.27,72.43918551984733,79.98802413358777,74.32639517328244,False,-1.0,-0.8333333333333316,1.0,74.79819758664121,True,True
SOLUSDT,4h,BUY,2026-06-07 00:00:00,63.84,60.47486867906696,69.44855220155507,62.71828955968899,False,0.4427761825315229,0.350739677243237,0.6666666666666666,63.559572389922245,False,False
BNBUSDT,4h,BUY,2025-02-25 08:00:00,611.17,590.5730960810351,645.4981731982747,604.3043653603451,False,-1.0,-0.8333333333333341,1.0,607.7371826801725,True,True
BNBUSDT,4h,BUY,2025-02-28 12:00:00,588.48,564.652245592697,628.1929240121717,580.5374151975657,False,1.6666666666666667,1.1666666666666663,0.6666666666666666,586.4943537993914,True,True
BNBUSDT,4h,BUY,2025-03-04 04:00:00,564.91,542.3497210185187,602.5104649691355,557.3899070061728,False,1.66666666666667,1.8333333333333373,1.0,561.1499535030864,True,True
BNBUSDT,4h,BUY,2025-03-10 00:00:00,560.65,544.5032439627903,587.561260062016,555.2677479875967,False,-1.0,-0.8333333333333321,1.0,557.9588739937983,True,True
BNBUSDT,4h,BUY,2025-03-11 04:00:00,558.18,535.4774745215213,596.0175424641309,550.0,True,1.6666666666666634,1.8468228349254416,1.0,554.0899999999999,True,True
BNBUSDT,4h,SELL,2025-03-16 00:00:00,609.39,626.2472239012587,581.2946268312354,615.0090746337529,False,-1.0,-0.8333333333333333,1.0,612.1995373168764,True,True
BNBUSDT,4h,SELL,2025-03-17 12:00:00,629.99,648.1089985440809,599.7916690931984,636.0296661813603,False,1.666666666666673,1.8333333333333384,1.0,633.0098330906801,True,True
BNBUSDT,4h,SELL,2025-03-25 08:00:00,634.41,645.5916738524558,615.7738769125735,638.1372246174852,False,1.6666666666666767,0.5555555555555589,0.3333333333333333,634.41,True,True
BNBUSDT,4h,BUY,2025-03-29 12:00:00,604.73,592.0677461084431,625.8337564859281,600.5092487028144,False,-1.0,-0.8333333333333334,1.0,602.6196243514072,True,True
BNBUSDT,4h,BUY,2025-04-07 12:00:00,552.01,532.0350376984039,585.3016038359934,545.3516792328013,False,1.6666666666666667,1.8333333333333344,1.0,548.6808396164006,True,True
BNBUSDT,4h,SELL,2025-04-23 00:00:00,615.32,624.1738145321087,600.5636424464855,618.271271510703,False,1.6666666666666794,1.833333333333344,1.0,616.7956357553514,True,True
BNBUSDT,4h,BUY,2025-05-05 00:00:00,588.27,582.0544197680492,598.6293003865845,586.198139922683,False,1.6666666666666603,0.5555555555555535,0.3333333333333333,588.27,True,True
BNBUSDT,4h,SELL,2025-05-08 16:00:00,619.4,628.0659510232742,604.956748294543,622.2886503410914,False,-1.0,-0.8333333333333311,1.0,620.8443251705457,True,True
BNBUSDT,4h,SELL,2025-05-09 00:00:00,624.7,633.8566108312926,609.4389819478458,627.7522036104309,False,-1.0,-0.8333333333333354,1.0,626.2261018052154,True,True
BNBUSDT,4h,SELL,2025-05-10 08:00:00,649.25,664.6728791391388,623.5452014347687,654.3909597130463,False,-1.0,-0.8333333333333308,1.0,651.8204798565232,True,True
BNBUSDT,4h,SELL,2025-05-11 04:00:00,655.54,671.3465896449549,629.1956839250751,664.39,True,-1.0,-0.7200534650804735,1.0,659.9649999999999,True,True
BNBUSDT,4h,SELL,2025-05-12 12:00:00,663.68,683.5360602468245,630.5865662552925,664.39,True,-1.0,-0.9821213274140428,1.0,664.0349999999999,True,True
BNBUSDT,4h,SELL,2025-05-22 12:00:00,681.94,695.4580676495494,659.409887250751,686.4460225498499,False,1.6666666666666723,1.8333333333333404,1.0,684.193011274925,True,True
BNBUSDT,4h,SELL,2025-05-23 04:00:00,682.29,695.2451914602973,660.6980142328377,686.6083971534324,False,1.6666666666666667,1.833333333333333,1.0,684.4491985767161,True,True
BNBUSDT,4h,BUY,2025-05-31 04:00:00,653.85,641.7904628806662,673.9492285322231,649.8301542935554,False,-1.0,-0.8333333333333348,1.0,651.8400771467777,True,True
BNBUSDT,4h,BUY,2025-06-06 00:00:00,641.38,629.1277898496506,661.8003502505823,637.2959299498835,False,1.6666666666666667,1.8333333333333333,1.0,639.3379649749418,True,True
BNBUSDT,4h,BUY,2025-06-22 20:00:00,615.81,603.9663451645085,635.549424725819,611.8621150548362,False,1.6666666666666698,0.5555555555555566,0.3333333333333333,615.81,True,True
BNBUSDT,4h,SELL,2025-06-30 20:00:00,656.9,662.905728014128,646.8904533097865,658.9019093380426,False,1.666666666666673,1.833333333333336,1.0,657.9009546690213,True,True
BNBUSDT,4h,SELL,2025-07-11 20:00:00,689.99,699.852160155876,673.5530664068733,693.2773867186254,False,-1.0,-0.8333333333333315,1.0,691.6336933593127,True,True
BNBUSDT,4h,SELL,2025-07-12 08:00:00,691.84,701.5274675154736,675.6942208075441,695.0691558384913,False,-1.0,-0.8333333333333333,1.0,693.4545779192456,True,True
BNBUSDT,4h,SELL,2025-07-14 12:00:00,692.57,703.3415451144886,674.6174248091858,696.1605150381629,False,-1.0,-0.8333333333333316,1.0,694.3652575190815,True,True
BNBUSDT,4h,SELL,2025-07-17 16:00:00,715.61,730.2909214275742,691.1417976207098,723.47,True,-1.0,-0.7323056308564843,1.0,719.54,True,True
BNBUSDT,4h,SELL,2025-07-18 16:00:00,731.85,751.2853707612139,699.4577153979768,738.3284569204046,False,-1.0,-0.8333333333333343,1.0,735.0892284602023,True,True
BNBUSDT,4h,SELL,2025-07-21 16:00:00,757.14,776.881814328007,724.2369761199883,763.7206047760023,False,-1.0,-0.8333333333333333,1.0,760.4303023880011,True,True
BNBUSDT,4h,SELL,2025-07-23 12:00:00,784.43,808.330363095007,744.5960615083216,792.3967876983356,False,1.6666666666666667,0.5555555555555555,0.3333333333333333,784.43,True,True
BNBUSDT,4h,SELL,2025-07-28 12:00:00,836.18,859.6762351179244,797.0196081367925,844.0120783726414,False,1.6666666666666667,1.1666666666666663,0.6666666666666666,838.1380195931604,True,True
BNBUSDT,4h,BUY,2025-08-02 00:00:00,764.29,740.8499032874352,803.3568278542746,756.4766344291451,False,-1.0,-0.8333333333333349,1.0,760.3833172145726,True,True
BNBUSDT,4h,BUY,2025-08-03 00:00:00,744.09,721.2919111764553,782.086814705908,736.4906370588185,False,1.6666666666666683,0.555555555555556,0.3333333333333333,744.09,True,True
BNBUSDT,4h,SELL,2025-08-09 12:00:00,806.47,821.9513966454213,780.6676722576312,811.6304655484738,False,-1.0,-0.8333333333333308,1.0,809.0502327742369,True,True
BNBUSDT,4h,SELL,2025-08-13 12:00:00,841.44,861.9335339863466,807.284110022756,848.2711779954489,False,-1.0,-0.8333333333333341,1.0,844.8555889977245,True,True
BNBUSDT,4h,SELL,2025-08-14 12:00:00,846.97,870.4946773376345,807.7622044372758,858.89,True,-1.0,-0.7466490224516161,1.0,852.93,True,True
BNBUSDT,4h,SELL,2025-08-23 00:00:00,882.78,906.5832871391262,843.1078547681229,890.7144290463754,False,1.6666666666666634,1.8333333333333304,1.0,886.7472145231876,True,True
BNBUSDT,4h,SELL,2025-09-08 04:00:00,874.18,884.62936800176,856.7643866637331,877.6631226672533,False,-1.0,-0.8333333333333315,1.0,875.9215613336266,True,True
BNBUSDT,4h,SELL,2025-09-10 16:00:00,890.79,903.1572276920584,870.1779538465693,894.9124092306861,False,-1.0,-0.8333333333333333,1.0,892.851204615343,True,True
BNBUSDT,4h,SELL,2025-09-11 12:00:00,893.31,905.6954110944612,872.6676481758982,897.4384703648203,False,-1.0,-0.8333333333333348,1.0,895.3742351824101,True,True
BNBUSDT,4h,SELL,2025-09-12 04:00:00,903.45,915.2748864084992,883.7418559858348,907.3916288028332,False,-1.0,-0.8333333333333316,1.0,905.4208144014164,True,True
BNBUSDT,4h,SELL,2025-09-13 16:00:00,930.14,944.3616349188924,906.4372751351796,934.880544972964,False,-1.0,-0.8333333333333306,1.0,932.510272486482,True,True
BNBUSDT,4h,SELL,2025-09-14 00:00:00,931.06,944.8392923535346,908.0945127441088,935.6530974511782,False,-1.0,-0.8333333333333333,1.0,933.356548725589,True,True
BNBUSDT,4h,SELL,2025-09-14 08:00:00,931.64,946.3416602436088,907.1372329273185,943.4013281948872,True,-1.0,-0.5999999999999979,1.0,937.5206640974434,True,True
BNBUSDT,4h,SELL,2025-09-17 04:00:00,954.7,971.0972613386666,927.3712311022224,960.1657537795556,False,-1.0,-0.8333333333333333,1.0,957.4328768897776,True,True
BNBUSDT,4h,SELL,2025-09-18 20:00:00,981.04,999.9207497670518,949.5720837215802,987.333583255684,False,-1.0,-0.8333333333333313,1.0,984.186791627842,True,True
BNBUSDT,4h,SELL,2025-09-19 08:00:00,985.75,1005.1194031480368,953.4676614199388,989.915,True,-1.0,-0.8924850712185699,1.0,987.8325,True,True
BNBUSDT,4h,SELL,2025-09-21 16:00:00,1047.85,1074.1239586295312,1004.0600689507812,1058.44,True,1.666666666666661,1.178287893448589,0.6666666666666666,1050.4975,True,True
BNBUSDT,4h,SELL,2025-10-04 08:00:00,1151.69,1188.4512102512383,1090.421316247936,1163.9437367504129,False,-1.0,-0.8333333333333334,1.0,1157.8168683752065,True,True
BNBUSDT,4h,SELL,2025-10-05 08:00:00,1167.85,1203.2211448217486,1108.8980919637522,1179.6403816072495,False,-1.0,-0.8333333333333333,1.0,1173.7451908036246,True,True
BNBUSDT,4h,SELL,2025-10-08 00:00:00,1276.22,1329.664749998809,1187.145416668652,1294.0349166662695,False,1.6666666666666652,1.8333333333333328,1.0,1285.1274583331349,True,True
BNBUSDT,4h,SELL,2025-10-08 12:00:00,1293.96,1347.579912808813,1204.593478651978,1311.8333042696045,False,1.6666666666666694,1.8333333333333368,1.0,1302.896652134802,True,True
BNBUSDT,4h,BUY,2025-10-17 08:00:00,1072.28,1005.057244172068,1184.3179263798866,1018.5017953376544,True,-1.0,-0.5999999999999999,1.0,1045.3908976688272,True,True
BNBUSDT,4h,SELL,2025-10-27 12:00:00,1143.86,1176.752278876408,1089.0395352059866,1154.8240929588026,False,1.6666666666666667,1.1666666666666663,0.6666666666666666,1146.601023239701,True,True
BNBUSDT,4h,BUY,2025-11-05 00:00:00,949.19,903.4120182639429,1025.486636226762,939.6,True,-1.0,-0.8952553210483013,1.0,944.395,True,True
BNBUSDT,4h,BUY,2025-11-21 20:00:00,830.46,793.017068168237,892.8648863862719,817.9790227227456,False,1.6666666666666687,1.833333333333336,1.0,824.2195113613727,True,True
BNBUSDT,4h,BUY,2025-12-01 20:00:00,826.61,804.1129578704212,864.1050702159648,819.1109859568071,False,1.6666666666666683,1.1666666666666683,0.6666666666666666,824.7352464892017,True,True
BNBUSDT,4h,SELL,2025-12-29 04:00:00,860.58,873.2324589604731,839.4925683992117,864.7974863201578,False,-1.0,-0.8333333333333304,1.0,862.688743160079,True,True
BNBUSDT,4h,SELL,2026-01-06 04:00:00,904.71,917.230412048159,883.8426465864018,908.8834706827196,False,-1.0,-0.8333333333333334,1.0,906.79673534136,True,True
BNBUSDT,4h,SELL,2026-01-06 16:00:00,901.2,916.5272941945354,875.6545096757743,906.3090980648452,False,-1.0,-0.8333333333333333,1.0,903.7545490324226,True,True
BNBUSDT,4h,SELL,2026-01-14 04:00:00,937.45,953.9810340117158,909.8982766471404,942.960344670572,False,-1.0,-0.833333333333331,1.0,940.205172335286,True,True
BNBUSDT,4h,BUY,2026-01-21 12:00:00,892.66,873.6241776113989,924.3863706476684,886.3147258704663,False,-1.0,-0.8333333333333343,1.0,889.487362935233,True,True
BNBUSDT,4h,BUY,2026-01-25 20:00:00,866.02,853.1714579562748,887.434236739542,861.7371526520916,False,1.6666666666666756,0.5555555555555585,0.3333333333333333,866.0199999999999,True,True
BNBUSDT,4h,BUY,2026-02-02 12:00:00,777.86,746.2361226557267,830.5664622404556,767.3187075519089,False,-1.0,-0.8333333333333333,1.0,772.5893537759544,True,True
BNBUSDT,4h,BUY,2026-02-06 12:00:00,651.2,611.0035727280764,718.1940454532062,637.8011909093589,False,-1.0,-0.8333333333333338,1.0,644.5005954546795,True,True
BNBUSDT,4h,BUY,2026-02-11 16:00:00,610.47,586.9470977333739,649.6748371110436,602.6290325777913,False,-1.0,-0.8333333333333341,1.0,606.5495162888957,True,True
BNBUSDT,4h,BUY,2026-02-23 04:00:00,599.31,584.7388402756224,623.5952662072959,594.4529467585407,False,-1.0,-0.8333333333333334,1.0,596.8814733792703,True,True
BNBUSDT,4h,SELL,2026-03-16 08:00:00,677.2,689.7370321266974,656.3049464555045,681.3790107088992,False,1.6666666666666667,1.8333333333333333,1.0,679.2895053544496,True,True
BNBUSDT,4h,BUY,2026-03-22 00:00:00,634.84,623.2550788129764,654.1482019783726,630.9783596043255,False,-1.0,-0.8333333333333334,1.0,632.9091798021627,True,True
BNBUSDT,4h,BUY,2026-03-23 08:00:00,638.4,624.7624646510903,661.1292255815159,627.4899717208723,True,-1.0,-0.6000000000000022,1.0,632.9449858604362,True,True
BNBUSDT,4h,BUY,2026-03-27 20:00:00,613.95,601.8464435028919,634.1225941618469,609.9154811676307,False,-1.0,-0.8333333333333317,1.0,611.9327405838153,True,True
BNBUSDT,4h,BUY,2026-04-02 16:00:00,583.51,570.0684586443888,605.9125689260187,579.0294862147963,False,1.6666666666666694,1.1666666666666663,0.6666666666666666,582.3898715536991,True,True
BNBUSDT,4h,SELL,2026-04-08 00:00:00,613.29,624.929199809747,593.8913336504214,619.85,True,1.6666666666666732,1.2050465492172409,0.6666666666666666,614.93,True,True
BNBUSDT,4h,SELL,2026-05-06 20:00:00,647.74,658.0973561516137,630.4777397473106,651.1924520505379,False,-1.0,-0.8333333333333334,1.0,649.466226025269,True,True
BNBUSDT,4h,BUY,2026-05-18 16:00:00,644.78,632.4171441405093,665.3847597658178,640.6590480468365,False,1.6666666666666696,1.8333333333333348,1.0,642.7195240234182,True,True
BNBUSDT,4h,BUY,2026-05-28 12:00:00,634.79,624.3870907517803,652.1281820803661,631.3223635839267,False,1.6666666666666667,1.833333333333333,1.0,633.0561817919634,True,True
BNBUSDT,4h,SELL,2026-05-31 16:00:00,708.55,729.2305579001705,674.0824034997157,715.4435193000568,False,-1.0,-0.8333333333333341,1.0,711.9967596500283,True,True
BNBUSDT,4h,BUY,2026-06-04 12:00:00,606.4,580.2350342015886,650.0082763306856,597.6783447338629,False,-1.0,-0.833333333333334,1.0,602.0391723669314,True,True
BNBUSDT,4h,BUY,2026-06-06 04:00:00,579.06,552.5504102173925,623.242649637679,570.2234700724641,False,0.6088362789600504,0.4614464081955891,0.6666666666666666,576.850867518116,False,False
BNBUSDT,4h,BUY,2026-06-06 12:00:00,575.86,550.9896394221395,617.3106009631009,567.5698798073798,False,0.7776324729773478,0.5739772042071207,0.6666666666666666,573.787469951845,False,False
BNBUSDT,4h,BUY,2026-06-06 20:00:00,574.53,551.8125717466406,612.3923804222655,566.9575239155469,False,0.9098741182089348,0.3032913727363115,0.3333333333333333,574.53,False,False
XRPUSDT,1h,BUY,2026-02-11 07:00:00,1.3667,1.341985878009654,1.4078902033172436,1.3584619593365512,False,1.6666666666666636,1.8333333333333304,1.0,1.3625809796682755,True,True
XRPUSDT,1h,SELL,2026-02-13 19:00:00,1.4112,1.435747557634967,1.370287403941722,1.4193825192116556,False,-1.0,-0.8333333333333348,1.0,1.4152912596058278,True,True
XRPUSDT,1h,SELL,2026-02-14 13:00:00,1.4571,1.478628478861347,1.4212192018977552,1.464276159620449,False,-1.0,-0.8333333333333368,1.0,1.4606880798102244,True,True
XRPUSDT,1h,SELL,2026-02-15 09:00:00,1.5904,1.63167015854227,1.5216164024295502,1.60415671951409,False,1.6666666666666667,1.1666666666666667,0.6666666666666666,1.5938391798785223,True,True
XRPUSDT,1h,BUY,2026-02-19 01:00:00,1.4268,1.4054070998533608,1.462454833577732,1.4195,True,-1.0,-0.8293826468136252,1.0,1.42315,True,True
XRPUSDT,1h,BUY,2026-02-19 14:00:00,1.4008,1.3795410292764414,1.436231617872598,1.3937136764254805,False,-1.0,-0.8333333333333316,1.0,1.3972568382127402,True,True
XRPUSDT,1h,BUY,2026-02-22 21:00:00,1.3911,1.3788077555703568,1.4115870740494054,1.3863,True,-1.0,-0.8047549400976539,1.0,1.3887,True,True
XRPUSDT,1h,BUY,2026-02-23 06:00:00,1.3681,1.3487727583161664,1.4003120694730564,1.3616575861053888,False,1.6666666666666743,1.1666666666666723,0.6666666666666666,1.3664893965263474,True,True
XRPUSDT,1h,SELL,2026-02-25 22:00:00,1.4558,1.4859203212441523,1.4055994645930792,1.4658401070813842,False,1.6666666666666643,1.833333333333332,1.0,1.460820053540692,True,True
XRPUSDT,1h,BUY,2026-02-27 17:00:00,1.358,1.3350381987666808,1.396269668722199,1.3503460662555604,False,-1.0,-0.8333333333333365,1.0,1.3541730331277804,True,True
XRPUSDT,1h,BUY,2026-02-27 22:00:00,1.354,1.333070210579441,1.3888829823675988,1.3470234035264803,False,-1.0,-0.8333333333333315,1.0,1.3505117017632402,True,True
XRPUSDT,1h,BUY,2026-02-28 13:00:00,1.3415,1.3130699734706408,1.388883377548932,1.3320233244902135,False,-1.0,-0.8333333333333346,1.0,1.3367616622451068,True,True
XRPUSDT,1h,SELL,2026-03-01 03:00:00,1.4185,1.45164574472148,1.3632570921308669,1.4295485815738267,False,1.666666666666669,0.5555555555555562,0.3333333333333333,1.4185,True,True
XRPUSDT,1h,SELL,2026-03-04 10:00:00,1.4048,1.4306492052259845,1.3617179912900264,1.4134164017419948,False,-1.0,-0.8333333333333333,1.0,1.4091082008709974,True,True
XRPUSDT,1h,SELL,2026-03-04 17:00:00,1.4427,1.4737816520140452,1.390897246643258,1.4530605506713483,False,1.6666666666666714,1.833333333333339,1.0,1.4478802753356743,True,True
XRPUSDT,1h,SELL,2026-03-04 21:00:00,1.4474,1.4771366634520289,1.3978388942466184,1.4573122211506764,False,1.6666666666666716,1.1666666666666703,0.6666666666666666,1.449878055287669,True,True
XRPUSDT,1h,BUY,2026-03-06 18:00:00,1.3586,1.3378650510501446,1.393158248249759,1.3516883503500483,False,-1.0,-0.833333333333335,1.0,1.3551441751750242,True,True
XRPUSDT,1h,SELL,2026-03-10 10:00:00,1.4055,1.425855782231941,1.3715736962800982,1.4122852607439804,False,-1.0,-0.8333333333333315,1.0,1.40889263037199,True,True
XRPUSDT,1h,SELL,2026-03-10 15:00:00,1.4308,1.456981244983943,1.3871645916934283,1.4395270816613144,False,1.6666666666666667,1.166666666666668,0.6666666666666666,1.4329817704153287,True,True
XRPUSDT,1h,SELL,2026-03-15 23:00:00,1.4487,1.4667240101892147,1.4186599830179756,1.454708003396405,False,-1.0,-0.8333333333333313,1.0,1.4517040016982024,True,True
XRPUSDT,1h,SELL,2026-03-16 08:00:00,1.4684,1.4901448585780073,1.4321585690366545,1.4857958868624055,True,-1.0,-0.600000000000002,1.0,1.4770979434312028,True,True
XRPUSDT,1h,SELL,2026-03-16 15:00:00,1.4932,1.517253959929505,1.4531100667841588,1.5012179866431683,False,-1.0,-0.8333333333333348,1.0,1.4972089933215842,True,True
XRPUSDT,1h,SELL,2026-03-17 03:00:00,1.5443,1.5790865028425538,1.4863224952624106,1.5522,True,1.6666666666666603,1.780216454004524,1.0,1.54825,True,True
XRPUSDT,1h,BUY,2026-03-18 17:00:00,1.4566,1.4315341149887406,1.4983764750187654,1.4482447049962468,False,-1.0,-0.8333333333333347,1.0,1.4524223524981232,True,True
XRPUSDT,1h,BUY,2026-03-22 02:00:00,1.4166,1.401318696254481,1.4420688395758654,1.411506232084827,False,-1.0,-0.8333333333333309,1.0,1.4140531160424137,True,True
XRPUSDT,1h,BUY,2026-03-22 12:00:00,1.3995,1.384888779748534,1.4238520337524434,1.3946295932495112,False,-1.0,-0.8333333333333308,1.0,1.3970647966247556,True,True
XRPUSDT,1h,BUY,2026-03-22 20:00:00,1.3867,1.3735426864557816,1.4086288559070308,1.382314228818594,False,-1.0,-0.8333333333333305,1.0,1.3845071144092969,True,True
XRPUSDT,1h,BUY,2026-03-22 22:00:00,1.3909,1.3756429286276892,1.4163284522871848,1.385814309542563,False,-1.0,-0.8333333333333333,1.0,1.3883571547712814,True,True
XRPUSDT,1h,SELL,2026-03-23 15:00:00,1.4314,1.459113525536588,1.3852107907723532,1.4406378418455297,False,1.666666666666664,1.833333333333332,1.0,1.4360189209227645,True,True
XRPUSDT,1h,BUY,2026-03-26 13:00:00,1.3786,1.364906969150324,1.4014217180827937,1.3740356563834413,False,-1.0,-0.8333333333333334,1.0,1.3763178281917203,True,True
XRPUSDT,1h,BUY,2026-03-26 20:00:00,1.3594,1.342411645747945,1.3877139237534248,1.353737215249315,False,-1.0,-0.8333333333333355,1.0,1.3565686076246577,True,True
XRPUSDT,1h,BUY,2026-03-27 13:00:00,1.3406,1.3243083247704373,1.3677527920492714,1.3351694415901458,False,-1.0,-0.8333333333333334,1.0,1.3378847207950728,True,True
XRPUSDT,1h,BUY,2026-03-27 19:00:00,1.3253,1.3088107218926728,1.3527821301788785,1.3198035739642242,False,1.6666666666666532,1.8333333333333173,1.0,1.3225517869821122,True,True
XRPUSDT,1h,BUY,2026-03-29 20:00:00,1.3241,1.3137640575392524,1.341326570767913,1.3206546858464174,False,-1.0,-0.8333333333333333,1.0,1.3223773429232089,True,True
XRPUSDT,1h,SELL,2026-03-30 09:00:00,1.3499,1.365276151292047,1.3242730811799217,1.3553,True,1.6666666666666765,1.842263273952692,1.0,1.3526,True,True
XRPUSDT,1h,BUY,2026-04-02 14:00:00,1.3001,1.2837809818840975,1.3272983635265043,1.2946603272946993,False,1.6666666666666712,1.8333333333333357,1.0,1.2973801636473496,True,True
XRPUSDT,1h,BUY,2026-04-05 08:00:00,1.2993,1.291062545216726,1.313029091305456,1.2965541817389086,False,-1.0,-0.8333333333333288,1.0,1.2979270908694542,True,True
XRPUSDT,1h,BUY,2026-04-05 13:00:00,1.2891,1.2790819548795775,1.3057967418673706,1.285760651626526,False,1.666666666666674,1.833333333333337,1.0,1.2874303258132629,True,True
XRPUSDT,1h,BUY,2026-04-05 15:00:00,1.2967,1.2851033182380032,1.3160278029366614,1.2928344394126676,False,1.6666666666666794,0.5555555555555598,0.3333333333333333,1.2967,True,True
XRPUSDT,1h,SELL,2026-04-06 08:00:00,1.3389,1.3521047564686597,1.3168920725522335,1.3433015854895531,False,-1.0,-0.8333333333333389,1.0,1.3411007927447764,True,True
XRPUSDT,1h,SELL,2026-04-06 11:00:00,1.3499,1.3633953899277134,1.327407683453811,1.354398463309238,False,1.6666666666666832,1.166666666666675,0.6666666666666666,1.3510246158273096,True,True
XRPUSDT,1h,SELL,2026-04-08 00:00:00,1.3665,1.387928480549815,1.330785865750308,1.3736428268499383,False,-1.0,-0.8333333333333333,1.0,1.3700714134249692,True,True
XRPUSDT,1h,SELL,2026-04-08 03:00:00,1.37,1.3897433570582889,1.3370944049028524,1.3765811190194297,False,-1.0,-0.8333333333333315,1.0,1.373290559509715,True,True
XRPUSDT,1h,SELL,2026-04-08 06:00:00,1.3799,1.398507290618462,1.3488878489692298,1.386102430206154,False,1.6666666666666548,1.8333333333333195,1.0,1.3830012151030768,True,True
XRPUSDT,1h,SELL,2026-04-11 20:00:00,1.3616,1.3734196533944456,1.3419005776759236,1.3655398844648152,False,1.6666666666666792,1.833333333333352,1.0,1.3635699422324077,True,True
XRPUSDT,1h,SELL,2026-04-14 00:00:00,1.3621,1.378652385447067,1.3345126909215554,1.367617461815689,False,-1.0,-0.833333333333331,1.0,1.3648587309078444,True,True
XRPUSDT,1h,SELL,2026-04-14 14:00:00,1.3719,1.388059127712168,1.3449681204797197,1.377286375904056,False,-1.0,-0.8333333333333334,1.0,1.3745931879520277,True,True
XRPUSDT,1h,SELL,2026-04-15 20:00:00,1.3883,1.4035810578375258,1.3628315702707907,1.393393685945842,False,-1.0,-0.8333333333333334,1.0,1.390846842972921,True,True
XRPUSDT,1h,SELL,2026-04-16 04:00:00,1.4038,1.4196260590499308,1.377423234916782,1.4090753530166436,False,-1.0,-0.8333333333333333,1.0,1.4064376765083215,True,True
XRPUSDT,1h,SELL,2026-04-16 07:00:00,1.4058,1.4205473402815951,1.3812210995306744,1.410715780093865,False,-1.0,-0.8333333333333357,1.0,1.4082578900469325,True,True
XRPUSDT,1h,SELL,2026-04-16 10:00:00,1.4087,1.424105960859572,1.3830233985673803,1.413835320286524,False,-1.0,-0.8333333333333381,1.0,1.411267660143262,True,True
XRPUSDT,1h,SELL,2026-04-16 16:00:00,1.4194,1.4411524176895667,1.383145970517389,1.4234,True,-1.0,-0.9080561973136768,1.0,1.4214,True,True
XRPUSDT,1h,SELL,2026-04-16 20:00:00,1.4524,1.477005479530188,1.4113908674496862,1.4606018265100629,False,-1.0,-0.8333333333333333,1.0,1.4565009132550313,True,True
XRPUSDT,1h,SELL,2026-04-17 15:00:00,1.4861,1.511486652973657,1.4437889117105716,1.4945622176578857,False,1.6666666666666667,1.833333333333333,1.0,1.4903311088289428,True,True
XRPUSDT,1h,BUY,2026-04-20 00:00:00,1.4056,1.3891320736873851,1.433046543854358,1.4001106912291283,False,1.6666666666666667,1.8333333333333308,1.0,1.4028553456145645,True,True
XRPUSDT,1h,SELL,2026-04-27 02:00:00,1.4436,1.4539559707049918,1.4263400488250138,1.4470519902349972,False,1.6666666666666523,1.166666666666656,0.6666666666666666,1.4444629975587493,True,True
XRPUSDT,1h,BUY,2026-04-27 14:00:00,1.404,1.3929185125671997,1.4224691457213336,1.4003061708557332,False,-1.0,-0.8333333333333333,1.0,1.4021530854278663,True,True
XRPUSDT,1h,BUY,2026-04-27 18:00:00,1.3954,1.3836263272446845,1.4150227879255262,1.3914754424148947,False,-1.0,-0.8333333333333333,1.0,1.3934377212074474,True,True
XRPUSDT,1h,BUY,2026-04-27 22:00:00,1.3969,1.3857135759172072,1.4155440401379882,1.39195,True,-1.0,-0.778749671773386,1.0,1.394425,True,True
XRPUSDT,1h,BUY,2026-04-28 15:00:00,1.3753,1.36456183467951,1.3931969422008164,1.3717206115598366,False,1.66666666666666,1.83333333333333,1.0,1.3735103057799185,True,True
XRPUSDT,1h,BUY,2026-04-29 20:00:00,1.3627,1.3485390009918254,1.3863016650136244,1.3579796669972752,False,1.6666666666666718,1.1666666666666692,0.6666666666666666,1.3615199167493188,True,True
XRPUSDT,1h,SELL,2026-05-01 14:00:00,1.3948,1.4059933047334494,1.3761444921109176,1.3985311015778166,False,-1.0,-0.8333333333333299,1.0,1.3966655507889083,True,True
XRPUSDT,1h,SELL,2026-05-01 16:00:00,1.3915,1.402809788265066,1.3726503528915563,1.3952699294216886,False,-1.0,-0.8333333333333366,1.0,1.3933849647108445,True,True
XRPUSDT,1h,SELL,2026-05-04 05:00:00,1.4116,1.4231672821136296,1.392321196477284,1.4154557607045433,False,1.6666666666666603,1.833333333333333,1.0,1.4135278803522715,True,True
XRPUSDT,1h,SELL,2026-05-06 13:00:00,1.4226,1.437395398514352,1.3979410024760806,1.427531799504784,False,1.6666666666666516,1.8333333333333208,1.0,1.4250658997523922,True,True
XRPUSDT,1h,BUY,2026-05-07 21:00:00,1.3838,1.3709659792791462,1.405190034534756,1.379521993093049,False,1.6666666666666667,1.833333333333333,1.0,1.3816609965465243,True,True
XRPUSDT,1h,SELL,2026-05-08 20:00:00,1.4121,1.4247758539314013,1.3909735767809976,1.4163252846438004,False,-1.0,-0.8333333333333333,1.0,1.4142126423219,True,True
XRPUSDT,1h,SELL,2026-05-09 03:00:00,1.4289,1.44079956754074,1.4090673874321002,1.43286652251358,False,-1.0,-0.8333333333333333,1.0,1.43088326125679,True,True
XRPUSDT,1h,SELL,2026-05-10 20:00:00,1.45,1.471907208253551,1.4134879862440817,1.4573024027511836,False,-1.0,-0.8333333333333333,1.0,1.4536512013755918,True,True
XRPUSDT,1h,BUY,2026-05-12 17:00:00,1.4339,1.4157534920694674,1.464144179884221,1.4278511640231557,False,1.6666666666666747,0.5555555555555582,0.3333333333333333,1.4339,True,True
XRPUSDT,1h,SELL,2026-05-14 20:00:00,1.508,1.53629829402775,1.4608361766204168,1.5174327646759167,False,1.6666666666666718,0.5555555555555572,0.3333333333333333,1.5079999999999998,True,True
XRPUSDT,1h,BUY,2026-05-16 10:00:00,1.4073,1.3907366274458657,1.4349056209235576,1.4017788758152885,False,-1.0,-0.833333333333331,1.0,1.404539437907644,True,True
XRPUSDT,1h,BUY,2026-05-18 08:00:00,1.3879,1.3720221474895231,1.414363087517461,1.3826073824965075,False,-1.0,-0.8333333333333356,1.0,1.3852536912482538,True,True
XRPUSDT,1h,BUY,2026-05-18 11:00:00,1.3904,1.374365928583995,1.4171234523600085,1.3850553095279985,False,-1.0,-0.8333333333333379,1.0,1.3877276547639992,True,True
XRPUSDT,1h,BUY,2026-05-22 20:00:00,1.342,1.327563695053264,1.3660605082445605,1.337187898351088,False,-1.0,-0.8333333333333384,1.0,1.3395939491755442,True,True
XRPUSDT,1h,BUY,2026-05-23 01:00:00,1.3375,1.3240421202427028,1.3599297995954949,1.3344,True,-1.0,-0.884825839734561,1.0,1.33595,True,True
XRPUSDT,1h,BUY,2026-05-23 09:00:00,1.3173,1.3028013160010847,1.341464473331525,1.312467105333695,False,1.6666666666666563,0.555555555555552,0.3333333333333333,1.3173,True,True
XRPUSDT,1h,SELL,2026-05-23 21:00:00,1.3598,1.3754896118637607,1.3336506468937317,1.3723516894910086,True,1.666666666666676,1.244444444444449,0.6666666666666666,1.362937922372752,True,True
XRPUSDT,1h,BUY,2026-05-26 03:00:00,1.3402,1.3301027774744232,1.3570287042092948,1.336834259158141,False,1.6666666666666594,0.555555555555553,0.3333333333333333,1.3402,True,True
XRPUSDT,1h,BUY,2026-05-28 06:00:00,1.2876,1.271225627294475,1.314890621175875,1.282141875764825,False,1.6666666666666667,1.1666666666666667,0.6666666666666666,1.2862354689412063,True,True
XRPUSDT,1h,SELL,2026-05-30 03:00:00,1.3504,1.3686006511785018,1.3200655813691635,1.3564668837261673,False,1.6666666666666667,1.1666666666666683,0.6666666666666666,1.351916720931542,True,True
XRPUSDT,1h,BUY,2026-06-01 09:00:00,1.3044,1.291007413846481,1.3267209769225314,1.2999358046154936,False,-1.0,-0.8333333333333306,1.0,1.3021679023077466,True,True
XRPUSDT,1h,BUY,2026-06-01 16:00:00,1.2941,1.2792853183209996,1.3187911361316675,1.2891617727736666,False,-1.0,-0.8333333333333357,1.0,1.291630886386833,True,True
XRPUSDT,1h,BUY,2026-06-02 07:00:00,1.268,1.2524341706292652,1.2939430489512245,1.262811390209755,False,-1.0,-0.8333333333333333,1.0,1.2654056951048775,True,True
XRPUSDT,1h,BUY,2026-06-02 10:00:00,1.2671,1.2520618159156325,1.2921636401406122,1.2620872719718774,False,-1.0,-0.8333333333333333,1.0,1.2645936359859389,True,True
XRPUSDT,1h,BUY,2026-06-02 17:00:00,1.2365,1.2173620442944666,1.2683965928425551,1.230120681431489,False,-1.0,-0.8333333333333353,1.0,1.2333103407157444,True,True
XRPUSDT,1h,BUY,2026-06-02 21:00:00,1.2265,1.205380868572841,1.261698552378598,1.2171,True,-1.0,-0.7774529688301568,1.0,1.2218,True,True
XRPUSDT,1h,BUY,2026-06-02 23:00:00,1.2117,1.1886970244327049,1.2500382926121585,1.2040323414775682,False,-1.0,-0.8333333333333316,1.0,1.207866170738784,True,True
XRPUSDT,1h,BUY,2026-06-03 21:00:00,1.2185,1.1952941906829024,1.257176348861829,1.2171,True,-1.0,-0.9698351395361944,1.0,1.2178,True,True
XRPUSDT,1h,BUY,2026-06-04 02:00:00,1.1815,1.1524366392002343,1.2299389346662757,1.1718122130667448,False,-1.0,-0.8333333333333308,1.0,1.1766561065333725,True,True
XRPUSDT,1h,SELL,2026-06-07 09:00:00,1.1461,1.1702031741923111,1.1059280430128142,1.1541343913974371,False,-1.0,-0.8333333333333333,1.0,1.1501171956987184,True,True
XRPUSDT,1h,BUY,2026-06-10 07:00:00,1.1166,1.1005634681834635,1.1433275530275606,1.1155,True,-1.0,-0.9657033075298168,1.0,1.11605,True,True
XRPUSDT,4h,BUY,2025-02-25 16:00:00,2.2629,2.120351518184404,2.5004808030259933,2.2153838393948013,False,-1.0,-0.8333333333333333,1.0,2.239141919697401,True,True
XRPUSDT,4h,BUY,2025-02-28 12:00:00,2.1469,2.0052075438773223,2.383054093537796,2.0996691812924406,False,1.6666666666666656,1.166666666666666,0.6666666666666666,2.13509229532311,True,True
XRPUSDT,4h,SELL,2025-03-03 04:00:00,2.6896,2.892887485444108,2.35078752425982,2.757362495148036,False,1.6666666666666667,0.5555555555555555,0.3333333333333333,2.6896,True,True
XRPUSDT,4h,BUY,2025-03-10 00:00:00,2.1702,2.030640985625444,2.4027983572909264,2.1236803285418144,False,-1.0,-0.8333333333333321,1.0,2.146940164270907,True,True
XRPUSDT,4h,BUY,2025-03-11 00:00:00,2.0462,1.891058314673808,2.3047694755436536,1.994486104891269,False,1.6666666666666676,0.5555555555555558,0.3333333333333333,2.0462,True,True
XRPUSDT,4h,SELL,2025-03-19 16:00:00,2.4877,2.593504245864873,2.311359590225211,2.5229680819549576,False,1.6666666666666667,1.8333333333333333,1.0,2.5053340409774787,True,True
XRPUSDT,4h,BUY,2025-03-29 20:00:00,2.1351,2.0519466185925115,2.273688969012481,2.107382206197504,False,-1.0,-0.8333333333333343,1.0,2.121241103098752,True,True
XRPUSDT,4h,BUY,2025-03-31 08:00:00,2.0826,1.9966403312338632,2.2258661146102274,2.0539467770779543,False,-1.0,-0.8333333333333333,1.0,2.068273388538977,True,True
XRPUSDT,4h,BUY,2025-04-07 12:00:00,1.8745,1.729947543278012,2.1154207612033136,1.8263158477593373,False,-1.0,-0.8333333333333329,1.0,1.8504079238796685,True,True
XRPUSDT,4h,SELL,2025-04-23 12:00:00,2.228,2.2982263871321544,2.11095602144641,2.2514087957107183,False,-1.0,-0.8333333333333343,1.0,2.239704397855359,True,True
XRPUSDT,4h,SELL,2025-04-28 08:00:00,2.3189,2.3891146723343994,2.2018755461093344,2.3423048907781334,False,1.666666666666671,0.5555555555555569,0.3333333333333333,2.3189,True,True
XRPUSDT,4h,SELL,2025-05-09 00:00:00,2.2945,2.357182494124204,2.1900291764596616,2.315394164708068,False,-1.0,-0.8333333333333333,1.0,2.304947082354034,True,True
XRPUSDT,4h,SELL,2025-05-09 12:00:00,2.3495,2.4238467345447794,2.225588775758701,2.37428224484826,False,-1.0,-0.8333333333333323,1.0,2.36189112242413,True,True
XRPUSDT,4h,SELL,2025-05-11 00:00:00,2.4022,2.483962085039784,2.265929858267027,2.429454028346594,False,-1.0,-0.8333333333333341,1.0,2.4158270141732974,True,True
XRPUSDT,4h,SELL,2025-05-12 16:00:00,2.5329,2.648096984649497,2.340905025584173,2.5712989948831657,False,-1.0,-0.8333333333333327,1.0,2.552099497441583,True,True
XRPUSDT,4h,BUY,2025-05-31 08:00:00,2.1394,2.0688921178191704,2.2569131369680497,2.11589737260639,False,1.6666666666666643,1.1666666666666643,0.6666666666666666,2.133524343151598,True,True
XRPUSDT,4h,BUY,2025-06-13 08:00:00,2.1544,2.0926531627139418,2.257311395476764,2.133817720904647,False,1.6666666666666738,1.8333333333333397,1.0,2.144108860452324,True,True
XRPUSDT,4h,SELL,2025-06-16 20:00:00,2.238,2.298700262781768,2.13683289536372,2.258233420927256,False,1.666666666666662,1.166666666666663,0.6666666666666666,2.243058355231814,True,True
XRPUSDT,4h,BUY,2025-06-22 04:00:00,2.0683,2.012411700197826,2.161447166336956,2.0496705667326087,False,-1.0,-0.8333333333333359,1.0,2.0589852833663045,True,True
XRPUSDT,4h,BUY,2025-06-22 20:00:00,2.0172,1.94265139835876,2.141447669402067,1.9923504661195863,False,1.6666666666666676,1.8333333333333333,1.0,2.004775233059793,True,True
XRPUSDT,4h,SELL,2025-06-30 20:00:00,2.2362,2.296036550178744,2.1364724163687607,2.256145516726248,False,-1.0,-0.8333333333333345,1.0,2.246172758363124,True,True
XRPUSDT,4h,SELL,2025-07-07 16:00:00,2.2993,2.3522175513683536,2.211104081052744,2.3169391837894517,False,-1.0,-0.8333333333333334,1.0,2.3081195918947257,True,True
XRPUSDT,4h,SELL,2025-07-09 20:00:00,2.4038,2.459058588614321,2.311702352309464,2.4222195295381077,False,-1.0,-0.8333333333333319,1.0,2.413009764769053,True,True
XRPUSDT,4h,SELL,2025-07-12 12:00:00,2.6812,2.8176279499224166,2.453820083462639,2.726675983307472,False,-1.0,-0.8333333333333344,1.0,2.703937991653736,True,True
XRPUSDT,4h,SELL,2025-07-14 16:00:00,2.93,3.0676099426532817,2.7006500955778647,2.975869980884428,False,-1.0,-0.8333333333333338,1.0,2.952934990442213,True,True
XRPUSDT,4h,SELL,2025-07-15 00:00:00,2.8497,2.993601685246962,2.60986385792173,2.8976672284156537,False,-1.0,-0.8333333333333344,1.0,2.8736836142078266,True,True
XRPUSDT,4h,SELL,2025-07-16 20:00:00,3.038,3.16457077856182,2.827048702396966,3.0801902595206068,False,-1.0,-0.8333333333333333,1.0,3.059095129760303,True,True
XRPUSDT,4h,SELL,2025-07-18 12:00:00,3.3736,3.568101848702009,3.049430252163317,3.4384339495673366,False,-1.0,-0.8333333333333336,1.0,3.406016974783668,True,True
XRPUSDT,4h,BUY,2025-07-24 08:00:00,3.1685,2.9957599795197214,3.456400034133797,3.0303079836157774,True,-1.0,-0.6000000000000012,1.0,3.099403991807889,True,True
XRPUSDT,4h,BUY,2025-08-03 00:00:00,2.8358,2.707202383303627,3.050129361160621,2.792934127767876,False,1.66666666666667,1.1666666666666683,0.6666666666666666,2.825083531941969,True,True
XRPUSDT,4h,SELL,2025-08-08 12:00:00,3.2216,3.348803500455244,3.009594165907927,3.2640011668184146,False,-1.0,-0.8333333333333338,1.0,3.242800583409206,True,True
XRPUSDT,4h,BUY,2025-09-01 04:00:00,2.7943,2.7232980006034846,2.912636665660858,2.770632666867828,False,-1.0,-0.8333333333333323,1.0,2.7824663334339137,True,True
XRPUSDT,4h,SELL,2025-09-08 16:00:00,2.9798,3.038723242062269,2.881594596562885,2.999441080687423,False,-1.0,-0.8333333333333334,1.0,2.9896205403437115,True,True
XRPUSDT,4h,SELL,2025-09-09 08:00:00,3.0043,3.0671038399765846,2.8996269333723594,3.0252346133255283,False,-1.0,-0.833333333333332,1.0,3.0147673066627645,True,True
XRPUSDT,4h,SELL,2025-09-13 12:00:00,3.1333,3.202224569146472,3.018425718089214,3.156274856382157,False,1.6666666666666667,0.5555555555555555,0.3333333333333333,3.1333,True,True
XRPUSDT,4h,BUY,2025-09-22 12:00:00,2.8602,2.7848777180242976,2.9857371366261707,2.8350925726747658,False,1.6666666666666723,1.8333333333333397,1.0,2.847646286337383,True,True
XRPUSDT,4h,SELL,2025-10-02 20:00:00,3.0389,3.1134048289688936,2.914725285051844,3.063734942989631,False,1.6666666666666687,1.8333333333333357,1.0,3.051317471494816,True,True
XRPUSDT,4h,BUY,2025-10-12 12:00:00,2.4885,2.307012309442269,2.790979484262885,2.428004103147423,False,-1.0,-0.8333333333333325,1.0,2.4582520515737114,True,True
XRPUSDT,4h,BUY,2025-10-17 08:00:00,2.2831,2.1574016039818678,2.492597326696888,2.2412005346606225,False,1.6666666666666667,1.8333333333333333,1.0,2.2621502673303118,True,True
XRPUSDT,4h,SELL,2025-10-26 16:00:00,2.6143,2.6776672160736523,2.50868797321058,2.6354224053578843,False,-1.0,-0.8333333333333321,1.0,2.624861202678942,True,True
XRPUSDT,4h,SELL,2025-10-27 00:00:00,2.6354,2.701565864879833,2.525123558533612,2.657455288293278,False,1.6666666666666667,1.8333333333333344,1.0,2.646427644146639,True,True
XRPUSDT,4h,SELL,2025-10-27 20:00:00,2.634,2.7015324296030445,2.5214459506615925,2.6624,True,1.6666666666666623,1.87693601553309,1.0,2.6482,True,True
XRPUSDT,4h,BUY,2025-10-30 20:00:00,2.4393,2.344142207050337,2.597896321582771,2.407580735683445,False,-1.0,-0.8333333333333333,1.0,2.4234403678417227,True,True
XRPUSDT,4h,BUY,2025-11-04 00:00:00,2.3565,2.2699737190247538,2.5007104682920773,2.3276579063415848,False,-1.0,-0.8333333333333341,1.0,2.342078953170792,True,True
XRPUSDT,4h,BUY,2025-11-04 08:00:00,2.281,2.18724902303665,2.4372516282722505,2.24974967434555,False,-1.0,-0.8333333333333333,1.0,2.265374837172775,True,True
XRPUSDT,4h,BUY,2025-11-04 20:00:00,2.2053,2.090875128867172,2.3960081185547133,2.167158376289057,False,1.6666666666666654,1.8333333333333328,1.0,2.1862291881445284,True,True
XRPUSDT,4h,SELL,2025-11-10 12:00:00,2.5296,2.627910740948384,2.365748765086026,2.608248592758707,True,1.6666666666666696,1.2444444444444465,0.6666666666666666,2.5492621481896767,True,True
XRPUSDT,4h,SELL,2025-11-10 20:00:00,2.526,2.623207220511617,2.3639879658139717,2.6037657764092934,True,1.6666666666666683,1.2444444444444454,0.6666666666666666,2.545441444102323,True,True
XRPUSDT,4h,BUY,2025-11-19 20:00:00,2.1098,2.017979792796753,2.2628336786720773,2.0791932642655846,False,-1.0,-0.8333333333333341,1.0,2.094496632132792,True,True
XRPUSDT,4h,BUY,2025-11-21 16:00:00,1.9484,1.8314017991983,2.1433970013361665,1.9094005997327663,False,1.666666666666668,1.8333333333333344,1.0,1.9289002998663831,True,True
XRPUSDT,4h,SELL,2025-11-24 20:00:00,2.2276,2.3261742475853624,2.0633095873577285,2.260458082528454,False,1.6666666666666696,1.833333333333337,1.0,2.244029041264227,True,True
XRPUSDT,4h,SELL,2025-11-25 04:00:00,2.2164,2.3098999889894203,2.0605666850176334,2.2475666629964737,False,1.6666666666666652,1.8333333333333328,1.0,2.231983331498237,True,True
XRPUSDT,4h,BUY,2025-12-01 04:00:00,2.0568,1.9921300743251815,2.1645832094580304,2.035243358108394,False,-1.0,-0.8333333333333339,1.0,2.046021679054197,True,True
XRPUSDT,4h,BUY,2025-12-01 20:00:00,2.0297,1.965023210454017,2.137494649243305,2.008141070151339,False,1.666666666666668,1.833333333333334,1.0,2.0189205350756696,True,True
XRPUSDT,4h,BUY,2025-12-16 08:00:00,1.9208,1.867441965209852,2.0097300579835804,1.903013988403284,False,-1.0,-0.8333333333333334,1.0,1.9119069942016416,True,True
XRPUSDT,4h,BUY,2025-12-18 08:00:00,1.8785,1.822148602925996,1.97241899512334,1.859716200975332,False,-1.0,-0.8333333333333327,1.0,1.869108100487666,True,True
XRPUSDT,4h,SELL,2026-01-03 04:00:00,1.9941,2.042976996344904,1.9126383394251607,2.010392332114968,False,-1.0,-0.8333333333333333,1.0,2.002246166057484,True,True
XRPUSDT,4h,SELL,2026-01-06 16:00:00,2.2278,2.317681612969287,2.0779973117178545,2.257760537656429,False,-1.0,-0.8333333333333325,1.0,2.2427802688282146,True,True
XRPUSDT,4h,BUY,2026-01-19 08:00:00,1.9729,1.9199357537922803,2.0611737436795328,1.9552452512640937,False,-1.0,-0.833333333333334,1.0,1.9640726256320469,True,True
XRPUSDT,4h,BUY,2026-01-21 04:00:00,1.91,1.8587021652616893,1.9954963912305173,1.8929007217538965,False,-1.0,-0.8333333333333334,1.0,1.901450360876948,True,True
XRPUSDT,4h,BUY,2026-01-21 12:00:00,1.9579,1.902163856781763,2.050793572030395,1.939321285593921,False,-1.0,-0.833333333333334,1.0,1.9486106427969605,True,True
XRPUSDT,4h,BUY,2026-01-26 00:00:00,1.8695,1.825510806883928,1.9428153218601203,1.854836935627976,False,1.6666666666666716,0.5555555555555571,0.3333333333333333,1.8695,True,True
XRPUSDT,4h,BUY,2026-01-29 20:00:00,1.8076,1.7544664590161887,1.8961559016396856,1.789888819672063,False,-1.0,-0.8333333333333333,1.0,1.7987444098360317,True,True
XRPUSDT,4h,BUY,2026-01-30 04:00:00,1.7588,1.6982659774170197,1.8596900376383003,1.7386219924723398,False,-1.0,-0.8333333333333339,1.0,1.7487109962361698,True,True
XRPUSDT,4h,BUY,2026-01-31 20:00:00,1.6472,1.5654336068653467,1.7834773218910889,1.6199445356217823,False,-1.0,-0.8333333333333341,1.0,1.6335722678108908,True,True
XRPUSDT,4h,BUY,2026-02-01 16:00:00,1.6,1.521691234760545,1.7305146087324257,1.5738970782535149,False,-1.0,-0.8333333333333328,1.0,1.5869485391267577,True,True
XRPUSDT,4h,BUY,2026-02-02 08:00:00,1.6216,1.5379319594959369,1.7610467341734384,1.5937106531653122,False,-1.0,-0.8333333333333334,1.0,1.607655326582656,True,True
XRPUSDT,4h,BUY,2026-02-06 08:00:00,1.3684,1.2530145231769867,1.5607091280383556,1.3299381743923289,False,1.666666666666666,1.1666666666666663,0.6666666666666666,1.3587845435980823,True,True
XRPUSDT,4h,SELL,2026-02-15 08:00:00,1.5624,1.6297620847911447,1.4501298586814255,1.6162896678329155,True,1.6666666666666667,0.5555555555555555,0.3333333333333333,1.5623999999999998,True,True
XRPUSDT,4h,BUY,2026-02-23 04:00:00,1.3714,1.3304861127077028,1.4395898121538284,1.3577620375692343,False,-1.0,-0.833333333333335,1.0,1.364581018784617,True,True
XRPUSDT,4h,BUY,2026-02-28 12:00:00,1.3239,1.2712429009073598,1.4116618318210672,1.3063476336357869,False,1.6666666666666667,1.1666666666666663,0.6666666666666666,1.3195119084089468,True,True
XRPUSDT,4h,SELL,2026-03-16 08:00:00,1.4698,1.5045315521589142,1.411914079735143,1.4813771840529717,False,-1.0,-0.8333333333333323,1.0,1.4755885920264855,True,True
XRPUSDT,4h,SELL,2026-03-17 08:00:00,1.5097,1.5569045236246453,1.4310257939589248,1.525434841208215,False,1.6666666666666636,1.8333333333333304,1.0,1.5175674206041074,True,True
XRPUSDT,4h,SELL,2026-03-17 20:00:00,1.5182,1.5645055533539889,1.4410240777433518,1.53345,True,1.6666666666666667,1.831333741082335,1.0,1.525825,True,True
XRPUSDT,4h,BUY,2026-03-23 08:00:00,1.4115,1.371276102175195,1.4785398297080083,1.39,True,-1.0,-0.7327459400672308,1.0,1.40075,True,True
XRPUSDT,4h,SELL,2026-04-17 00:00:00,1.4308,1.4668494285041502,1.3707176191597497,1.4428164761680502,False,-1.0,-0.8333333333333334,1.0,1.436808238084025,True,True
XRPUSDT,4h,SELL,2026-04-17 20:00:00,1.4757,1.5148392675068263,1.4104678874886225,1.4887464225022755,False,1.6666666666666667,1.1666666666666667,0.6666666666666666,1.478961605625569,True,True
XRPUSDT,4h,BUY,2026-04-29 20:00:00,1.3691,1.3443636366437528,1.410327272260412,1.3608545455479175,False,1.6666666666666727,1.8333333333333424,1.0,1.3649772727739586,True,True
XRPUSDT,4h,SELL,2026-05-06 12:00:00,1.4301,1.4565461501938592,1.3860230830102345,1.438915383397953,False,1.666666666666664,1.1666666666666652,0.6666666666666666,1.4323038458494883,True,True
XRPUSDT,4h,SELL,2026-05-10 20:00:00,1.4734,1.5043152938982272,1.4218745101696215,1.4837050979660755,False,1.6666666666666667,1.833333333333332,1.0,1.4785525489830378,True,True
XRPUSDT,4h,BUY,2026-05-23 08:00:00,1.3247,1.2949448151078529,1.3742919748202451,1.3147816050359509,False,1.666666666666664,0.5555555555555547,0.3333333333333333,1.3247,True,True
XRPUSDT,4h,BUY,2026-05-28 04:00:00,1.2934,1.2647352016306512,1.3411746639489148,1.283845067210217,False,1.666666666666664,1.8333333333333304,1.0,1.2886225336051085,True,True
XRPUSDT,4h,BUY,2026-06-03 04:00:00,1.2433,1.2025215898035633,1.3112640169940617,1.229707196601188,False,-1.0,-0.8333333333333333,1.0,1.236503598300594,True,True
XRPUSDT,4h,BUY,2026-06-04 12:00:00,1.1689,1.1230295878569836,1.2453506869050277,1.1536098626189946,False,-1.0,-0.8333333333333334,1.0,1.1612549313094973,True,True
XRPUSDT,4h,BUY,2026-06-06 20:00:00,1.0934,1.0439352024592057,1.175841329234657,1.0769117341530683,False,1.6666666666666667,0.5555555555555556,0.3333333333333333,1.0934,True,True
LINKUSDT,1h,BUY,2026-02-11 07:00:00,8.32,8.16748479939418,8.574192001009703,8.26916159979806,False,-1.0,-0.8333333333333353,1.0,8.29458079989903,True,True
LINKUSDT,1h,BUY,2026-02-11 11:00:00,8.28,8.139312873685368,8.514478543857718,8.233104291228456,False,1.6666666666666667,1.833333333333333,1.0,8.256552145614227,True,True
LINKUSDT,1h,BUY,2026-02-11 17:00:00,8.23,8.044679122660467,8.538868128899221,8.168226374220156,False,1.666666666666657,1.1666666666666583,0.6666666666666666,8.21455659355504,True,True
LINKUSDT,1h,SELL,2026-02-13 22:00:00,8.81,8.959334730623052,8.561108782294914,8.859778243541017,False,-1.0,-0.8333333333333353,1.0,8.834889121770509,True,True
LINKUSDT,1h,SELL,2026-02-14 02:00:00,8.83,8.9759974812923,8.586670864512833,8.878665827097434,False,-1.0,-0.8333333333333313,1.0,8.854332913548717,True,True
LINKUSDT,1h,SELL,2026-02-14 10:00:00,8.93,9.053506705353795,8.724155491077003,8.9711689017846,False,-1.0,-0.8333333333333284,1.0,8.950584450892299,True,True
LINKUSDT,1h,SELL,2026-02-14 12:00:00,8.93,9.062360373493837,8.709399377510273,8.974120124497945,False,-1.0,-0.8333333333333356,1.0,8.952060062248972,True,True
LINKUSDT,1h,SELL,2026-02-14 20:00:00,9.14,9.279175079617175,8.908041533971375,9.186391693205726,False,1.6666666666666752,1.833333333333346,1.0,9.163195846602862,True,True
LINKUSDT,1h,BUY,2026-02-15 20:00:00,8.66,8.482800946960067,8.955331755066554,8.60093364898669,False,1.66666666666666,0.5555555555555532,0.3333333333333333,8.66,True,True
LINKUSDT,1h,BUY,2026-02-19 14:00:00,8.48,8.343688320340442,8.707186132765932,8.434562773446814,False,1.6666666666666754,1.833333333333344,1.0,8.457281386723405,True,True
LINKUSDT,1h,BUY,2026-02-22 19:00:00,8.65,8.553167530624428,8.811387448959287,8.617722510208143,False,-1.0,-0.8333333333333364,1.0,8.633861255104073,True,True
LINKUSDT,1h,BUY,2026-02-22 21:00:00,8.67,8.575103636099634,8.82816060650061,8.61,True,-1.0,-0.6838656533616226,1.0,8.639999999999999,True,True
LINKUSDT,1h,BUY,2026-02-23 06:00:00,8.35,8.209099786365334,8.584833689391107,8.303033262121778,False,-1.0,-0.8333333333333334,1.0,8.326516631060889,True,True
LINKUSDT,1h,SELL,2026-02-25 03:00:00,8.5,8.656999791636526,8.23833368060579,8.552333263878841,False,-1.0,-0.8333333333333333,1.0,8.526166631939422,True,True
LINKUSDT,1h,SELL,2026-02-25 23:00:00,9.27,9.492292877009746,8.899511871650423,9.447834301607797,True,1.666666666666664,0.5555555555555546,0.3333333333333333,9.27,True,True
LINKUSDT,1h,BUY,2026-02-28 12:00:00,8.32,8.15322180237225,8.597963662712916,8.22,True,1.6666666666666632,0.5555555555555544,0.3333333333333333,8.32,True,True
LINKUSDT,1h,SELL,2026-03-01 03:00:00,9.06,9.27319240331834,8.70467932780277,9.230553922654671,True,1.6666666666666667,0.5555555555555556,0.3333333333333333,9.06,True,True
LINKUSDT,1h,SELL,2026-03-04 11:00:00,9.13,9.32849369818686,8.79917716968857,9.196164566062286,False,-1.0,-0.8333333333333333,1.0,9.163082283031144,True,True
LINKUSDT,1h,SELL,2026-03-04 21:00:00,9.45,9.661732569747416,9.097112383754304,9.520577523249138,False,1.6666666666666694,1.166666666666668,0.6666666666666666,9.467644380812285,True,True
LINKUSDT,1h,BUY,2026-03-06 19:00:00,8.79,8.619219717139037,9.074633804768268,8.733073239046345,False,-1.0,-0.8333333333333315,1.0,8.76153661952317,True,True
LINKUSDT,1h,BUY,2026-03-08 05:00:00,8.61,8.49963740905712,8.793937651571463,8.573212469685707,False,-1.0,-0.833333333333336,1.0,8.591606234842853,True,True
LINKUSDT,1h,SELL,2026-03-09 20:00:00,8.98,9.151355764691736,8.69440705884711,9.037118588230578,False,-1.0,-0.8333333333333316,1.0,9.008559294115289,True,True
LINKUSDT,1h,SELL,2026-03-13 02:00:00,9.22,9.38859807442848,8.939003209285866,9.276199358142827,False,-1.0,-0.8333333333333334,1.0,9.248099679071414,True,True
LINKUSDT,1h,SELL,2026-03-13 14:00:00,9.37,9.554093280816218,9.0631778653063,9.43136442693874,False,1.6666666666666667,1.1666666666666683,0.6666666666666666,9.385341106734684,True,True
LINKUSDT,1h,SELL,2026-03-16 00:00:00,9.46,9.609989915885476,9.210016806857544,9.509996638628492,False,-1.0,-0.8333333333333334,1.0,9.484998319314249,True,True
LINKUSDT,1h,SELL,2026-03-16 02:00:00,9.49,9.645118856044109,9.23146857325982,9.541706285348036,False,-1.0,-0.8333333333333334,1.0,9.515853142674018,True,True
LINKUSDT,1h,SELL,2026-03-16 08:00:00,9.58,9.763455204334424,9.274241326109292,9.7,True,-1.0,-0.6729446830484878,1.0,9.64,True,True
LINKUSDT,1h,SELL,2026-03-16 23:00:00,9.92,10.09897662818126,9.621705619697904,9.97965887606042,False,1.6666666666666567,1.833333333333325,1.0,9.949829438030209,True,True
LINKUSDT,1h,BUY,2026-03-18 20:00:00,9.22,9.037825941407212,9.523623430987982,9.159275313802404,False,-1.0,-0.83333333333333,1.0,9.1896376569012,True,True
LINKUSDT,1h,BUY,2026-03-19 03:00:00,9.26,9.106276329050132,9.51620611824978,9.18,True,-1.0,-0.7397928389763397,1.0,9.22,True,True
LINKUSDT,1h,BUY,2026-03-19 09:00:00,9.17,9.027065638778556,9.408223935369072,9.122355212926186,False,-1.0,-0.8333333333333333,1.0,9.146177606463093,True,True
LINKUSDT,1h,BUY,2026-03-19 15:00:00,8.97,8.821149994348536,9.218083342752443,8.920383331449512,False,-1.0,-0.8333333333333333,1.0,8.945191665724757,True,True
LINKUSDT,1h,BUY,2026-03-19 17:00:00,9.0,8.851756882882155,9.247071861863075,8.950585627627385,False,-1.0,-0.8333333333333313,1.0,8.975292813813692,True,True
LINKUSDT,1h,BUY,2026-03-22 00:00:00,8.86,8.737641082313182,9.06393152947803,8.819213694104393,False,-1.0,-0.8333333333333284,1.0,8.839606847052195,True,True
LINKUSDT,1h,BUY,2026-03-22 02:00:00,8.89,8.764828280157795,9.098619533070345,8.848276093385932,False,-1.0,-0.8333333333333356,1.0,8.869138046692965,True,True
LINKUSDT,1h,BUY,2026-03-22 12:00:00,8.8,8.687502208260998,8.987496319565004,8.762500736087,False,-1.0,-0.8333333333333386,1.0,8.781250368043501,True,True
LINKUSDT,1h,BUY,2026-03-22 22:00:00,8.73,8.611750220750727,8.927082965415456,8.69058340691691,False,-1.0,-0.8333333333333358,1.0,8.710291703458456,True,True
LINKUSDT,1h,SELL,2026-03-23 15:00:00,9.05,9.253634886148268,8.710608523086224,9.117878295382756,False,-1.0,-0.8333333333333348,1.0,9.083939147691378,True,True
LINKUSDT,1h,SELL,2026-03-25 14:00:00,9.4,9.529205603441438,9.184657327597602,9.44306853448048,False,1.6666666666666805,1.8333333333333468,1.0,9.42153426724024,True,True
LINKUSDT,1h,BUY,2026-03-26 13:00:00,8.99,8.868880947171592,9.191865088047347,8.94962698239053,False,-1.0,-0.8333333333333284,1.0,8.969813491195264,True,True
LINKUSDT,1h,BUY,2026-03-26 20:00:00,8.91,8.780767186285475,9.12538802285754,8.866922395428492,False,-1.0,-0.8333333333333356,1.0,8.888461197714246,True,True
LINKUSDT,1h,BUY,2026-03-27 23:00:00,8.57,8.451689981362252,8.767183364396246,8.52,True,-1.0,-0.7886907610373431,1.0,8.545,True,True
LINKUSDT,1h,BUY,2026-03-28 05:00:00,8.54,8.440975036476237,8.705041605872935,8.52,True,-1.0,-0.8990153629534012,1.0,8.53,True,True
LINKUSDT,1h,SELL,2026-03-30 09:00:00,8.75,8.871046351707063,8.548256080488226,8.790348783902354,False,-1.0,-0.8333333333333358,1.0,8.770174391951176,True,True
LINKUSDT,1h,SELL,2026-03-30 13:00:00,8.84,8.965616145645185,8.630639757258024,8.881872048548395,False,1.6666666666666667,1.833333333333333,1.0,8.860936024274197,True,True
LINKUSDT,1h,SELL,2026-03-30 15:00:00,8.83,8.96096494190835,8.611725096819418,8.873654980636116,False,1.6666666666666667,0.5555555555555556,0.3333333333333333,8.83,True,True
LINKUSDT,1h,SELL,2026-04-01 07:00:00,9.06,9.21609404627632,8.799843256206135,9.112031348758771,False,1.6666666666666703,1.833333333333333,1.0,9.086015674379386,True,True
LINKUSDT,1h,BUY,2026-04-02 05:00:00,8.55,8.392596078650142,8.812339868916432,8.497532026216714,False,1.666666666666663,1.8333333333333317,1.0,8.523766013108357,True,True
LINKUSDT,1h,BUY,2026-04-02 13:00:00,8.49,8.364592322382727,8.699012796028788,8.448197440794242,False,1.6666666666666523,0.5555555555555508,0.3333333333333333,8.49,True,True
LINKUSDT,1h,BUY,2026-04-05 09:00:00,8.56,8.489857091047234,8.67690484825461,8.536619030349078,False,-1.0,-0.833333333333329,1.0,8.548309515174537,True,True
LINKUSDT,1h,BUY,2026-04-05 13:00:00,8.54,8.466402628524573,8.662662285792374,8.515467542841524,False,1.6666666666666423,1.1666666666666503,0.6666666666666666,8.533866885710381,True,True
LINKUSDT,1h,SELL,2026-04-06 03:00:00,8.92,9.0448010171353,8.7119983047745,8.9616003390451,False,-1.0,-0.8333333333333333,1.0,8.94080016952255,True,True
LINKUSDT,1h,SELL,2026-04-06 06:00:00,8.93,9.05030715548333,8.729488074194451,8.970102385161109,False,-1.0,-0.8333333333333357,1.0,8.950051192580554,True,True
LINKUSDT,1h,SELL,2026-04-06 12:00:00,9.02,9.139813968065406,8.820310053224322,9.059937989355134,False,1.6666666666666716,1.833333333333336,1.0,9.039968994677569,True,True
LINKUSDT,1h,SELL,2026-04-06 16:00:00,9.01,9.129365413939922,8.811057643433461,9.049788471313308,False,1.6666666666666765,1.166666666666674,0.6666666666666666,9.019947117828329,True,True
LINKUSDT,1h,SELL,2026-04-08 00:00:00,9.22,9.402018721987046,8.916635463354925,9.280672907329016,False,1.6666666666666634,1.833333333333333,1.0,9.25033645366451,True,True
LINKUSDT,1h,SELL,2026-04-11 20:00:00,9.19,9.29884920765262,9.008584653912298,9.22628306921754,False,1.6666666666666612,1.1666666666666663,0.6666666666666666,9.199070767304386,True,True
LINKUSDT,1h,BUY,2026-04-12 15:00:00,8.72,8.615590292214295,8.894016179642845,8.685196764071431,False,1.666666666666678,1.1666666666666723,0.6666666666666666,8.711299191017858,True,True
LINKUSDT,1h,SELL,2026-04-14 00:00:00,9.22,9.38994658928261,8.936755684528984,9.276648863094204,False,1.6666666666666667,1.8333333333333333,1.0,9.2483244315471,True,True
LINKUSDT,1h,SELL,2026-04-16 20:00:00,9.54,9.728897178794847,9.225171368675252,9.602965726264948,False,-1.0,-0.8333333333333348,1.0,9.571482863132474,True,True
LINKUSDT,1h,SELL,2026-04-17 15:00:00,9.76,9.93582382730012,9.466960287833134,9.818607942433372,False,1.66666666666667,1.8333333333333348,1.0,9.789303971216686,True,True
LINKUSDT,1h,BUY,2026-04-18 19:00:00,9.29,9.164205143280231,9.499658094532943,9.24806838109341,False,-1.0,-0.8333333333333334,1.0,9.269034190546703,True,True
LINKUSDT,1h,BUY,2026-04-19 03:00:00,9.23,9.113039528221636,9.42493411963061,9.19101317607388,False,-1.0,-0.8333333333333307,1.0,9.21050658803694,True,True
LINKUSDT,1h,BUY,2026-04-19 11:00:00,9.21,9.095992078394795,9.40001320267534,9.16,True,-1.0,-0.780716991872087,1.0,9.185,True,True
LINKUSDT,1h,BUY,2026-04-23 04:00:00,9.21,9.10063782753053,9.39227028744912,9.173545942510176,False,1.6666666666666667,1.833333333333333,1.0,9.191772971255087,True,True
LINKUSDT,1h,SELL,2026-04-26 12:00:00,9.44,9.508053552751836,9.326577412080274,9.462684517583943,False,-1.0,-0.8333333333333376,1.0,9.451342258791971,True,True
LINKUSDT,1h,BUY,2026-04-27 16:00:00,9.2,9.096622288489716,9.372296185850471,9.165540762829904,False,1.666666666666661,1.833333333333333,1.0,9.18277038141495,True,True
LINKUSDT,1h,SELL,2026-05-04 06:00:00,9.3,9.400338331180572,9.132769448032382,9.333446110393524,False,-1.0,-0.8333333333333363,1.0,9.316723055196762,True,True
LINKUSDT,1h,SELL,2026-05-04 10:00:00,9.43,9.577458821242406,9.18423529792932,9.479152940414137,False,-1.0,-0.8333333333333333,1.0,9.454576470207067,True,True
LINKUSDT,1h,SELL,2026-05-04 15:00:00,9.42,9.582869178607792,9.148551368987013,9.474289726202596,False,-1.0,-0.8333333333333333,1.0,9.4471448631013,True,True
LINKUSDT,1h,SELL,2026-05-05 13:00:00,9.69,9.830772049119796,9.455379918133673,9.736924016373266,False,-1.0,-0.8333333333333333,1.0,9.713462008186632,True,True
LINKUSDT,1h,SELL,2026-05-05 22:00:00,9.79,9.915665250054632,9.580557916575613,9.831888416684876,False,-1.0,-0.8333333333333356,1.0,9.810944208342438,True,True
LINKUSDT,1h,SELL,2026-05-06 04:00:00,9.83,9.953328291404802,9.624452847658665,9.871109430468268,False,-1.0,-0.8333333333333308,1.0,9.850554715234132,True,True
LINKUSDT,1h,SELL,2026-05-06 13:00:00,9.97,10.126721436704162,9.708797605493064,10.09537714936333,True,-1.0,-0.600000000000003,1.0,10.032688574681664,True,True
LINKUSDT,1h,SELL,2026-05-09 06:00:00,10.46,10.615678884050208,10.200535193249657,10.51189296135007,False,-1.0,-0.8333333333333333,1.0,10.485946480675036,True,True
LINKUSDT,1h,SELL,2026-05-10 20:00:00,10.54,10.712497196254231,10.252504672909607,10.597499065418075,False,-1.0,-0.8333333333333333,1.0,10.568749532709038,True,True
LINKUSDT,1h,BUY,2026-05-12 12:00:00,10.33,10.187122271878351,10.568129546869413,10.282374090626115,False,-1.0,-0.8333333333333333,1.0,10.30618704531306,True,True
LINKUSDT,1h,BUY,2026-05-12 17:00:00,10.25,10.093537587933096,10.510770686778171,10.22,True,1.6666666666666592,1.7625363378665757,1.0,10.235,True,True
LINKUSDT,1h,SELL,2026-05-13 10:00:00,10.65,10.797950201504555,10.403416330825744,10.699316733834852,False,1.6666666666666548,0.5555555555555515,0.3333333333333333,10.65,True,True
LINKUSDT,1h,BUY,2026-05-16 16:00:00,9.75,9.627793262570403,9.953677895715993,9.7092644208568,False,-1.0,-0.8333333333333333,1.0,9.7296322104284,True,True
LINKUSDT,1h,BUY,2026-05-17 03:00:00,9.73,9.62927982212846,9.897866963119236,9.696426607376154,False,-1.0,-0.8333333333333334,1.0,9.713213303688075,True,True
LINKUSDT,1h,BUY,2026-05-18 02:00:00,9.54,9.40696783782677,9.761720270288714,9.495655945942255,False,-1.0,-0.8333333333333288,1.0,9.517827972971126,True,True
LINKUSDT,1h,BUY,2026-05-18 11:00:00,9.51,9.380633683020616,9.725610528298974,9.466877894340206,False,-1.0,-0.8333333333333356,1.0,9.488438947170104,True,True
LINKUSDT,1h,SELL,2026-05-22 13:00:00,9.966,10.086064463902876,9.765892560161868,10.006021487967626,False,1.6666666666666765,0.5555555555555588,0.3333333333333333,9.966,True,True
LINKUSDT,1h,BUY,2026-05-23 13:00:00,9.267,9.146205120469908,9.468324799216818,9.176,True,1.666666666666662,0.5555555555555539,0.3333333333333333,9.267,True,True
LINKUSDT,1h,SELL,2026-05-23 21:00:00,9.622,9.77925479753706,9.359908670771564,9.656,True,1.6666666666666703,1.7747714766073253,1.0,9.639,True,True
LINKUSDT,1h,BUY,2026-05-28 09:00:00,8.923,8.785837379913863,9.15160436681023,8.877279126637955,False,1.666666666666671,1.8333333333333373,1.0,8.900139563318977,True,True
LINKUSDT,1h,BUY,2026-06-02 16:00:00,8.608,8.444718731916875,8.880135446805209,8.553572910638959,False,-1.0,-0.8333333333333334,1.0,8.58078645531948,True,True
LINKUSDT,1h,BUY,2026-06-02 20:00:00,8.538,8.361897118447466,8.831504802587556,8.47929903948249,False,-1.0,-0.8333333333333334,1.0,8.508649519741244,True,True
LINKUSDT,1h,BUY,2026-06-03 04:00:00,8.37,8.183621204676404,8.680631325539325,8.307873734892134,False,-1.0,-0.8333333333333302,1.0,8.338936867446066,True,True
LINKUSDT,1h,BUY,2026-06-03 21:00:00,8.446,8.240446106351506,8.78858982274749,8.377482035450502,False,-1.0,-0.8333333333333347,1.0,8.41174101772525,True,True
LINKUSDT,1h,BUY,2026-06-05 07:00:00,7.629,7.383997414545684,8.037337642423859,7.547332471515228,False,-1.0,-0.8333333333333333,1.0,7.588166235757613,True,True
LINKUSDT,1h,SELL,2026-06-07 09:00:00,7.77,7.927404752206158,7.507658746323069,7.822468250735386,False,-1.0,-0.8333333333333314,1.0,7.796234125367692,True,True
LINKUSDT,1h,SELL,2026-06-08 01:00:00,7.905,8.083347917157262,7.607753471404564,7.964449305719087,False,-1.0,-0.8333333333333341,1.0,7.934724652859543,True,True
LINKUSDT,4h,BUY,2025-02-25 16:00:00,15.11,14.21008088751318,16.609865187478032,14.810026962504391,False,-1.0,-0.8333333333333339,1.0,14.960013481252195,True,True
LINKUSDT,4h,BUY,2025-02-28 12:00:00,14.61,13.622779769438576,16.255367050935707,14.280926589812855,False,1.666666666666666,1.833333333333333,1.0,14.445463294906428,True,True
LINKUSDT,4h,SELL,2025-03-03 00:00:00,16.8,17.799265396462967,15.134557672561725,17.133088465487656,False,1.666666666666665,1.1666666666666654,0.6666666666666666,16.883272116371916,True,True
LINKUSDT,4h,BUY,2025-03-11 08:00:00,13.05,12.06137093110099,14.697715114831686,12.720456977033663,False,1.666666666666668,1.8333333333333344,1.0,12.88522848851683,True,True
LINKUSDT,4h,SELL,2025-03-26 12:00:00,15.3,15.832321039305102,14.412798267824831,15.477440346435037,False,1.6666666666666656,1.8333333333333328,1.0,15.388720173217518,True,True
LINKUSDT,4h,BUY,2025-03-30 00:00:00,13.67,13.11669245419651,14.592179243005814,13.485564151398837,False,-1.0,-0.8333333333333327,1.0,13.577782075699416,True,True
LINKUSDT,4h,BUY,2025-03-31 12:00:00,13.56,13.00571378780949,14.48381035365085,13.12,True,-1.0,-0.6030931400393811,1.0,13.339999999999998,True,True
LINKUSDT,4h,BUY,2025-04-07 12:00:00,11.29,10.4707651348186,12.655391441969,11.0169217116062,False,-1.0,-0.833333333333334,1.0,11.1534608558031,True,True
LINKUSDT,4h,SELL,2025-04-20 20:00:00,13.28,13.673367446761546,12.624387588730755,13.411122482253848,False,-1.0,-0.833333333333334,1.0,13.34556124112692,True,True
LINKUSDT,4h,SELL,2025-04-21 08:00:00,13.45,13.854946530807258,12.775089115321236,13.584982176935751,False,-1.0,-0.8333333333333348,1.0,13.517491088467876,True,True
LINKUSDT,4h,SELL,2025-04-24 00:00:00,14.57,15.129580526965508,13.637365788390824,14.756526842321836,False,-1.0,-0.8333333333333328,1.0,14.663263421160917,True,True
LINKUSDT,4h,BUY,2025-05-06 12:00:00,13.39,12.969597435526484,14.090670940789195,13.24986581184216,False,1.6666666666666694,0.5555555555555565,0.3333333333333333,13.39,True,True
LINKUSDT,4h,SELL,2025-05-10 08:00:00,16.1,16.74813367517864,15.019777208035606,16.316044558392882,False,-1.0,-0.8333333333333323,1.0,16.20802227919644,True,True
LINKUSDT,4h,SELL,2025-05-11 04:00:00,16.45,17.201015772182167,15.198307046363054,16.700338590727387,False,-1.0,-0.8333333333333341,1.0,16.575169295363693,True,True
LINKUSDT,4h,SELL,2025-05-12 08:00:00,17.14,17.93078312436176,15.822028126063737,17.403594374787254,False,1.6666666666666667,1.833333333333333,1.0,17.271797187393627,True,True
LINKUSDT,4h,BUY,2025-05-30 16:00:00,14.26,13.633794576352871,15.303675706078549,14.05126485878429,False,-1.0,-0.8333333333333333,1.0,14.155632429392144,True,True
LINKUSDT,4h,BUY,2025-05-31 12:00:00,13.87,13.250178310446888,14.903036149255186,13.66339277014896,False,-1.0,-0.8333333333333328,1.0,13.76669638507448,True,True
LINKUSDT,4h,BUY,2025-06-06 00:00:00,13.19,12.66871000943856,14.058816650935732,13.016236669812852,False,1.66666666666667,1.166666666666669,0.6666666666666666,13.146559167453214,True,True
LINKUSDT,4h,SELL,2025-06-11 08:00:00,15.18,15.684885532751217,14.338524112081306,15.348295177583738,False,1.6666666666666643,1.8333333333333297,1.0,15.264147588791868,True,True
LINKUSDT,4h,SELL,2025-06-11 16:00:00,15.15,15.701967627729369,14.230053953784392,15.33398920924312,False,1.6666666666666623,1.166666666666663,0.6666666666666666,15.19599730231078,True,True
LINKUSDT,4h,BUY,2025-06-22 20:00:00,11.65,11.098661677408362,12.568897204319398,11.46622055913612,False,1.6666666666666687,1.833333333333336,1.0,11.55811027956806,True,True
LINKUSDT,4h,SELL,2025-07-10 08:00:00,14.33,14.718620353342285,13.682299411096196,14.459540117780762,False,-1.0,-0.8333333333333333,1.0,14.39477005889038,True,True
LINKUSDT,4h,SELL,2025-07-11 20:00:00,15.28,15.83041978445061,14.362633692582314,15.61,True,-1.0,-0.7002287987073513,1.0,15.445,True,True
LINKUSDT,4h,SELL,2025-07-14 12:00:00,15.98,16.58023950167883,14.979600830535286,16.180079833892943,False,-1.0,-0.8333333333333334,1.0,16.080039916946472,True,True
LINKUSDT,4h,SELL,2025-07-16 20:00:00,16.67,17.331015696686848,15.56830717218859,16.890338565562285,False,-1.0,-0.8333333333333315,1.0,16.78016928278114,True,True
LINKUSDT,4h,SELL,2025-07-18 12:00:00,17.92,18.8083336819762,16.439443863373004,18.216111227325403,False,-1.0,-0.8333333333333334,1.0,18.0680556136627,True,True
LINKUSDT,4h,SELL,2025-07-20 20:00:00,19.27,20.152639133758147,17.798934777069753,19.564213044586047,False,-1.0,-0.8333333333333334,1.0,19.417106522293025,True,True
LINKUSDT,4h,SELL,2025-07-21 12:00:00,19.79,20.679918557352835,18.306802404411943,20.08663951911761,False,1.6666666666666627,1.166666666666664,0.6666666666666666,19.864159879779404,True,True
LINKUSDT,4h,BUY,2025-08-03 00:00:00,15.9,15.19111695750768,17.081471737487202,15.66370565250256,False,1.6666666666666674,0.5555555555555558,0.3333333333333333,15.9,True,True
LINKUSDT,4h,SELL,2025-08-11 04:00:00,21.95,22.98855052617006,20.21908245638324,22.296183508723352,False,-1.0,-0.8333333333333338,1.0,22.123091754361678,True,True
LINKUSDT,4h,SELL,2025-08-12 16:00:00,23.42,24.72447940855426,21.24586765240957,23.854826469518088,False,-1.0,-0.8333333333333333,1.0,23.637413234759045,True,True
LINKUSDT,4h,SELL,2025-08-13 04:00:00,23.41,24.798078083306745,21.09653652782209,23.87269269443558,False,-1.0,-0.8333333333333334,1.0,23.64134634721779,True,True
LINKUSDT,4h,SELL,2025-08-17 16:00:00,25.46,26.80303053245488,23.22161577924187,25.907676844151627,False,-1.0,-0.8333333333333329,1.0,25.68383842207581,True,True
LINKUSDT,4h,SELL,2025-09-13 04:00:00,25.16,25.81137358894493,24.07437735175845,25.37712452964831,False,1.666666666666663,1.8333333333333288,1.0,25.268562264824155,True,True
LINKUSDT,4h,SELL,2025-09-13 12:00:00,24.83,25.52549559454945,23.670840675750902,25.061831864849815,False,1.666666666666665,1.1666666666666663,0.6666666666666666,24.88795796621245,True,True
LINKUSDT,4h,BUY,2025-09-22 20:00:00,21.65,20.894202784830696,22.90966202528217,21.39806759494357,False,-1.0,-0.8333333333333333,1.0,21.52403379747178,True,True
LINKUSDT,4h,BUY,2025-09-25 12:00:00,20.88,20.16441580900508,22.07264031832487,20.641471936335027,False,-1.0,-0.8333333333333341,1.0,20.760735968167516,True,True
LINKUSDT,4h,BUY,2025-09-26 00:00:00,20.55,19.76586061675808,21.856898972069875,20.288620205586025,False,1.6666666666666652,1.8333333333333324,1.0,20.419310102793013,True,True
LINKUSDT,4h,BUY,2025-09-26 12:00:00,20.6,19.80296493258655,21.92839177902242,20.33432164419552,False,1.666666666666668,1.1666666666666674,0.6666666666666666,20.53358041104888,True,True
LINKUSDT,4h,BUY,2025-10-12 12:00:00,18.77,16.921451527394566,21.85091412100905,18.15381717579819,False,-1.0,-0.8333333333333336,1.0,18.461908587899096,True,True
LINKUSDT,4h,BUY,2025-10-17 08:00:00,16.53,15.411796799046298,18.393672001589504,16.157265599682102,False,1.6666666666666652,1.8333333333333304,1.0,16.343632799841053,True,True
LINKUSDT,4h,BUY,2025-10-30 20:00:00,16.8,15.97503618062146,18.174939698964234,16.525012060207153,False,-1.0,-0.8333333333333337,1.0,16.66250603010358,True,True
LINKUSDT,4h,BUY,2025-11-04 00:00:00,15.43,14.592083973611777,16.826526710647038,15.150694657870591,False,-1.0,-0.8333333333333329,1.0,15.290347328935294,True,True
LINKUSDT,4h,BUY,2025-11-04 08:00:00,15.06,14.161567303777504,16.5573878270375,14.7605224345925,False,-1.0,-0.8333333333333329,1.0,14.910261217296249,True,True
LINKUSDT,4h,BUY,2025-11-04 20:00:00,14.68,13.653590876967629,16.39068187172062,14.337863625655876,False,1.6666666666666654,1.8333333333333317,1.0,14.508931812827935,True,True
LINKUSDT,4h,BUY,2025-11-21 16:00:00,12.12,11.337879764895511,13.423533725174146,11.85929325496517,False,1.6666666666666667,1.833333333333333,1.0,11.989646627482584,True,True
LINKUSDT,4h,BUY,2025-12-01 04:00:00,12.2,11.772412143562358,12.912646427396067,12.057470714520786,False,-1.0,-0.833333333333334,1.0,12.128735357260393,True,True
LINKUSDT,4h,BUY,2025-12-01 20:00:00,12.07,11.643564874851222,12.780725208581297,11.92785495828374,False,1.6666666666666652,1.1666666666666663,0.6666666666666666,12.034463739570937,True,True
LINKUSDT,4h,SELL,2025-12-04 16:00:00,14.2,14.768217598469178,13.252970669218032,14.52,True,1.6666666666666687,1.2049718670556966,0.6666666666666666,14.28,True,True
LINKUSDT,4h,BUY,2025-12-15 20:00:00,12.85,12.349107294480014,13.684821175866643,12.683035764826672,False,-1.0,-0.8333333333333339,1.0,12.766517882413336,True,True
LINKUSDT,4h,BUY,2025-12-18 08:00:00,12.29,11.845106122301432,13.031489796164278,12.141702040767145,False,-1.0,-0.8333333333333327,1.0,12.215851020383573,True,True
LINKUSDT,4h,BUY,2025-12-18 20:00:00,11.93,11.38685610448114,12.835239825864766,11.748952034827049,False,1.666666666666668,0.5555555555555558,0.3333333333333333,11.93,True,True
LINKUSDT,4h,SELL,2026-01-03 04:00:00,13.01,13.342135920793972,12.456440132010044,13.120711973597992,False,-1.0,-0.8333333333333333,1.0,13.065355986798997,True,True
LINKUSDT,4h,SELL,2026-01-04 16:00:00,13.39,13.69815094232645,12.876415096122583,13.492716980775484,False,-1.0,-0.8333333333333334,1.0,13.44135849038774,True,True
LINKUSDT,4h,SELL,2026-01-05 04:00:00,13.58,13.91855962838601,13.015733952689985,13.692853209462005,False,-1.0,-0.8333333333333341,1.0,13.636426604731,True,True
LINKUSDT,4h,SELL,2026-01-06 00:00:00,13.79,14.178022178449318,13.143296369251134,13.919340726149771,False,-1.0,-0.8333333333333348,1.0,13.854670363074884,True,True
LINKUSDT,4h,SELL,2026-01-06 16:00:00,13.63,14.064331565980089,12.906114056699856,13.77477718866003,False,-1.0,-0.8333333333333326,1.0,13.702388594330015,True,True
LINKUSDT,4h,SELL,2026-01-14 08:00:00,13.87,14.220645157381858,13.285591404363569,13.986881719127286,False,-1.0,-0.8333333333333316,1.0,13.928440859563644,True,True
LINKUSDT,4h,SELL,2026-01-14 20:00:00,14.11,14.491077773603475,13.474870377327536,14.237025924534493,False,1.6666666666666698,1.166666666666669,0.6666666666666666,14.141756481133624,True,True
LINKUSDT,4h,BUY,2026-01-19 16:00:00,12.94,12.575925412471005,13.546790979214991,12.818641804157,False,-1.0,-0.8333333333333333,1.0,12.879320902078495,True,True
LINKUSDT,4h,BUY,2026-01-21 12:00:00,12.44,12.060897597076528,13.071837338205787,12.313632532358842,False,-1.0,-0.8333333333333333,1.0,12.37681626617942,True,True
LINKUSDT,4h,BUY,2026-01-26 00:00:00,11.7,11.39001957696892,12.216634038385134,11.596673192322973,False,-1.0,-0.8333333333333323,1.0,11.648336596161483,True,True
LINKUSDT,4h,BUY,2026-01-29 20:00:00,11.13,10.76392716702719,11.74012138828802,11.007975722342398,False,-1.0,-0.8333333333333333,1.0,11.068987861171198,True,True
LINKUSDT,4h,BUY,2026-01-30 16:00:00,10.91,10.486455243029368,11.61590792828439,10.768818414343125,False,-1.0,-0.833333333333334,1.0,10.83940920717156,True,True
LINKUSDT,4h,BUY,2026-02-02 12:00:00,9.93,9.36482568855272,10.871957185745464,9.741608562850908,False,-1.0,-0.8333333333333333,1.0,9.835804281425451,True,True
LINKUSDT,4h,BUY,2026-02-06 08:00:00,8.33,7.672315138292903,9.426141436178495,8.1107717127643,False,1.6666666666666663,1.8333333333333328,1.0,8.22038585638215,True,True
LINKUSDT,4h,BUY,2026-02-23 04:00:00,8.35,8.08658322042326,8.789027965961232,8.262194406807753,False,-1.0,-0.8333333333333333,1.0,8.306097203403876,True,True
LINKUSDT,4h,SELL,2026-02-25 20:00:00,9.27,9.633320264210736,8.664466226315437,9.391106754736912,False,1.6666666666666716,1.1666666666666703,0.6666666666666666,9.300276688684228,True,True
LINKUSDT,4h,SELL,2026-03-16 08:00:00,9.66,9.939672759428166,9.193878734286391,9.753224253142722,False,-1.0,-0.8333333333333333,1.0,9.70661212657136,True,True
LINKUSDT,4h,SELL,2026-03-17 00:00:00,9.83,10.132132540660866,9.326445765565223,9.930710846886956,False,1.6666666666666683,1.833333333333334,1.0,9.880355423443476,True,True
LINKUSDT,4h,BUY,2026-03-22 00:00:00,8.91,8.65158420391839,9.340692993469352,8.82386140130613,False,-1.0,-0.8333333333333333,1.0,8.866930700653064,True,True
LINKUSDT,4h,BUY,2026-03-23 00:00:00,8.7,8.46187129522073,9.096881174632117,8.620623765073576,False,1.6666666666666667,1.833333333333332,1.0,8.660311882536789,True,True
LINKUSDT,4h,BUY,2026-03-23 08:00:00,8.97,8.671996167817875,9.466673053636876,8.870665389272625,False,1.6666666666666667,1.1666666666666667,0.6666666666666666,8.945166347318157,True,True
LINKUSDT,4h,BUY,2026-03-27 20:00:00,8.57,8.306244009857766,9.009593316903723,8.482081336619256,False,-1.0,-0.8333333333333344,1.0,8.526040668309628,True,True
LINKUSDT,4h,BUY,2026-03-28 04:00:00,8.6,8.353827743193685,9.010287094677192,8.517942581064561,False,-1.0,-0.8333333333333333,1.0,8.55897129053228,True,True
LINKUSDT,4h,SELL,2026-04-06 16:00:00,8.99,9.202141551339516,8.636430747767474,9.159713241071612,True,1.6666666666666723,0.5555555555555574,0.3333333333333333,8.99,True,True
LINKUSDT,4h,SELL,2026-04-16 20:00:00,9.59,9.8718163133681,9.120306144386502,9.6839387711227,False,1.6666666666666667,1.8333333333333344,1.0,9.636969385561349,True,True
LINKUSDT,4h,SELL,2026-05-07 00:00:00,9.86,10.113234983344196,9.43794169442634,9.944411661114732,False,-1.0,-0.8333333333333333,1.0,9.902205830557364,True,True
LINKUSDT,4h,SELL,2026-05-09 12:00:00,10.34,10.620610327182398,9.872316121362667,10.433536775727466,False,-1.0,-0.8333333333333334,1.0,10.386768387863732,True,True
LINKUSDT,4h,SELL,2026-05-10 20:00:00,10.72,11.01597218160462,10.226713030658964,10.818657393868207,False,1.6666666666666727,0.5555555555555575,0.3333333333333333,10.72,True,True
LINKUSDT,4h,BUY,2026-05-18 16:00:00,9.51,9.224464848046972,9.985891919921713,9.414821616015658,False,1.6666666666666687,1.8333333333333357,1.0,9.462410808007828,True,True
LINKUSDT,4h,BUY,2026-05-28 12:00:00,8.899,8.64038143146722,9.330030947554633,8.812793810489072,False,-1.0,-0.833333333333331,1.0,8.855896905244535,True,True
LINKUSDT,4h,BUY,2026-06-03 04:00:00,8.547,8.211886670171838,9.105522216380272,8.435295556723947,False,-1.0,-0.8333333333333341,1.0,8.491147778361974,True,True
LINKUSDT,4h,BUY,2026-06-04 12:00:00,8.047,7.665912434893109,8.68214594184482,7.919970811631036,False,-1.0,-0.8333333333333325,1.0,7.983485405815518,True,True
LINKUSDT,4h,BUY,2026-06-06 12:00:00,7.382,6.964186731700072,8.078355447166546,7.24272891056669,False,1.666666666666666,1.1666666666666663,0.6666666666666666,7.347182227641672,True,True
LINKUSDT,4h,BUY,2026-06-06 20:00:00,7.394,7.008334477843429,8.036775870260952,7.26544482594781,False,1.6666666666666674,0.5555555555555558,0.3333333333333333,7.394,True,True
