sym,tf,dir,entry,sl,tp,rA,rB,mae_a,mae_b,at_risk,used_trap,bh_a,bh_b,res_a,res_b
BTCUSDT,1h,BUY,67032.72,66014.98550811064,68728.94415314894,1.6666666666666667,1.6024506903494216,0.49094,0.57562,True,True,87,120,True,False
BTCUSDT,1h,BUY,67053.03,66113.47081169688,68618.96198050518,1.038488331432419,1.3085219832182244,0.26183,0.28855,True,True,120,120,False,False
BTCUSDT,1h,SELL,68938.91,69901.17071102114,67335.14214829811,0.11006728822083751,-0.13127710628931963,0.12532,0.16461,True,True,120,120,False,False
BTCUSDT,1h,SELL,69640.2,70346.06406917286,68463.7598847119,-0.1251840567734331,-0.15389892990688922,0.15852,0.18723,True,True,120,120,False,False
BTCUSDT,1h,SELL,70446.52,71207.66469905815,69177.94550156976,-0.08725371913897294,-0.10532371408950857,0.12059,0.13866,True,True,120,120,False,False
BTCUSDT,1h,SELL,67948.99,68558.00477332663,66933.96537778898,-0.0744004346372211,-0.08457602131530816,0.12316,0.11791,True,True,120,120,False,False
BTCUSDT,1h,BUY,65757.32,65037.897285503896,66956.35785749352,-1.0,-1.0,1.00667,1.02481,True,True,99,99,True,True
BTCUSDT,1h,BUY,64473.14,63595.04999640405,65936.62333932659,-1.0,-1.0,1.10681,1.34071,True,True,86,57,True,True
BTCUSDT,1h,BUY,63392.15,62493.41400974502,64890.04331709164,1.2981482013475292,1.0161755814750901,0.12389,0.12847,True,True,120,120,False,False
BTCUSDT,1h,BUY,63284.5,62432.00126350463,64705.33122749228,1.666666666666661,1.6269389349291838,0.30517,0.33718,True,True,108,120,True,False
BTCUSDT,1h,BUY,63453.99,62589.86564262171,64894.19726229714,1.6666666666666639,1.3417463093429167,0.33085,0.57347,True,True,92,120,True,False
BTCUSDT,1h,SELL,65884.83,66827.75179024914,64313.29368291812,-0.0950940663451756,-0.12106919809515446,0.16056,0.1544,True,True,120,120,False,False
BTCUSDT,1h,SELL,68432.13,69559.06826763685,66553.89955393861,0.11796793963274461,-0.13888219937868837,0.10982,0.17222,True,True,120,120,False,False
BTCUSDT,1h,BUY,63826.0,62868.15758849953,65422.40401916744,1.666666666666664,1.666666666666664,0.23724,0.24913,True,True,43,44,True,True
BTCUSDT,1h,BUY,63658.54,62718.46465538991,65225.332241016826,1.6666666666666692,1.3419603691272912,0.12638,0.35045,True,True,113,120,True,False
BTCUSDT,1h,SELL,69198.0,70543.84441023249,66954.92598294586,0.05649294019154781,-0.20213699369400542,0.10804,0.23547,True,True,120,120,False,False
BTCUSDT,1h,SELL,72705.86,73970.33405030037,70598.40324949939,-0.0571358556709459,-0.08579941136147458,0.10467,0.11913,True,True,120,120,False,False
BTCUSDT,1h,BUY,68290.45,67461.70588115216,69671.69019807974,-1.0,-1.0,1.09386,1.12429,True,True,79,76,True,True
BTCUSDT,1h,BUY,67842.67,67142.01537060352,69010.42771566079,-1.0,-1.0,1.0075,1.00604,True,True,82,82,True,True
BTCUSDT,1h,BUY,68000.0,67327.54975832651,69120.75040278916,-0.18593308187454627,-0.5932615440449278,0.26398,0.68894,True,True,120,120,False,False
BTCUSDT,1h,BUY,67402.98,66831.89224084491,68354.79293192513,-1.0,-1.0,1.00667,1.02892,True,True,61,61,True,True
BTCUSDT,1h,BUY,67000.26,66467.50680632645,67888.18198945592,1.666666666666685,1.6666666666666576,0.13779,0.15847,True,True,110,111,True,True
BTCUSDT,1h,BUY,67149.93,66567.79663402637,68120.1522766227,1.6666666666666583,1.6666666666666583,0.12656,0.11041,True,True,118,119,True,True
BTCUSDT,1h,SELL,72228.82,73064.07157342994,70836.73404428344,-0.02416357660285512,-0.0,0.14217,0.11801,True,True,120,120,False,False
BTCUSDT,1h,SELL,72382.72,73370.92157318717,70735.71737802139,0.07813492378040145,-0.17752149265471606,0.11101,0.21085,True,True,120,120,False,False
BTCUSDT,1h,SELL,72531.26,73219.91804203522,71383.49659660795,-0.0908972231311597,-0.12393561763041325,0.18158,0.15727,True,True,120,120,False,False
BTCUSDT,1h,SELL,73714.36,74598.57405578817,72240.66990701972,-0.013021874616817352,-0.0,0.12219,0.10916,True,True,120,120,False,False
BTCUSDT,1h,SELL,75198.02,76172.50797899811,73573.87336833648,-0.06756790962501806,-0.06886287553579996,0.13204,0.1022,True,True,120,120,False,False
BTCUSDT,1h,BUY,71595.21,70723.2511958469,73048.47467358853,-1.0,-1.0,1.04019,1.02138,True,True,118,119,True,True
BTCUSDT,1h,BUY,71263.67,70360.72459299726,72768.57901167123,-0.5826940986887968,-1.0,0.92539,1.23016,True,True,120,58,False,True
BTCUSDT,1h,BUY,71246.54,70404.01625620681,72650.74623965529,-0.6301365925932529,-1.0,0.6843,1.03122,True,True,120,121,False,True
BTCUSDT,1h,BUY,71115.23,70329.73478213752,72424.38869643747,-1.0,-1.0,1.11624,1.1488,True,True,49,48,True,True
BTCUSDT,1h,BUY,70513.0,69709.48414427256,71852.19309287907,-0.5514853865375745,-0.8449947327057795,0.99206,0.97417,True,True,120,120,False,False
BTCUSDT,1h,BUY,69905.65,69047.98237126636,71335.09604788938,-1.0,-1.0,1.00667,1.03866,True,True,51,51,True,True
BTCUSDT,1h,BUY,69278.12,68655.35235469516,70316.06607550805,-1.0,-1.0,1.00667,1.00801,True,True,75,75,True,True
BTCUSDT,1h,BUY,68654.83,68054.89719284073,69654.71801193213,-0.5761907751844085,-0.587019213271156,0.77213,0.83835,True,True,120,120,False,False
BTCUSDT,1h,BUY,68339.37,67674.26205468058,69447.88324219901,-1.0,-1.0,1.00667,1.21956,True,True,119,98,True,True
BTCUSDT,1h,BUY,67905.0,67176.07992679783,69119.86678867028,1.6666666666666534,1.6049517367369608,0.12055,0.22382,True,True,106,120,True,False
BTCUSDT,1h,SELL,70131.48,71360.84673189609,68082.53544683984,0.055866669998354296,-0.19469791566480443,0.1161,0.22803,True,True,120,120,False,False
BTCUSDT,1h,BUY,69436.42,68777.94335706625,70533.88107155623,-1.0,-1.0,1.00752,1.03025,True,True,31,31,True,True
BTCUSDT,1h,BUY,69005.21,68217.38921052834,70318.24464911944,-1.0,-1.0,1.02001,1.04874,True,True,55,54,True,True
BTCUSDT,1h,BUY,66407.28,65687.25655956744,67607.3190673876,-1.0,-1.0,1.01118,1.03338,True,True,51,51,True,True
BTCUSDT,1h,SELL,68976.67,69516.11652178103,68077.59246369828,0.11162156470898828,-0.11864869305104678,0.1364,0.15198,True,True,120,120,False,False
BTCUSDT,1h,SELL,69366.75,69930.29456903737,68427.50905160439,-0.09310590812546068,-0.1182133542713387,0.14568,0.15155,True,True,120,120,False,False
BTCUSDT,1h,SELL,69799.14,70410.23450935226,68780.64915107956,0.06836498036679559,-0.19748147801403562,0.10082,0.23081,True,True,120,120,False,False
BTCUSDT,1h,SELL,71364.94,72294.46728145969,69815.72786423386,0.055709266523660254,-0.0,0.11527,0.17098,True,True,120,120,False,False
BTCUSDT,1h,SELL,71627.59,72415.03841808846,70315.17596985254,0.008695221799923583,-0.0,0.10643,0.11512,True,True,120,120,False,False
BTCUSDT,1h,SELL,71678.87,72417.32963090281,70448.1039484953,0.03091391370093424,-0.0,0.11759,0.1485,True,True,120,120,False,False
BTCUSDT,1h,SELL,73290.43,73782.25384329315,72470.72359451141,0.015551111849195389,-0.2118317706466282,0.13928,0.24517,True,True,120,120,False,False
BTCUSDT,1h,BUY,70936.27,70445.64255143797,71753.98241427005,0.9252393090216152,0.6504094345199292,0.11083,0.33711,True,True,120,120,False,False
BTCUSDT,1h,SELL,71866.59,72518.84742328487,70779.49429452521,-0.1251078701507696,-0.1437928583845923,0.1969,0.17713,True,True,120,120,False,False
BTCUSDT,1h,SELL,73149.36,73902.10700055913,71894.78166573479,-0.10764405529650607,-0.10193360212764835,0.20163,0.13527,True,True,120,120,False,False
BTCUSDT,1h,SELL,74210.11,74910.56934451353,73042.67775914414,-0.04063946771554463,-0.051951793304712196,0.12202,0.08529,True,True,120,120,False,False
BTCUSDT,1h,SELL,74500.0,75182.65168142572,73362.24719762379,0.07405242184329147,-0.0,0.1079,0.18196,True,True,120,120,False,False
BTCUSDT,1h,SELL,75013.62,75760.75265488635,73768.39890852274,-0.040327407732857784,-0.030369156059877972,0.14329,0.06667,True,True,120,120,False,False
BTCUSDT,1h,SELL,77520.59,78452.76466042934,75966.96556595109,-0.03221904421381972,-0.05594474427821957,0.10961,0.08928,True,True,120,120,False,False
BTCUSDT,1h,BUY,75222.45,74734.29596779833,76036.04005366945,1.1853324703346637,1.3289232912791848,0.70965,0.74187,True,True,120,120,False,False
BTCUSDT,1h,BUY,74280.01,73620.76665533788,75378.74890777019,1.5003653037906104,1.0618586626286743,0.14972,0.14427,True,True,120,120,False,False
BTCUSDT,1h,SELL,78743.59,79519.45963916976,77450.47393471705,0.020938119526565317,-0.0019573207237536918,0.11044,0.06667,True,True,120,120,False,False
BTCUSDT,1h,SELL,78846.62,79570.19584812535,77640.66025312441,0.03836808925671832,-0.2194770970267291,0.10882,0.25281,True,True,120,120,False,False
BTCUSDT,1h,SELL,78924.22,79539.32477965727,77899.0453672379,0.10984450405858436,-0.12272766906231203,0.13409,0.15606,True,True,120,120,False,False
BTCUSDT,1h,BUY,76743.24,76081.19850762544,77846.64248729096,-1.0,-1.0,1.00667,1.25848,True,True,84,78,True,True
BTCUSDT,1h,BUY,76066.38,75501.97643881569,77007.05260197388,0.7681776387262582,0.5870877364301147,0.307,0.55954,True,True,120,120,False,False
BTCUSDT,1h,SELL,78214.36,78901.69207221243,77068.8065463126,0.11198377010786953,-0.1534823996325387,0.1012,0.18682,True,True,120,120,False,False
BTCUSDT,1h,SELL,78568.57,79036.8836115679,77788.04731405352,-0.09813488473447328,-0.12764984600723975,0.1347,0.16098,True,True,120,120,False,False
BTCUSDT,1h,SELL,80027.26,80674.65329344377,78948.2711775937,-0.09119948142804564,-0.10493949614275384,0.12453,0.13827,True,True,120,120,False,False
BTCUSDT,1h,SELL,81285.75,81953.01326310802,80173.64456148664,-0.044606448410331664,-0.017781447620745145,0.16016,0.06667,True,True,120,120,False,False
BTCUSDT,1h,SELL,82220.47,82870.17050415541,81137.63582640764,-0.11746382604891434,-0.13124555479096375,0.1508,0.16458,True,True,120,120,False,False
BTCUSDT,1h,SELL,81271.96,81611.52280902199,80706.02198496336,-0.020370046591658322,-0.026197707066155262,0.12751,0.06667,True,True,120,120,False,False
BTCUSDT,1h,SELL,81471.13,82139.62768886192,80356.96718523014,0.13687625429852682,-0.10934016679845143,0.12045,0.14267,True,True,120,120,False,False
BTCUSDT,1h,BUY,80527.69,79918.61763776866,81542.81060371888,-1.0,-1.0,1.00667,1.26408,True,True,81,52,True,True
BTCUSDT,1h,BUY,79756.01,79185.56867901333,80706.74553497777,-1.0,-1.0,1.00667,1.26198,True,True,43,38,True,True
BTCUSDT,1h,BUY,79514.97,78865.93135488058,80596.70107519905,1.1745355663141026,1.2849645278803625,0.35165,0.36157,True,True,120,120,False,False
BTCUSDT,1h,SELL,81668.48,82432.96380406045,80394.3403265659,0.014908439232783227,-0.01834951198034163,0.10008,0.06667,True,True,120,120,False,False
BTCUSDT,1h,BUY,79150.37,78374.39042628957,80443.66928951738,-1.0,-1.0,1.00667,1.2506,True,True,64,33,True,True
BTCUSDT,1h,BUY,78130.55,77629.02981880106,78966.4169686649,-1.0,-1.0,1.00667,1.03973,True,True,45,45,True,True
BTCUSDT,1h,BUY,77895.51,77504.38091461736,78547.39180897106,1.210161701206183,1.2692070488686864,0.24608,0.26875,True,True,120,120,False,False
BTCUSDT,1h,BUY,77038.49,76502.70558894335,77931.46401842775,-1.0,-1.0,1.00667,1.02119,True,True,77,77,True,True
BTCUSDT,1h,BUY,77073.69,76554.25188006871,77939.42019988548,-1.0,-1.0,1.00667,1.11978,True,True,120,119,True,True
BTCUSDT,1h,BUY,77285.83,76756.18820847153,78168.56631921411,-1.0,-1.0,1.00667,1.25324,True,True,64,61,True,True
BTCUSDT,1h,BUY,75635.22,75138.23130865234,76463.53448557944,-1.0,-1.0,1.06889,1.08798,True,True,43,43,True,True
BTCUSDT,1h,BUY,75213.9,74738.76125994563,76005.79790009059,1.02012551888297,0.8321687658875053,0.10448,0.30293,True,True,120,120,False,False
BTCUSDT,1h,SELL,76804.99,77446.32874025349,75736.09209957754,-0.10408105901702477,-0.13630229201207295,0.14789,0.16964,True,True,120,120,False,False
BTCUSDT,1h,BUY,75326.01,74732.35832600843,76315.42945665261,-1.0,-1.0,1.08233,1.11308,True,True,92,92,True,True
BTCUSDT,1h,BUY,74449.3,73807.12220183987,75519.5963302669,-0.22917407134897952,-0.07095408935257586,0.82907,0.84665,True,True,120,120,False,False
BTCUSDT,1h,BUY,73498.0,72820.58070274822,74627.03216208631,-0.4750622469270064,-0.6418193505963783,0.60476,0.85875,True,True,120,120,False,False
BTCUSDT,1h,BUY,73541.24,72894.63680492066,74618.91199179892,-1.0,-1.0,1.00667,1.01601,True,True,71,71,True,True
BTCUSDT,1h,BUY,73033.06,72330.26645550292,74204.38257416179,0.2980600086563836,0.4484012372863618,0.78573,0.82674,True,True,120,120,False,False
BTCUSDT,1h,BUY,73440.67,72712.01196928568,74655.10005119051,-1.0,-1.0,1.05279,1.152,True,True,73,72,True,True
BTCUSDT,1h,BUY,71646.01,70955.46817625866,72796.91303956888,-1.0,-1.0,1.07627,1.28965,True,True,95,83,True,True
BTCUSDT,1h,BUY,71595.24,70939.45159075366,72688.22068207727,-1.0,-1.0,1.10206,1.13475,True,True,67,58,True,True
BTCUSDT,1h,BUY,71408.0,70741.08637568723,72519.52270718795,-1.0,-1.0,1.01901,1.26096,True,True,111,51,True,True
BTCUSDT,1h,BUY,70846.49,70132.90077509379,72035.8053748437,-1.0,-1.0,1.04502,1.0974,True,True,101,101,True,True
BTCUSDT,1h,BUY,66465.98,65453.75844930567,68153.01591782387,-0.6389303028490179,-0.6737704946845652,0.75616,0.77578,True,True,120,120,False,False
BTCUSDT,1h,BUY,65768.88,64812.23375030106,67363.2904161649,-0.677259734490379,-0.5743023661150388,0.69697,0.74062,True,True,120,120,False,False
BTCUSDT,1h,BUY,63231.99,61899.62651010466,65452.59581649223,-1.0,-1.0,1.0212,1.04983,True,True,57,54,True,True
BTCUSDT,1h,SELL,62530.0,63337.62414571847,61183.95975713588,0.07741110236089568,-0.1739453157507333,0.11531,0.20728,True,True,120,120,False,False
BTCUSDT,1h,BUY,61390.51,60584.02547542627,62734.65087428955,1.6666666666666667,1.3293653932682248,0.10765,0.18743,True,True,102,120,True,False
ETHUSDT,1h,BUY,1953.66,1920.794003526008,2008.4366607899867,1.6666666666666643,1.6666666666666643,0.10261,0.06667,True,True,77,78,True,True
ETHUSDT,1h,BUY,1929.88,1886.0708912800687,2002.8951811998847,1.2526246420577969,1.0203955152661326,0.13947,0.15391,True,True,120,120,False,False
ETHUSDT,1h,SELL,2048.72,2079.436880866673,1997.525198555544,0.020160483290681545,-0.00825008393705869,0.10492,0.06667,True,True,120,120,False,False
ETHUSDT,1h,SELL,2050.22,2077.484097035015,2004.7798382749747,0.04007207265293035,-0.1875397828959317,0.13905,0.22087,True,True,120,120,False,False
ETHUSDT,1h,SELL,2070.97,2097.0451554148626,2027.511407641895,-0.03002746566985623,-0.05864477150332253,0.10472,0.09198,True,True,120,120,False,False
ETHUSDT,1h,BUY,2010.32,1977.0161567270711,2065.8264054548813,-0.5510411433720556,-0.8760801058371305,0.80857,0.87944,True,True,120,120,False,False
ETHUSDT,1h,BUY,1970.27,1935.1381108689136,2028.8231485518104,1.4357066551838715,1.5983403019940414,0.11989,0.06667,True,True,120,120,False,False
ETHUSDT,1h,BUY,1936.87,1909.1509835621437,1983.0683607297608,-1.0,-1.0,1.00667,1.27121,True,True,85,77,True,True
ETHUSDT,1h,BUY,1942.95,1927.462352259782,1968.7627462336968,-1.0,-1.0,1.01942,1.27931,True,True,111,106,True,True
ETHUSDT,1h,BUY,1879.52,1855.3208536637756,1919.8519105603743,1.6666666666666792,1.40743125636252,0.1115,0.09989,True,True,55,120,True,False
ETHUSDT,1h,BUY,1825.7,1795.4826614332885,1876.06223094452,1.6666666666666918,1.4176028882119933,0.11876,0.21992,True,True,68,120,True,False
ETHUSDT,1h,BUY,1834.73,1804.2112743087637,1885.594542818728,1.666666666666694,1.4353286330952255,0.13287,0.05462,True,True,99,120,True,False
ETHUSDT,1h,SELL,1906.14,1938.2328534213816,1852.651910964364,-0.045767943414317766,-0.05288088590390094,0.12622,0.08621,True,True,120,120,False,False
ETHUSDT,1h,SELL,2057.48,2104.89961828751,1978.4473028541504,0.12221048350769524,-0.14223526418486113,0.10222,0.17557,True,True,120,120,False,False
ETHUSDT,1h,SELL,2058.34,2103.933573931577,1982.3507101140376,-0.09209140674246168,-0.09908675587209365,0.12634,0.13242,True,True,120,120,False,False
ETHUSDT,1h,SELL,2066.13,2107.917865474276,1996.4835575428733,0.09698695137088946,-0.14750739542530442,0.12217,0.18084,True,True,120,120,False,False
ETHUSDT,1h,BUY,1948.59,1912.866644157072,2008.12892640488,-0.42296309781349123,-0.7152366637239816,0.87752,0.9046,True,True,120,120,False,False
ETHUSDT,1h,BUY,1929.84,1896.916333521336,1984.71277746444,-1.0,-1.0,1.0201,1.03536,True,True,68,68,True,True
ETHUSDT,1h,BUY,1865.09,1828.7518451859555,1925.653591356741,1.666666666666675,1.5875430102362227,0.24872,0.27284,True,True,112,120,True,False
ETHUSDT,1h,SELL,2015.7,2060.8535563387727,1940.444072768712,-9.147991800422033e-05,-0.0028743777629265015,0.13055,0.06667,True,True,120,120,False,False
ETHUSDT,1h,SELL,2041.01,2092.403204359914,1955.3546594001432,0.10354261921336713,-0.15896292435028497,0.10416,0.1923,True,True,120,120,False,False
ETHUSDT,1h,SELL,2054.97,2098.6942357406288,1982.0962737656184,0.025878252317309485,-0.2256883992475134,0.1151,0.25902,True,True,120,120,False,False
ETHUSDT,1h,SELL,2132.11,2179.2246782175084,2053.585536304153,0.004894614511261166,-0.0134174747687278,0.11502,0.06667,True,True,120,120,False,False
ETHUSDT,1h,BUY,1983.75,1947.810878646202,2043.6485355896632,-0.4973038064367291,-0.6882278674898274,0.88521,0.90795,True,True,120,120,False,False
ETHUSDT,1h,BUY,1983.77,1949.441803526572,2040.9836607890463,-1.0,-1.0,1.00667,1.01258,True,True,86,86,True,True
ETHUSDT,1h,BUY,1947.67,1926.6889645029396,1982.6383924951008,-1.0,-1.0,1.00667,1.03691,True,True,64,64,True,True
ETHUSDT,1h,SELL,2105.81,2143.1603542341104,2043.5594096098157,0.0017375811445266727,-0.0012663857549650341,0.13033,0.06667,True,True,120,120,False,False
ETHUSDT,1h,SELL,2151.14,2192.381101153987,2082.4048314100214,0.05818407242549035,-0.20741493530948343,0.10107,0.24075,True,True,120,120,False,False
ETHUSDT,1h,SELL,2243.54,2281.774153065001,2179.816411558332,-0.017951578083244837,-0.03670232372195748,0.11458,0.07004,True,True,120,120,False,False
ETHUSDT,1h,SELL,2273.88,2315.5090054881853,2204.4983241863583,-0.011008384597426736,-0.04370747001417924,0.10063,0.07704,True,True,120,120,False,False
ETHUSDT,1h,SELL,2320.0,2364.775349562907,2245.374417395155,0.07574777035154685,-0.1694190206157099,0.1215,0.20275,True,True,120,120,False,False
ETHUSDT,1h,BUY,2204.02,2165.7984864513787,2267.722522581036,-0.5813902494281143,-0.730891721728959,0.86812,0.89666,True,True,120,120,False,False
ETHUSDT,1h,BUY,2202.49,2162.2500534032124,2269.556577661312,-0.5333238251762162,-0.8172046619315114,0.6081,0.86906,True,True,120,120,False,False
ETHUSDT,1h,BUY,2126.96,2087.9567834342265,2191.965360942956,-0.1609574768350314,-0.16595244679293483,0.54589,0.5348,True,True,120,120,False,False
ETHUSDT,1h,BUY,2102.29,2077.000454692144,2144.43924217976,-1.0,-1.0,1.05157,1.06179,True,True,68,68,True,True
ETHUSDT,1h,BUY,2082.44,2057.5055651985567,2123.9973913357385,-0.28616407608713723,-0.5463991231936264,0.60476,0.86699,True,True,120,120,False,False
ETHUSDT,1h,BUY,2062.67,2035.475099008775,2107.994834985375,-1.0,-1.0,1.10892,1.08407,True,True,70,71,True,True
ETHUSDT,1h,SELL,2128.45,2178.169323452216,2045.584460912973,0.12606225182081518,-0.0897288653740036,0.15088,0.12306,True,True,120,120,False,False
ETHUSDT,1h,BUY,2064.89,2035.666227579196,2113.596287368006,-1.0,-1.0,1.00667,1.01383,True,True,111,110,True,True
ETHUSDT,1h,BUY,1991.71,1962.922373497846,2039.6893775035896,1.3365856211830311,1.0602103813020312,0.29583,0.55604,True,True,120,120,False,False
ETHUSDT,1h,SELL,2055.16,2081.4950807059,2011.2681988234997,-0.02785853933094893,-0.0,0.13193,0.10407,True,True,120,120,False,False
ETHUSDT,1h,SELL,2060.92,2087.4276392659626,2016.740601223396,0.09801226806581043,-0.15720695558431047,0.11145,0.19054,True,True,120,120,False,False
ETHUSDT,1h,BUY,2038.81,2010.3115256915776,2086.307457180704,0.6042947170029149,0.6639872971096872,0.63311,0.65462,True,True,120,120,False,False
ETHUSDT,1h,BUY,2036.63,2023.129236181505,2059.131273030825,1.1205574557723308,0.9505029436614795,0.12831,0.04131,True,True,120,120,False,False
ETHUSDT,1h,SELL,2140.62,2165.878083915099,2098.5231934748344,0.09803975953333216,-0.16327822429364297,0.10535,0.19661,True,True,120,120,False,False
ETHUSDT,1h,SELL,2236.06,2267.221547707757,2184.1240871537384,0.12087859538933685,-0.13650793529973465,0.10928,0.16984,True,True,120,120,False,False
ETHUSDT,1h,SELL,2298.32,2324.431848927883,2254.8002517868617,0.026558246577538892,-0.20767712185594955,0.13243,0.24101,True,True,120,120,False,False
ETHUSDT,1h,BUY,2186.47,2162.146718298958,2227.0088028350688,1.6666666666666479,1.6080453642699977,0.14897,0.16303,True,True,104,120,True,False
ETHUSDT,1h,SELL,2353.05,2387.1485342927426,2296.219109512096,0.042488139677019886,-0.21902042170307756,0.10516,0.25235,True,True,120,120,False,False
ETHUSDT,1h,SELL,2419.99,2456.490172743944,2359.1563787600926,0.007840791547215524,-0.22077426123413318,0.13805,0.25411,True,True,120,120,False,False
ETHUSDT,1h,BUY,2318.01,2296.113038213675,2354.5049363105422,-1.0,-1.0,1.03834,1.29858,True,True,66,51,True,True
ETHUSDT,1h,BUY,2299.65,2275.3350229130388,2340.174961811602,-1.0,-1.0,1.00667,1.25925,True,True,52,46,True,True
ETHUSDT,1h,BUY,2280.01,2253.722643722577,2323.822260462373,0.7380670392663028,0.7638729696583029,0.6623,0.68444,True,True,120,120,False,False
ETHUSDT,1h,SELL,2388.22,2419.254519431876,2336.4958009468733,-0.03060514007155627,-0.057445110411391054,0.10649,0.09078,True,True,120,120,False,False
ETHUSDT,1h,SELL,2403.17,2432.2754540279047,2354.660909953492,-0.016996168926312755,-0.046207348044676355,0.10412,0.07954,True,True,120,120,False,False
ETHUSDT,1h,SELL,2342.92,2354.777952177336,2323.1567463711067,0.039727060781409564,-0.0,0.10577,0.1455,True,True,120,120,False,False
ETHUSDT,1h,SELL,2361.89,2379.301410600352,2332.870982332746,-0.11274162860813737,-0.12207421613218965,0.14607,0.15541,True,True,120,120,False,False
ETHUSDT,1h,SELL,2382.84,2404.061356233436,2347.4710729442745,0.1031240452516478,-0.14334149594102266,0.1202,0.17667,True,True,120,120,False,False
ETHUSDT,1h,BUY,2287.08,2262.047879958468,2328.80020006922,-1.0,-1.0,1.00838,1.03322,True,True,88,85,True,True
ETHUSDT,1h,SELL,2333.68,2356.086592910809,2296.3356784819844,0.07507439732867845,-0.1448721760972587,0.14672,0.17821,True,True,120,120,False,False
ETHUSDT,1h,BUY,2240.42,2209.8047364785984,2291.445439202336,0.7801766988087712,0.9957299295350489,0.13503,0.1124,True,True,120,120,False,False
ETHUSDT,1h,SELL,2308.04,2329.726137439419,2271.896437600969,0.0015650155267058746,-0.0,0.1197,0.12126,True,True,120,120,False,False
ETHUSDT,1h,SELL,2316.97,2330.841567086954,2293.8507215217437,-0.03764985693898002,-0.057862944458734925,0.11312,0.0912,True,True,120,120,False,False
ETHUSDT,1h,SELL,2376.19,2401.622480424126,2333.8025326264565,-0.09666628734740494,-0.12555128657751555,0.13,0.15888,True,True,120,120,False,False
ETHUSDT,1h,BUY,2299.6,2275.8937699141266,2339.110383476456,-1.0,-1.0,1.02422,1.0567,True,True,91,90,True,True
ETHUSDT,1h,BUY,2291.06,2270.0526287623084,2326.0722853961524,-0.7582608429122055,-0.82961646465124,0.95671,0.94247,True,True,120,120,False,False
ETHUSDT,1h,BUY,2281.63,2261.418345873453,2315.3160902109125,1.148764991983204,1.2126903946278904,0.20151,0.43361,True,True,120,120,False,False
ETHUSDT,1h,BUY,2281.35,2261.7756307886207,2313.973948685632,1.6666666666666667,1.580299123927509,0.52457,0.54831,True,True,92,120,True,False
ETHUSDT,1h,SELL,2328.76,2348.6983316953365,2295.52944717444,-0.07273212514121523,-0.09197374687634843,0.17178,0.12531,True,True,120,120,False,False
ETHUSDT,1h,BUY,2292.84,2273.028481464953,2325.859197558412,-1.0,-0.9330235517839484,1.00667,0.98685,True,True,118,120,True,False
ETHUSDT,1h,BUY,2276.59,2255.107022296384,2312.3949628393607,0.7156967158292502,0.6766228482509062,0.22142,0.17098,True,True,120,120,False,False
ETHUSDT,1h,BUY,2250.75,2225.68288884673,2292.528518588784,1.4247326694436875,1.1651344402733277,0.11705,0.14278,True,True,120,120,False,False
ETHUSDT,1h,BUY,2178.91,2161.5808634025966,2207.791894329005,-1.0,-1.0,1.00667,1.03162,True,True,74,74,True,True
ETHUSDT,1h,BUY,2174.5,2160.461979782503,2197.896700362495,1.6666666666666559,1.5517762536092004,0.10223,0.20668,True,True,103,120,True,False
ETHUSDT,1h,BUY,2133.9,2114.035016667198,2167.00830555467,-1.0,-1.0,1.01958,1.23803,True,True,107,97,True,True
ETHUSDT,1h,BUY,2078.18,2056.637277795748,2114.0845370070865,-0.07983020175103007,-0.3073170982348089,0.82848,0.84795,True,True,120,120,False,False
ETHUSDT,1h,BUY,2068.93,2047.470282073208,2104.696196544653,-1.0,-1.0,1.00667,1.02802,True,True,68,68,True,True
ETHUSDT,1h,BUY,2044.89,2026.672069465489,2075.253217557519,1.6666666666666707,1.6666666666666583,0.26669,0.2572,True,True,114,114,True,True
ETHUSDT,1h,SELL,2116.84,2145.040455186689,2069.839241355518,0.14228123100563844,-0.11426253522874955,0.11012,0.1476,True,True,120,120,False,False
ETHUSDT,1h,BUY,2028.23,2004.7170577329557,2067.4182371117413,-1.0,-1.0,1.04838,1.29593,True,True,67,62,True,True
ETHUSDT,1h,BUY,1995.56,1970.8377092614844,2036.7638178975255,-1.0,-1.0,1.05589,1.08633,True,True,111,111,True,True
ETHUSDT,1h,BUY,1994.04,1970.4639176795447,2033.3334705340912,-0.8894450340913396,-0.9720259021092809,0.97289,0.97477,True,True,120,120,False,False
ETHUSDT,1h,BUY,1993.62,1969.1213565069452,2034.451072488424,0.3190992463230827,-1.0,0.76434,1.03041,True,True,120,30,False,True
ETHUSDT,1h,BUY,1873.45,1837.811487225428,1932.8475212909532,-0.0099163528564169,0.04903896877618954,0.81111,0.8308,True,True,120,120,False,False
ETHUSDT,1h,BUY,1832.25,1802.1599590514256,1882.400068247624,0.02294773971974004,-0.03927606669527716,0.59993,0.60837,True,True,120,120,False,False
ETHUSDT,1h,BUY,1850.1,1810.3522576661744,1916.3462372230424,-1.0,-1.0,1.00667,1.01885,True,True,60,60,True,True
ETHUSDT,1h,BUY,1679.21,1633.4678759093752,1755.446873484375,-1.0,-1.0,1.04989,1.04619,True,True,92,92,True,True
ETHUSDT,1h,BUY,1682.72,1638.351969534104,1756.66671744316,-1.0,-1.0,1.09118,1.11301,True,True,36,35,True,True
ETHUSDT,1h,BUY,1608.49,1558.8197301219036,1691.2737831301606,-0.5528228734704673,-0.5347720449998858,0.76371,0.77072,True,True,120,120,False,False
ETHUSDT,1h,BUY,1574.06,1522.3238199992063,1660.2869666679894,0.01923170238359995,0.03150783086364485,0.93043,0.93104,True,True,120,120,False,False
ETHUSDT,1h,BUY,1566.71,1514.8237822385804,1653.187029602366,1.329168410331867,0.9461552435721169,0.12825,0.17399,True,True,120,120,False,False
ETHUSDT,1h,SELL,1633.52,1663.3340446387062,1583.8299256021562,0.07664355814670706,-0.18414788420462375,0.10588,0.21748,True,True,120,120,False,False
ETHUSDT,1h,SELL,1683.9,1717.7236923075816,1627.5271794873645,0.07255738995790485,-0.18329105300117665,0.11082,0.21662,True,True,120,120,False,False
SOLUSDT,1h,BUY,81.0,79.37094404690413,83.71509325515979,-0.35617787848265553,-0.21638423580828187,0.57662,0.57453,True,True,120,120,False,False
SOLUSDT,1h,BUY,81.26,79.7862733736888,83.71621104385201,-1.0,-1.0,1.01529,1.02549,True,True,106,106,True,True
SOLUSDT,1h,BUY,79.81,77.82424209174907,83.11959651375156,-1.0,-1.0,1.04719,1.20249,True,True,27,25,True,True
SOLUSDT,1h,BUY,77.34,75.63361254011905,80.18397909980159,1.160308004918307,0.8270228639379757,0.44843,0.71255,True,True,120,120,False,False
SOLUSDT,1h,SELL,84.33,85.92818739288525,81.66635434519125,0.12085672234176971,-0.1319133011034116,0.1139,0.16525,True,True,120,120,False,False
SOLUSDT,1h,SELL,84.89,86.33653888563006,82.47910185728323,0.04751234694105459,-0.16539049714706133,0.15376,0.19872,True,True,120,120,False,False
SOLUSDT,1h,SELL,84.83,86.15716873301776,82.61805211163707,-0.044820186242792485,-0.054746804795136085,0.12341,0.08808,True,True,120,120,False,False
SOLUSDT,1h,SELL,85.83,86.99815509947076,83.88307483421538,-0.12812459965056225,-0.15129590911790583,0.19207,0.18463,True,True,120,120,False,False
SOLUSDT,1h,SELL,86.42,87.69103679495184,84.30160534174695,0.11388519825168271,-0.13338709675091096,0.11939,0.16672,True,True,120,120,False,False
SOLUSDT,1h,SELL,88.06,89.35220907980155,85.90631820033076,0.09703694103377905,-0.16523717794945753,0.10439,0.19857,True,True,120,120,False,False
SOLUSDT,1h,SELL,89.67,91.2984246326728,86.95595894554536,-0.09853417970264697,-0.1217380666563092,0.13187,0.15507,True,True,120,120,False,False
SOLUSDT,1h,BUY,81.32,79.8247061616474,83.81215639725431,-0.8934690375862042,-0.9308571677714367,0.91002,0.95815,True,True,120,120,False,False
SOLUSDT,1h,SELL,86.13,87.17557311701901,84.38737813830163,-0.07396428905538578,-0.09594318929669562,0.11135,0.12928,True,True,120,120,False,False
SOLUSDT,1h,BUY,83.22,82.37182515051899,84.63362474913501,-1.0,-1.0,1.07006,1.07143,True,True,26,26,True,True
SOLUSDT,1h,BUY,79.09,77.71863432411978,81.37560945980037,-1.0,-1.0,1.00667,1.11042,True,True,46,44,True,True
SOLUSDT,1h,BUY,76.84,75.33545025637574,79.34758290604046,1.666666666666673,1.6143531406353098,0.11579,0.13451,True,True,113,120,True,False
SOLUSDT,1h,SELL,81.3,82.88133839222706,78.66443601295488,0.041992518699838846,-0.2127283050701684,0.11195,0.24606,True,True,120,120,False,False
SOLUSDT,1h,SELL,88.2,90.20982378864844,84.85029368558595,0.09288272641730701,-0.1524827146186341,0.1213,0.18582,True,True,120,120,False,False
SOLUSDT,1h,SELL,87.76,89.70692341970138,84.51512763383103,0.0007639535287165607,-0.025794655197308808,0.10677,0.06667,True,True,120,120,False,False
SOLUSDT,1h,BUY,82.7,81.00768513350766,85.52052477748722,-1.0,-1.0,1.07179,1.1402,True,True,102,101,True,True
SOLUSDT,1h,BUY,81.43,79.87312796708241,84.02478672152934,-0.30555836081805215,-0.40691318542845434,0.39451,0.50244,True,True,120,120,False,False
SOLUSDT,1h,BUY,78.42,76.66052306207632,81.35246156320615,1.6666666666666747,1.56161278015663,0.31887,0.41284,True,True,117,120,True,False
SOLUSDT,1h,SELL,87.26,89.33777510572175,83.79704149046377,0.05382467336441413,-0.18750280723971363,0.12534,0.22084,True,True,120,120,False,False
SOLUSDT,1h,SELL,87.61,89.92933708485089,83.7444381919152,0.11348610436591397,-0.12976158609639907,0.12342,0.16309,True,True,120,120,False,False
SOLUSDT,1h,SELL,90.15,92.40060028795769,86.39899952007057,0.033985237624792324,-0.0,0.11725,0.15124,True,True,120,120,False,False
SOLUSDT,1h,SELL,91.55,93.99410652267504,87.4764891288749,0.1111312155714139,-0.15089354621314344,0.10464,0.18423,True,True,120,120,False,False
SOLUSDT,1h,SELL,92.87,95.22939416894322,88.93767638509466,-0.014389671541864447,-0.047639402905421346,0.10008,0.08097,True,True,120,120,False,False
SOLUSDT,1h,BUY,85.28,83.59306429629353,88.09155950617743,-1.0,-1.0,1.01624,1.02201,True,True,115,115,True,True
SOLUSDT,1h,BUY,83.61,82.64451559559201,85.21914067401332,-0.7209357411782163,-0.8057936434919937,0.72288,0.89385,True,True,120,120,False,False
SOLUSDT,1h,BUY,83.02,82.01283919953194,84.69860133411343,-1.0,-1.0,1.08559,1.33382,True,True,83,77,True,True
SOLUSDT,1h,BUY,82.5,81.50925664203903,84.15123892993493,-1.0,-1.0,1.04271,1.05904,True,True,99,99,True,True
SOLUSDT,1h,SELL,89.09,90.93739498759716,86.01100835400474,-0.09192683357116675,-0.11526447560731018,0.18914,0.1486,True,True,120,120,False,False
SOLUSDT,1h,SELL,90.69,92.45856845067776,87.74238591553707,-0.038731606956434225,-0.06361160053112018,0.10845,0.09694,True,True,120,120,False,False
SOLUSDT,1h,SELL,91.48,92.89267703499628,89.12553827500619,-0.10740562792153063,-0.11972771150373358,0.16621,0.15306,True,True,120,120,False,False
SOLUSDT,1h,SELL,92.86,94.4585291287024,90.195784785496,-0.027155826180312082,-0.0,0.12724,0.10008,True,True,120,120,False,False
SOLUSDT,1h,SELL,95.49,97.24540793684818,92.56432010525302,0.12529261170422637,-0.14125755782481714,0.10012,0.17459,True,True,120,120,False,False
SOLUSDT,1h,BUY,89.94,88.39379679491016,92.5170053418164,-1.0,-1.0,1.0195,1.05253,True,True,83,80,True,True
SOLUSDT,1h,BUY,88.16,87.05950267583087,89.99416220694853,-0.8114187833842359,-0.8123013595498682,0.87131,0.99151,True,True,120,120,False,False
SOLUSDT,1h,BUY,86.75,85.65965656983248,88.56723905027921,-1.0,-1.0,1.0174,1.119,True,True,64,40,True,True
SOLUSDT,1h,SELL,89.95,91.93452052228058,86.64246579619905,0.12365448135831093,-0.13149230947773496,0.11152,0.16483,True,True,120,120,False,False
SOLUSDT,1h,BUY,86.84,85.54596434747138,88.9967260875477,-1.0,-1.0,1.04481,1.0533,True,True,63,63,True,True
SOLUSDT,1h,BUY,83.11,81.91907540311196,85.09487432814674,-0.3206544075731495,-0.2318888730856973,0.39091,0.3865,True,True,120,120,False,False
SOLUSDT,1h,BUY,79.26,77.68817979009552,81.87970034984082,-1.0,-1.0,1.00697,1.26213,True,True,71,58,True,True
SOLUSDT,1h,BUY,79.07,77.55338330998036,81.59769448336604,1.084487103556252,1.0074914777013866,0.16824,0.19059,True,True,120,120,False,False
SOLUSDT,1h,BUY,79.21,78.52941274737209,80.34431208771315,0.851318604526298,0.7921967211333976,0.1161,0.17831,True,True,120,120,False,False
SOLUSDT,1h,SELL,81.69,82.74772863668439,79.92711893885935,0.11118016241848629,-0.14851155836497024,0.10697,0.18184,True,True,120,120,False,False
SOLUSDT,1h,SELL,84.49,85.86569427746808,82.19717620421986,0.08642014792700918,-0.14850306329664678,0.13174,0.18184,True,True,120,120,False,False
SOLUSDT,1h,BUY,82.67,81.44856411277571,84.70572647870715,-1.0,-1.0,1.06741,1.08529,True,True,100,100,True,True
SOLUSDT,1h,BUY,81.88,81.01781319264258,83.31697801226235,0.9826697808978437,-1.0,0.8634,1.01791,True,True,120,70,False,True
SOLUSDT,1h,SELL,85.91,87.26800697215961,83.64665504640064,-0.02122641214709133,-0.048578944080645586,0.10598,0.08191,True,True,120,120,False,False
SOLUSDT,1h,SELL,86.02,87.19107518278453,84.06820802869245,-0.0032563994578166376,-0.01676078385484901,0.11983,0.06667,True,True,120,120,False,False
SOLUSDT,1h,SELL,88.93,90.5435900567918,86.24068323868032,-0.03344013606340234,-0.060377204151698234,0.1064,0.09371,True,True,120,120,False,False
SOLUSDT,1h,BUY,86.13,85.19074296613243,87.69542838977928,-0.8849435407701111,-1.0,0.89214,1.04276,True,True,120,122,False,True
SOLUSDT,1h,BUY,85.6,84.70212762864954,87.09645395225077,1.6666666666666772,1.6666666666666614,0.34221,0.37012,True,True,111,112,True,True
SOLUSDT,1h,BUY,84.0,82.89069116044354,85.84884806592744,1.046657320631374,1.185077131252445,0.31315,0.33724,True,True,120,120,False,False
SOLUSDT,1h,SELL,88.31,89.34955959002185,86.57740068329691,0.07145361554550576,-0.1693445292412033,0.12587,0.20268,True,True,120,120,False,False
SOLUSDT,1h,SELL,88.75,89.78859599827916,87.01900666953473,0.03443930832942222,-0.2194981257753085,0.11273,0.25283,True,True,120,120,False,False
SOLUSDT,1h,SELL,87.72,88.47301707086474,86.46497154855876,-0.049250035906148376,-0.08183009282391195,0.10075,0.11516,True,True,120,120,False,False
SOLUSDT,1h,BUY,84.47,83.57568820803733,85.9605196532711,-0.6236166893973117,-0.8104474329344297,0.82273,0.87925,True,True,120,120,False,False
SOLUSDT,1h,BUY,82.62,81.60818676010152,84.3063553998308,1.623812771385053,1.2154877153327424,0.40307,0.654,True,True,120,120,False,False
SOLUSDT,1h,SELL,86.29,87.09732443198587,84.94445928002357,-0.04453330628613566,-0.0,0.14741,0.10287,True,True,120,120,False,False
SOLUSDT,1h,SELL,86.81,87.6563769473384,85.399371754436,0.008406845899696794,-0.0,0.12287,0.13128,True,True,120,120,False,False
SOLUSDT,1h,SELL,88.33,89.37694423102985,86.58509294828357,-0.019627890505394322,-0.03385637621917201,0.1191,0.06719,True,True,120,120,False,False
SOLUSDT,1h,SELL,93.29,94.3933402688818,91.45109955186366,-0.05322669998613614,-0.08366379170650755,0.1029,0.117,True,True,120,120,False,False
SOLUSDT,1h,SELL,93.87,94.63397735986072,92.59670440023216,0.08441018106886211,-0.13527153305087475,0.14698,0.1686,True,True,120,120,False,False
SOLUSDT,1h,SELL,94.52,95.8472022369412,92.30799627176468,-0.13051189399270674,-0.16169426651498883,0.19849,0.19503,True,True,120,120,False,False
SOLUSDT,1h,BUY,91.18,90.03577453995153,93.08704243341413,-1.0,-0.9295113957478222,1.00667,0.96362,True,True,82,120,True,False
SOLUSDT,1h,BUY,90.48,89.41605734754557,92.25323775409072,1.6666666666666667,1.5621297941862775,0.1366,0.12192,True,True,86,120,True,False
SOLUSDT,1h,BUY,86.81,85.9390477898198,88.26158701696701,-0.30614519059478384,-0.1971436318665567,0.76223,0.75949,True,True,120,120,False,False
SOLUSDT,1h,BUY,86.53,85.761038548317,87.81160241947167,-1.0,-1.0,1.01357,1.03778,True,True,37,15,True,True
SOLUSDT,1h,BUY,85.26,84.26301447815688,86.92164253640523,-1.0,-1.0,1.0791,1.09669,True,True,85,85,True,True
SOLUSDT,1h,BUY,84.96,83.97547427247909,86.60087621253484,-0.255505350278565,-0.49183967648954113,0.38554,0.5805,True,True,120,120,False,False
SOLUSDT,1h,BUY,85.0,83.88019035940818,86.86634940098638,-1.0,-1.0,1.00667,1.00512,True,True,48,48,True,True
SOLUSDT,1h,BUY,83.22,82.22250283299992,84.88249527833347,1.6666666666666714,1.6666666666666714,0.32681,0.33074,True,True,97,97,True,True
SOLUSDT,1h,SELL,86.28,87.5550457470376,84.15492375493734,0.03241257540587958,-0.23258371197835684,0.10167,0.26592,True,True,120,120,False,False
SOLUSDT,1h,BUY,81.26,80.1766713350044,83.06554777499267,-1.0,-1.0,1.06494,1.30847,True,True,52,24,True,True
SOLUSDT,1h,BUY,81.87,81.24146037349907,82.91756604416824,1.5476263065468387,1.3715008236626216,0.15036,0.18623,True,True,120,120,False,False
SOLUSDT,1h,BUY,80.41,79.29993811137679,82.26010314770534,-1.0,-1.0,1.09393,1.12248,True,True,30,27,True,True
SOLUSDT,1h,BUY,74.85,73.18421211094928,77.62631314841786,-1.0,-1.0,1.06009,1.07605,True,True,103,103,True,True
SOLUSDT,1h,BUY,74.06,72.31191696430712,76.9734717261548,-1.0,-1.0,1.00667,1.03065,True,True,113,113,True,True
SOLUSDT,1h,BUY,72.82,71.09602639434229,75.69328934276284,-1.0,-1.0,1.00667,1.03775,True,True,33,26,True,True
SOLUSDT,1h,BUY,70.07,67.91163997522337,73.66726670796105,-1.0,-1.0,1.00667,1.01812,True,True,98,98,True,True
SOLUSDT,1h,BUY,68.7,66.67202983563763,72.07995027393729,-1.0,-1.0,1.00667,1.03682,True,True,77,77,True,True
SOLUSDT,1h,BUY,66.18,64.02625116938444,69.76958138435928,-0.7026747282821865,-0.5538603387273207,0.88329,0.90857,True,True,120,120,False,False
BNBUSDT,1h,BUY,597.91,588.7351474430862,613.2014209281895,1.6666666666666625,1.618550971668183,0.49412,0.50578,True,True,115,120,True,False
BNBUSDT,1h,SELL,627.6,634.796655739596,615.6055737673402,-0.010406131026617613,-0.04256733103786735,0.10117,0.0759,True,True,120,120,False,False
BNBUSDT,1h,BUY,611.79,603.4702699206193,625.6562167989676,1.2444470140467365,1.492405441746623,0.18661,0.19344,True,True,120,120,False,False
BNBUSDT,1h,SELL,626.14,633.4034915617831,614.0341807303614,0.014784073236270753,-0.0,0.10962,0.12441,True,True,120,120,False,False
BNBUSDT,1h,SELL,627.0,633.9284187445987,615.4526354256687,-0.08293179834530517,-0.0816179215649118,0.13737,0.11495,True,True,120,120,False,False
BNBUSDT,1h,SELL,632.75,637.4391689393145,624.9347184344758,0.1019802311555806,-0.15535143808053575,0.10933,0.18868,True,True,120,120,False,False
BNBUSDT,1h,BUY,612.46,608.0196688959671,619.860551840055,-0.2523614073511138,-0.34904014406978123,0.68792,0.71167,True,True,120,120,False,False
BNBUSDT,1h,BUY,593.76,585.5533266425876,607.4377889290205,1.1763866453530534,1.0949317126484428,0.31402,0.43603,True,True,120,120,False,False
BNBUSDT,1h,SELL,627.54,636.7269819128946,612.2283634785088,0.10407856734663698,-0.15354280340153323,0.10905,0.18688,True,True,120,120,False,False
BNBUSDT,1h,BUY,597.5,589.2092662937076,611.3178895104874,-0.7572141525066686,-1.0,0.91874,1.18454,True,True,120,113,False,True
BNBUSDT,1h,BUY,594.46,585.9533046819517,608.6378255300805,1.6666666666666623,1.3733362884280433,0.17895,0.4139,True,True,79,120,True,False
BNBUSDT,1h,SELL,628.53,637.4568669567694,613.6518884053842,0.0043349220966333955,-0.016733678208844593,0.11226,0.06667,True,True,120,120,False,False
BNBUSDT,1h,SELL,627.75,636.3602322229287,613.3996129617854,0.13477144121997567,-0.10268643020301661,0.12921,0.13602,True,True,120,120,False,False
BNBUSDT,1h,SELL,644.44,654.8767137909499,627.0454770150837,-0.008665123172533162,-0.031335090409104954,0.11066,0.06667,True,True,120,120,False,False
BNBUSDT,1h,SELL,651.89,660.6151920109805,637.3480133150323,-0.11350477483891161,-0.1330100629156905,0.14684,0.16634,True,True,120,120,False,False
BNBUSDT,1h,SELL,660.6,669.346488411149,646.0225193147517,-0.05604137378748912,-0.08470891348095061,0.10467,0.11804,True,True,120,120,False,False
BNBUSDT,1h,BUY,630.75,623.271071357068,643.2148810715534,-1.0,-1.0,1.01832,1.06746,True,True,87,84,True,True
BNBUSDT,1h,BUY,620.96,616.405314020017,628.5511432999716,-1.0,-1.0,1.00667,1.25915,True,True,86,83,True,True
BNBUSDT,1h,BUY,620.26,615.93749814212,627.4641697631332,-1.0,-1.0,1.00667,1.03828,True,True,28,26,True,True
BNBUSDT,1h,BUY,619.94,615.6545774796851,627.0823708671915,-0.33616908346190044,-0.5180531163538881,0.74241,0.74549,True,True,120,120,False,False
BNBUSDT,1h,BUY,618.06,613.5586091055103,625.5623181574827,-1.0,-1.0,1.05054,1.13647,True,True,81,80,True,True
BNBUSDT,1h,SELL,636.79,644.3944434971054,624.1159275048242,0.03739186622982728,-0.2168330050528612,0.11244,0.25017,True,True,120,120,False,False
BNBUSDT,1h,SELL,666.64,672.939822236552,656.1402962724134,-0.005186027787979801,-0.0,0.10773,0.10254,True,True,120,120,False,False
BNBUSDT,1h,SELL,667.98,675.694870427735,655.1218826204417,-0.08128865368503072,-0.07810483969373565,0.13652,0.11144,True,True,120,120,False,False
BNBUSDT,1h,SELL,673.77,680.2279080941278,663.0068198431204,-0.021167095460569336,-0.0,0.13579,0.11462,True,True,120,120,False,False
BNBUSDT,1h,SELL,679.41,687.5702862855579,665.8095228574033,0.05853837000579512,-0.20749340104339634,0.10063,0.24083,True,True,120,120,False,False
BNBUSDT,1h,BUY,650.24,642.7845728725065,662.6657118791559,-0.8177121903961053,-1.0,0.96397,1.00919,True,True,120,122,False,True
BNBUSDT,1h,BUY,648.28,641.9913476808482,658.7610871985862,-0.05854095308187739,-0.15536613304548322,0.32942,0.35917,True,True,120,120,False,False
BNBUSDT,1h,BUY,641.21,634.8435162721968,651.8208062130055,-0.41130794189956793,-0.5251839496430737,0.76842,0.79939,True,True,120,120,False,False
BNBUSDT,1h,BUY,638.25,631.386321799516,649.6894636674732,-0.4646267138582287,-0.5516611965030995,0.55752,0.60546,True,True,120,120,False,False
BNBUSDT,1h,BUY,634.33,629.2890666622468,642.731555562922,-1.0,-1.0,1.0515,1.07982,True,True,109,109,True,True
BNBUSDT,1h,BUY,629.48,624.8777692076574,637.1503846539044,-1.0,-1.0,1.03371,1.06303,True,True,76,60,True,True
BNBUSDT,1h,BUY,629.92,624.7738737848098,638.496877025317,-0.4606839149886925,-0.5540803704567381,0.5591,0.61825,True,True,120,120,False,False
BNBUSDT,1h,SELL,646.21,655.0232489182274,631.5212518029545,-0.04367541608833172,-0.06998416511973228,0.10702,0.10332,True,True,120,120,False,False
BNBUSDT,1h,SELL,646.87,652.5031233255352,637.481461124108,-0.07833761707265025,-0.10189272315674333,0.12793,0.13523,True,True,120,120,False,False
BNBUSDT,1h,BUY,631.54,626.4420090610764,640.0366515648726,-1.0,-1.0,1.00667,1.01965,True,True,73,73,True,True
BNBUSDT,1h,BUY,629.9,624.5940984936627,638.7431691772288,-1.0,-1.0,1.00667,1.03786,True,True,56,56,True,True
BNBUSDT,1h,BUY,610.17,604.123606466171,620.2473225563814,-1.0,-1.0,1.05607,1.06692,True,True,52,52,True,True
BNBUSDT,1h,BUY,606.09,601.3904983822648,613.9225026962254,1.6666666666666585,1.62954739664787,0.12885,0.18522,True,True,101,120,True,False
BNBUSDT,1h,BUY,602.79,596.753388096048,612.85101983992,1.183141316993046,1.0736036204535222,0.23659,0.48621,True,True,120,120,False,False
BNBUSDT,1h,BUY,591.82,585.2815895027322,602.7173508287797,-1.0,-1.0,1.00667,1.12351,True,True,101,96,True,True
BNBUSDT,1h,BUY,579.89,572.3626867286562,592.4355221189063,1.6666666666666616,1.608404481069995,0.20031,0.12339,True,True,80,120,True,False
BNBUSDT,1h,SELL,593.36,596.2199442789602,588.5934262017331,-0.024822027734024418,-0.015430776921137573,0.14272,0.06667,True,True,120,120,False,False
BNBUSDT,1h,SELL,600.73,605.6447646267951,592.5387256220083,0.09867788436586233,-0.1352497739823166,0.13274,0.16858,True,True,120,120,False,False
BNBUSDT,1h,SELL,606.61,611.724655808463,598.0855736525617,-0.036732119477004326,-0.047731676251811794,0.12233,0.08107,True,True,120,120,False,False
BNBUSDT,1h,SELL,617.5,624.5185840926046,605.8023598456591,0.07824868909276755,-0.1848612601974805,0.10356,0.21819,True,True,120,120,False,False
BNBUSDT,1h,SELL,610.17,613.9986549719046,603.7889083801589,-0.11871146150718191,-0.11983752338228515,0.15204,0.15317,True,True,120,120,False,False
BNBUSDT,1h,BUY,597.3,591.6681501966012,606.6864163389979,-1.0,-1.0,1.01201,1.04382,True,True,80,80,True,True
BNBUSDT,1h,BUY,591.65,587.3846404773313,598.758932537781,1.2728745177216882,1.2215835793937824,0.34769,0.37102,True,True,120,120,False,False
BNBUSDT,1h,SELL,604.78,609.5135515963962,596.8907473393397,0.12566747232926068,-0.1372799700633056,0.10372,0.17061,True,True,120,120,False,False
BNBUSDT,1h,SELL,607.41,612.1298479800591,599.5435866999013,-0.08604817777789263,-0.09605669207782541,0.1793,0.12939,True,True,120,120,False,False
BNBUSDT,1h,SELL,612.28,617.571859203417,603.4602346609715,-0.027231791859572106,-0.044241489835367916,0.11632,0.07757,True,True,120,120,False,False
BNBUSDT,1h,SELL,614.69,619.4759416833818,606.7134305276971,0.1046194512139562,-0.1584354602029566,0.10361,0.19177,True,True,120,120,False,False
BNBUSDT,1h,SELL,619.11,624.0124472840766,610.939254526539,-0.12156751915647107,-0.12889883296498245,0.21434,0.16223,True,True,120,120,False,False
BNBUSDT,1h,SELL,634.6,640.870494334157,624.1491761097384,0.05077014670998837,-0.20320585064747898,0.11269,0.23654,True,True,120,120,False,False
BNBUSDT,1h,SELL,641.84,647.9170388038225,631.7116019936293,0.03169988768406527,-0.0,0.10843,0.14013,True,True,120,120,False,False
BNBUSDT,1h,BUY,622.4,617.6411921053083,630.3313464911529,-0.548864414193872,-0.5683327084414297,0.83074,0.93431,True,True,120,120,False,False
BNBUSDT,1h,SELL,634.14,638.7895761884056,626.3907063526573,0.04700720968804367,-0.2176389846561336,0.10202,0.25097,True,True,120,120,False,False
BNBUSDT,1h,SELL,642.3,647.3473000220323,633.8878332966128,-0.0384125401637059,-0.054896175712308405,0.12945,0.08823,True,True,120,120,False,False
BNBUSDT,1h,SELL,644.4,650.1231338633713,634.8614435610477,-0.06165300745570836,-0.08598365253641219,0.109,0.11932,True,True,120,120,False,False
BNBUSDT,1h,BUY,628.71,625.5971274819182,633.8981208634698,0.7738940014716326,0.5059663116768685,0.31162,0.55843,True,True,120,120,False,False
BNBUSDT,1h,BUY,623.06,618.6223977251066,630.4560037914889,-1.0,-1.0,1.00667,1.26224,True,True,78,68,True,True
BNBUSDT,1h,BUY,617.73,613.8929486255652,624.1250856240582,-0.2547016687982892,-1.0,0.93924,1.18836,True,True,120,61,False,True
BNBUSDT,1h,SELL,628.45,633.5956914502704,619.873847582883,-0.03127317742475609,-0.06341731780723138,0.10119,0.09675,True,True,120,120,False,False
BNBUSDT,1h,SELL,647.41,654.6310508214971,635.3749152975049,0.11879193691217028,-0.14676682590535348,0.10111,0.1801,True,True,120,120,False,False
BNBUSDT,1h,SELL,653.66,658.0926630151667,646.2722283080554,-0.09316798275201896,-0.09001908645347781,0.13648,0.12335,True,True,120,120,False,False
BNBUSDT,1h,SELL,651.68,656.8434616854172,643.0742305243045,-0.07094269491532701,-0.07399652981807193,0.16557,0.10733,True,True,120,120,False,False
BNBUSDT,1h,SELL,668.71,674.504881800222,659.0518636662966,0.11969705403173747,-0.1389443341903767,0.10803,0.17228,True,True,120,120,False,False
BNBUSDT,1h,SELL,678.15,684.5297810956392,667.5170315072678,0.06190025767969727,-0.18082031777948734,0.12395,0.21415,True,True,120,120,False,False
BNBUSDT,1h,SELL,680.38,686.6291601850107,669.9647330249821,-0.050515587556609336,-0.018703412061978352,0.16515,0.06667,True,True,120,120,False,False
BNBUSDT,1h,BUY,655.2,648.9671226025335,665.5881289957775,-1.0,-1.0,1.01353,1.04075,True,True,111,111,True,True
BNBUSDT,1h,BUY,643.74,638.2364773827809,652.9125376953652,-0.23544357378624334,-1.0,0.90822,1.16251,True,True,120,49,False,True
BNBUSDT,1h,BUY,641.85,636.2929121027586,651.1118131620691,-1.0,-1.0,1.01076,1.02508,True,True,68,67,True,True
BNBUSDT,1h,BUY,641.75,636.318528804844,650.8024519919267,-1.0,-1.0,1.01798,1.0508,True,True,114,114,True,True
BNBUSDT,1h,SELL,654.39,658.6772554620779,647.2445742298701,0.004943796198503213,-0.007938166607552543,0.12045,0.06667,True,True,120,120,False,False
BNBUSDT,1h,BUY,640.32,634.2878934899744,650.3735108500427,1.6666666666666603,1.508530022504208,0.10747,0.21591,True,True,110,120,True,False
BNBUSDT,1h,BUY,640.2,634.5630051010494,649.5949914982511,1.0060596461959934,1.0521124788109433,0.1403,0.06667,True,True,120,120,False,False
BNBUSDT,1h,SELL,667.78,672.5806243497311,659.7789594171147,-0.10013691750766009,-0.1257226585924716,0.13347,0.15906,True,True,120,120,False,False
BNBUSDT,1h,BUY,635.21,629.4921757230911,644.7397071281815,1.1546095533809997,1.1926588475672484,0.11099,0.24691,True,True,120,120,False,False
BNBUSDT,1h,SELL,719.71,733.5823683215427,696.5893861307623,0.0901528790078759,-0.17517000990088574,0.10134,0.2085,True,True,120,120,False,False
BNBUSDT,1h,BUY,666.38,654.6617436298828,685.9104272835286,-0.7424494348468008,-1.0,0.86353,1.00829,True,True,120,123,False,True
BNBUSDT,1h,BUY,661.6,649.7392422575994,681.3679295706678,-1.0,-1.0,1.00667,1.03788,True,True,25,25,True,True
BNBUSDT,1h,BUY,654.63,642.38025934817,675.0462344197168,-1.0,-1.0,1.02298,1.0537,True,True,26,26,True,True
BNBUSDT,1h,BUY,645.99,632.972520544193,667.6857990930117,-1.0,-1.0,1.00667,1.02963,True,True,115,115,True,True
BNBUSDT,1h,BUY,628.13,616.9736391481591,646.7239347530681,-0.7232760396823178,-0.7365006735562841,0.88341,0.90992,True,True,120,120,False,False
BNBUSDT,1h,BUY,629.43,617.7248342596595,648.9386095672342,-1.0,-1.0,1.05984,1.13424,True,True,53,52,True,True
BNBUSDT,1h,BUY,608.05,593.9669923651078,631.5216793914869,-1.0,-1.0,1.00667,1.01812,True,True,113,113,True,True
BNBUSDT,1h,BUY,595.3,581.392997374117,618.4783377098049,-1.0,-1.0,1.02539,1.05365,True,True,41,41,True,True
BNBUSDT,1h,BUY,567.33,551.7940604401073,593.2232325998214,1.1698786281957265,-1.0,0.88464,1.14984,True,True,120,33,False,True
BNBUSDT,1h,SELL,592.94,601.3144111514872,578.9826480808547,-0.069116376321035,-0.07508515758562076,0.12976,0.10842,True,True,120,120,False,False
BNBUSDT,1h,BUY,588.6,581.128691600661,601.0521806655652,-0.7492254085226554,-1.0,0.79499,1.13436,True,True,120,117,False,True
BTCUSDT,4h,BUY,95671.74,94074.462120582,98333.86979903,1.6666666666666576,1.5722443162047366,0.28894,0.36477,True,True,94,120,True,False
BTCUSDT,4h,BUY,86272.01,83364.94192419764,91117.12345967058,-1.0,-1.0,1.00667,1.03097,True,True,80,76,True,True
BTCUSDT,4h,BUY,84708.58,81798.97470980865,89557.92215031892,-0.18064874431441158,-0.2264812421884412,0.3126,0.30281,True,True,120,120,False,False
BTCUSDT,4h,BUY,84005.05,80459.00236000221,89915.12939999632,1.0494409459932938,0.9601378033975232,0.35628,0.37677,True,True,120,120,False,False
BTCUSDT,4h,SELL,92709.98,95935.81581575694,87333.5869737384,0.12672364063534083,-0.13853342022690168,0.10141,0.17187,True,True,120,120,False,False
BTCUSDT,4h,BUY,82047.49,79087.08607838624,86981.49653602295,-1.0,-1.0,1.02994,1.06311,True,True,56,56,True,True
BTCUSDT,4h,BUY,79522.29,76171.1731851497,85107.48469141715,0.9723976214796836,0.8185295799542366,0.1282,0.14564,True,True,120,120,False,False
BTCUSDT,4h,SELL,87498.16,88895.81855328477,85168.72907785873,0.013602995698942685,-0.007089398366018686,0.11264,0.06667,True,True,120,120,False,False
BTCUSDT,4h,BUY,82758.4,81239.76047516221,85289.46587472963,1.4998474563985178,1.4416242156214665,0.24308,0.23066,True,True,120,120,False,False
BTCUSDT,4h,BUY,81933.51,80531.8065765771,84269.68237237148,0.5804198659906884,0.39010434511300524,0.55937,0.81371,True,True,120,120,False,False
BTCUSDT,4h,BUY,78479.9,75606.95287396858,83268.14521005236,-1.0,-1.0,1.00667,1.02165,True,True,55,55,True,True
BTCUSDT,4h,SELL,86971.92,88184.0772815434,84951.65786409432,0.11577272922315607,-0.1465131127924126,0.10438,0.17985,True,True,120,120,False,False
BTCUSDT,4h,SELL,87415.1,88829.5646458206,85057.65892363235,0.08275358253302974,-0.1550493725798523,0.12886,0.18838,True,True,120,120,False,False
BTCUSDT,4h,SELL,92673.95,94565.7094652106,89521.01755798234,-0.026996404343949145,-0.0,0.13487,0.10788,True,True,120,120,False,False
BTCUSDT,4h,SELL,93311.83,95109.00356129232,90316.54073117948,0.07266682345592619,-0.1738757117083928,0.12012,0.20721,True,True,120,120,False,False
BTCUSDT,4h,SELL,94638.68,96426.53322051992,91658.9246324668,-0.10665296943336841,-0.12315634683706568,0.14719,0.15649,True,True,120,120,False,False
BTCUSDT,4h,SELL,103138.77,104811.2803658571,100351.2527235715,-0.13747527037935187,-0.15224671531799933,0.17081,0.18558,True,True,120,120,False,False
BTCUSDT,4h,SELL,104007.03,105754.83553891692,101094.02076847178,-0.021748815641142723,-0.018692482707931165,0.13639,0.06667,True,True,120,120,False,False
BTCUSDT,4h,SELL,111100.01,113362.0504589443,107329.94256842617,0.029816813829996944,-0.21928192818135195,0.11757,0.25262,True,True,120,120,False,False
BTCUSDT,4h,BUY,102493.3,100719.16139878442,105450.19766869264,1.6666666666666612,1.6666666666666694,0.24837,0.26447,True,True,105,106,True,True
BTCUSDT,4h,SELL,109205.14,110675.10148256124,106755.20419573126,0.1009002414472234,-0.1484309131857549,0.11734,0.18176,True,True,120,120,False,False
BTCUSDT,4h,BUY,104895.0,103056.46595008708,107959.22341652156,1.5192123518347909,1.5550270526752443,0.21118,0.08042,True,True,120,120,False,False
BTCUSDT,4h,BUY,100963.87,98845.07701099312,104495.1916483448,1.104483082299436,0.9133924899652621,0.23998,0.269,True,True,120,120,False,False
BTCUSDT,4h,SELL,107340.58,109213.33945280072,104219.31424533212,0.03287565545307189,-0.2200929260475346,0.1137,0.25343,True,True,120,120,False,False
BTCUSDT,4h,SELL,111233.99,112667.46959357293,108844.85734404511,0.07034225870697579,-0.17048897935920587,0.12584,0.20382,True,True,120,120,False,False
BTCUSDT,4h,SELL,117100.01,118805.5852730175,114257.38454497085,-0.014373231320132292,-0.0,0.14038,0.126,True,True,120,120,False,False
BTCUSDT,4h,SELL,117420.0,119010.1331690814,114769.778051531,0.07736423003464851,-0.1682661587463543,0.12104,0.2016,True,True,120,120,False,False
BTCUSDT,4h,SELL,119878.23,121859.96548898704,116575.33751835497,-0.06769357141635718,-0.08331626294857429,0.11771,0.11665,True,True,120,120,False,False
BTCUSDT,4h,BUY,113909.86,111989.69593665747,117110.1334389042,-0.6638532641066087,-0.6073921225493294,0.80667,0.83922,True,True,120,120,False,False
BTCUSDT,4h,BUY,113604.2,111771.51769590606,116658.6705068232,1.6666666666666534,1.4380855605326366,0.10955,0.29744,True,True,107,120,True,False
BTCUSDT,4h,SELL,120561.54,122244.01882665932,117757.40862223443,-0.053793436395084715,-0.06763586020825944,0.11949,0.10097,True,True,120,120,False,False
BTCUSDT,4h,SELL,121725.31,123689.4735144542,118451.70414257632,0.09365088884521713,-0.17099298675504557,0.10202,0.20433,True,True,120,120,False,False
BTCUSDT,4h,BUY,116145.34,114638.76800779512,118656.29332034149,-1.0,-1.0,1.08159,1.07659,True,True,65,65,True,True
BTCUSDT,4h,BUY,113525.91,111846.97434943628,116324.13608427288,-1.0,-1.0,1.01483,1.03336,True,True,48,47,True,True
BTCUSDT,4h,SELL,115194.14,116590.85850554112,112866.27582409816,-0.135733730882854,-0.15147076604121681,0.16907,0.1848,True,True,120,120,False,False
BTCUSDT,4h,SELL,116029.42,117399.28913250966,113746.30477915057,-0.12263080555421746,-0.15161693851732425,0.15964,0.18495,True,True,120,120,False,False
BTCUSDT,4h,BUY,112650.99,111408.5299929138,114721.756678477,-1.0,-1.0,1.00667,1.03088,True,True,78,78,True,True
BTCUSDT,4h,BUY,113090.13,111751.37971327773,115321.38047787048,0.18278915618717642,-0.2447980831916917,0.1252,0.35464,True,True,120,120,False,False
BTCUSDT,4h,BUY,111998.8,110656.09149041872,114236.64751596884,-1.0,-1.0,1.00667,1.21995,True,True,45,39,True,True
BTCUSDT,4h,BUY,109580.01,107952.27083975148,112292.9086004142,1.003820796894325,1.16914627761914,0.27166,0.31908,True,True,120,120,False,False
BTCUSDT,4h,BUY,109643.46,108086.4353752786,112238.50104120233,1.3738053536619392,1.2472212658368758,0.10715,0.15755,True,True,120,120,False,False
BTCUSDT,4h,SELL,113699.23,114922.13856702008,111661.04905496654,0.011068253164610815,-0.0,0.10676,0.11783,True,True,120,120,False,False
BTCUSDT,4h,SELL,123464.64,125287.5220220362,120426.50329660632,0.04830512634622728,-0.1870021948724314,0.13136,0.22034,True,True,120,120,False,False
BTCUSDT,4h,SELL,124658.54,126414.06765532108,121732.66057446488,-0.06995595227535484,-0.06131287107221272,0.14198,0.09465,True,True,120,120,False,False
BTCUSDT,4h,BUY,111525.2,108132.743911746,117179.29348042337,-1.0,-1.0,1.00667,1.03092,True,True,61,61,True,True
BTCUSDT,4h,BUY,106803.53,103775.23845623134,111850.68257294776,1.6666666666666634,1.6666666666666683,0.49559,0.48958,True,True,110,110,True,True
BTCUSDT,4h,SELL,114969.68,116639.34137043486,112186.9110492752,0.030800876679503243,-0.19387196486096236,0.14199,0.22721,True,True,120,120,False,False
BTCUSDT,4h,BUY,108322.88,105810.92091893264,112509.47846844562,-1.0,-1.0,1.03872,1.06499,True,True,73,73,True,True
BTCUSDT,4h,BUY,107090.0,104977.27742218204,110611.2042963633,-0.11599808155458584,-1.0,0.81278,1.03251,True,True,120,75,False,True
BTCUSDT,4h,BUY,102130.0,99321.0705167984,106811.54913866932,-1.0,-1.0,1.02649,1.10338,True,True,52,51,True,True
BTCUSDT,4h,BUY,96796.14,93979.80478946274,101490.0320175621,-1.0,-1.0,1.00667,1.01461,True,True,84,84,True,True
BTCUSDT,4h,BUY,96417.12,93484.097249435,101305.49125094166,-1.0,-1.0,1.00667,1.03074,True,True,102,102,True,True
BTCUSDT,4h,BUY,92215.14,89853.40774283963,96151.36042860062,-1.0,-1.0,1.00667,1.03691,True,True,82,82,True,True
BTCUSDT,4h,BUY,91517.82,89103.75457945287,95541.26236757856,-0.04983417875501475,-0.4902677733990783,0.34033,0.58972,True,True,120,120,False,False
BTCUSDT,4h,BUY,91554.96,88999.56603347554,95813.94994420744,-0.5995433227362579,-1.0,0.99806,1.01049,True,True,120,113,False,True
BTCUSDT,4h,BUY,84209.3,80611.32909149019,90205.9181808497,1.1350667135317574,0.8742634351447736,0.11536,0.27797,True,True,120,120,False,False
BTCUSDT,4h,BUY,86286.01,84281.90787279505,89626.18021200823,1.6666666666666667,1.5903809621077512,0.58916,0.61296,True,True,88,120,True,False
BTCUSDT,4h,BUY,86432.08,84647.78090406209,89405.9118265632,1.3154393978702175,1.2274906166618584,0.11899,0.05728,True,True,120,120,False,False
BTCUSDT,4h,BUY,86021.51,84224.09511625761,89017.20147290398,1.3946196368188342,1.230167112991558,0.32004,0.5733,True,True,120,120,False,False
BTCUSDT,4h,SELL,91300.0,92425.02777916,89424.95370139998,0.12011855684431554,-0.08586085744980448,0.16069,0.11919,True,True,120,120,False,False
BTCUSDT,4h,SELL,93255.08,94549.53110382977,91097.66149361708,-0.07769254403157733,-0.08564901906349648,0.12538,0.11898,True,True,120,120,False,False
BTCUSDT,4h,SELL,94792.99,96301.27976788805,92279.17372018663,-0.09461057384548416,-0.12296622012567879,0.1323,0.1563,True,True,120,120,False,False
BTCUSDT,4h,SELL,95985.1,97699.77146281888,93127.31422863522,0.057769567637980114,-0.18699933522134551,0.1219,0.22033,True,True,120,120,False,False
BTCUSDT,4h,BUY,90288.04,88615.43750886197,93075.71081856336,-0.3269951221850303,-0.5867680314115344,0.8688,0.89532,True,True,120,120,False,False
BTCUSDT,4h,BUY,87282.05,85922.26967804172,89548.35053659714,1.6052030183203323,1.5389440182521232,0.40945,0.41805,True,True,120,120,False,False
BTCUSDT,4h,BUY,84650.16,82749.84849855282,87817.3458357453,-1.0,-1.0,1.03279,1.03675,True,True,27,27,True,True
BTCUSDT,4h,BUY,84242.99,81991.25229905726,87995.8861682379,-0.0697854683918107,0.038637805205413815,0.39852,0.42032,True,True,120,120,False,False
BTCUSDT,4h,BUY,77759.99,75044.99765985053,82284.97723358247,-1.0,-1.0,1.00667,1.26768,True,True,96,64,True,True
BTCUSDT,4h,BUY,75770.21,72937.21180625804,80491.87365623662,-0.32396791991778606,-0.43603066051225525,0.73032,0.73869,True,True,120,120,False,False
BTCUSDT,4h,BUY,66631.32,62899.440790673456,72851.11868221093,-0.443033867220317,-0.5986292503608364,0.5928,0.66941,True,True,120,120,False,False
BTCUSDT,4h,BUY,65958.94,64533.26192444892,68335.07012591849,-1.0,-1.0,1.02871,1.0245,True,True,108,108,True,True
BTCUSDT,4h,BUY,63973.97,62390.75494271255,66612.66176214576,0.8337872230618537,0.8394315493819864,0.76565,0.79876,True,True,120,120,False,False
BTCUSDT,4h,SELL,72666.77,75156.01427124535,68518.02954792441,0.06632669883242473,-0.1863969647304833,0.11394,0.21973,True,True,120,120,False,False
BTCUSDT,4h,SELL,73274.76,74826.28303240427,70688.8882793262,-0.06903688651596457,-0.07452918446803879,0.12784,0.10786,True,True,120,120,False,False
BTCUSDT,4h,SELL,74249.32,75879.12643217666,71532.97594637224,0.08354297577147926,-0.1641800164805715,0.11894,0.19751,True,True,120,120,False,False
BTCUSDT,4h,BUY,66407.28,64816.84277940997,69058.00870098338,1.3380391338948219,1.1511765403268739,0.20308,0.45718,True,True,120,120,False,False
BTCUSDT,4h,SELL,68853.66,70105.09914116684,66767.92809805527,0.06849440830314672,-0.0,0.11386,0.18235,True,True,120,120,False,False
BTCUSDT,4h,SELL,71287.39,72861.79096713086,68663.38838811523,0.09604039205513823,-0.15541972926519032,0.11521,0.18875,True,True,120,120,False,False
BTCUSDT,4h,SELL,71310.0,72915.75227215252,68633.74621307914,-0.0992137015837718,-0.1251956313882352,0.1344,0.15853,True,True,120,120,False,False
BTCUSDT,4h,SELL,72096.32,73610.65166802226,69572.43388662959,-0.08962752151073908,-0.11285388702242775,0.12296,0.14619,True,True,120,120,False,False
BTCUSDT,4h,SELL,72962.7,74464.35604195291,70459.93993007847,0.01590848280607008,-0.0,0.11145,0.12736,True,True,120,120,False,False
BTCUSDT,4h,SELL,73043.16,74314.4685402816,70924.31243286401,0.1307117048086931,-0.12812152506080035,0.10783,0.16145,True,True,120,120,False,False
BTCUSDT,4h,SELL,74376.52,75743.5018993969,72098.21683433851,-0.012456100926926625,-0.0,0.11305,0.10059,True,True,120,120,False,False
BTCUSDT,4h,SELL,74223.18,75779.80686733712,71628.80188777146,-0.12717544828517272,-0.15235500522782128,0.19525,0.18569,True,True,120,120,False,False
BTCUSDT,4h,SELL,77393.58,79039.3386576147,74650.6489039755,0.116492869070051,-0.14685123659127308,0.10332,0.18018,True,True,120,120,False,False
BTCUSDT,4h,SELL,79696.75,80819.19709165604,77826.00484723994,-0.08094955552956574,-0.10218605643227835,0.15191,0.13552,True,True,120,120,False,False
BTCUSDT,4h,SELL,80905.52,82207.97811288074,78734.75647853213,0.0501975656470836,-0.1672340315798704,0.14924,0.20057,True,True,120,120,False,False
BTCUSDT,4h,SELL,81704.25,83117.1339114428,79349.44348092868,-0.08008352038866738,-0.09734838221055583,0.11607,0.13068,True,True,120,120,False,False
BTCUSDT,4h,BUY,75520.0,74354.1374944662,77463.10417588968,1.1856241759198827,1.1435790674493924,0.45551,0.46237,True,True,120,120,False,False
BTCUSDT,4h,BUY,73419.32,72153.70777727928,75528.67370453455,-1.0,-1.0,1.00667,1.00556,True,True,102,102,True,True
BTCUSDT,4h,BUY,61701.07,59669.44928099422,65087.10453167631,1.1244628878042775,1.2591473739207497,0.54251,0.57563,True,True,120,120,False,False
ETHUSDT,4h,BUY,2471.91,2351.626519615478,2672.382467307535,-1.0,-1.0,1.00667,1.26188,True,True,110,108,True,True
ETHUSDT,4h,BUY,2336.37,2211.5763514481287,2544.3594142531188,-0.4121174964833844,-0.7118371274805768,0.73695,0.99974,True,True,120,120,False,False
ETHUSDT,4h,BUY,2307.72,2193.672476852756,2497.799205245407,-1.0,-1.0,1.00667,1.25731,True,True,104,78,True,True
ETHUSDT,4h,BUY,2223.01,2093.770797230101,2438.4086712831654,1.6666666666666643,1.6018869240284799,0.35264,0.37437,True,True,94,120,True,False
ETHUSDT,4h,BUY,1904.1,1781.289192305616,2108.7846794906395,-1.0,-1.0,1.07264,1.32001,True,True,65,57,True,True
ETHUSDT,4h,SELL,2031.06,2093.264501690217,1927.3858305163048,-0.10668383036426958,-0.1391736186393771,0.14002,0.17251,True,True,120,120,False,False
ETHUSDT,4h,SELL,2081.2,2127.76006917011,2003.5998847164824,0.14238549689997665,-0.09869148248234996,0.12559,0.13202,True,True,120,120,False,False
ETHUSDT,4h,BUY,1896.9,1844.1348937002197,1984.841843832968,-1.0,-1.0,1.00667,1.02987,True,True,50,50,True,True
ETHUSDT,4h,BUY,1842.23,1784.965724644665,1937.6704589255585,-0.5774780993288973,-0.49863027616833794,0.88942,0.91941,True,True,120,120,False,False
ETHUSDT,4h,BUY,1556.56,1457.7670489458014,1721.214918423664,-0.6252210464250583,-0.7624028009602594,0.82363,0.80979,True,True,120,120,False,False
ETHUSDT,4h,BUY,1473.41,1381.4638965568065,1626.653505738656,1.666666666666665,1.5309640805948628,0.11305,0.20397,True,True,107,120,True,False
ETHUSDT,4h,BUY,1483.43,1386.1997628474503,1645.4803952542493,0.831502594957555,0.900565355759551,0.16826,0.38516,True,True,120,120,False,False
ETHUSDT,4h,SELL,1768.18,1828.980797127664,1666.8453381205602,0.09966377429769771,-0.1534733371844757,0.11353,0.18681,True,True,120,120,False,False
ETHUSDT,4h,SELL,1802.16,1859.825881308491,1706.050197819182,-0.031145797729303728,-0.05253849052484141,0.11194,0.08587,True,True,120,120,False,False
ETHUSDT,4h,SELL,2462.51,2584.1363591197323,2259.799401467113,0.07258365235042727,-0.1853083220725195,0.10877,0.21864,True,True,120,120,False,False
ETHUSDT,4h,SELL,2530.59,2651.071969253218,2329.786717911304,0.0011350991831319249,-0.0,0.12675,0.12789,True,True,120,120,False,False
ETHUSDT,4h,SELL,2646.82,2774.7354769997914,2433.627538333681,-0.11145978050796769,-0.13966195789837388,0.14479,0.173,True,True,120,120,False,False
ETHUSDT,4h,BUY,2455.71,2370.473870386191,2597.770216023015,1.126848285839743,1.3233724766623176,0.10373,0.1368,True,True,120,120,False,False
ETHUSDT,4h,SELL,2677.35,2744.7197238137,2565.067126977166,0.07124303484697748,-0.18511059132213412,0.11031,0.21844,True,True,120,120,False,False
ETHUSDT,4h,SELL,2732.95,2813.353078186303,2598.944869689495,0.05140768049871318,-0.19523966580971394,0.12002,0.22857,True,True,120,120,False,False
ETHUSDT,4h,SELL,2772.25,2854.250043609112,2635.5832606514805,-0.08164125525517839,-0.09407833884786108,0.13684,0.12741,True,True,120,120,False,False
ETHUSDT,4h,SELL,2813.35,2903.4595273976524,2663.167454337245,-0.11961446819934678,-0.15080180514822816,0.15295,0.18414,True,True,120,120,False,False
ETHUSDT,4h,BUY,2234.68,2141.0132800480023,2390.7911999199955,1.666666666666665,1.5529687153750227,0.62839,0.65377,True,True,102,120,True,False
ETHUSDT,4h,SELL,2570.41,2638.884352759842,2456.286078733596,0.045772492550891865,-0.19481345793487706,0.12608,0.22815,True,True,120,120,False,False
ETHUSDT,4h,SELL,2916.05,3002.906518948756,2771.2891350854075,-0.062283145677576875,-0.06813643722604365,0.12748,0.10147,True,True,120,120,False,False
ETHUSDT,4h,SELL,2972.03,3046.3607265569594,2848.145455738402,0.11339172701213958,-0.14688930706373324,0.10639,0.18022,True,True,120,120,False,False
ETHUSDT,4h,SELL,3012.49,3093.8464794927454,2876.8958675120907,-0.031523357503768334,-0.05283542201993807,0.11202,0.08617,True,True,120,120,False,False
ETHUSDT,4h,SELL,3115.99,3207.415808086335,2963.6136531894413,-0.023703850089174798,-0.040394746436185285,0.11664,0.07373,True,True,120,120,False,False
ETHUSDT,4h,SELL,3150.5,3239.8715386050544,3001.547435658242,0.02230783702961447,-0.0,0.12187,0.14418,True,True,120,120,False,False
ETHUSDT,4h,SELL,3552.75,3678.222723182243,3343.628794696262,0.020000033767152623,-0.0,0.11751,0.13751,True,True,120,120,False,False
ETHUSDT,4h,SELL,3736.46,3857.2428864677336,3535.1551892204443,-0.042686718270326926,-0.07227178077457205,0.10375,0.10561,True,True,120,120,False,False
ETHUSDT,4h,BUY,3528.79,3405.750672024416,3733.855546625973,-1.0,-1.0,1.06014,1.09091,True,True,78,75,True,True
ETHUSDT,4h,BUY,3444.12,3321.582785132908,3648.348691445152,0.7175084520741337,0.7707083467777266,0.12711,0.37216,True,True,120,120,False,False
ETHUSDT,4h,SELL,4180.57,4305.068795463038,3973.072007561602,0.11333690549607581,-0.1509055659896029,0.10242,0.18424,True,True,120,120,False,False
ETHUSDT,4h,SELL,4185.1,4311.0697611274,3975.150398121001,0.10982272068469875,-0.14592816216453822,0.11092,0.17926,True,True,120,120,False,False
ETHUSDT,4h,SELL,4618.87,4778.89368827273,4352.163852878784,0.0681499522674273,-0.1770507156019477,0.12147,0.21038,True,True,120,120,False,False
ETHUSDT,4h,SELL,4694.64,4882.478440317381,4381.575932804366,-0.08178894476557794,-0.10637593125305757,0.11512,0.13971,True,True,120,120,False,False
ETHUSDT,4h,SELL,4653.92,4754.131556431118,4486.90073928147,0.014074866656800349,-0.016740663151818456,0.10252,0.06667,True,True,120,120,False,False
ETHUSDT,4h,BUY,4205.24,4101.487907333032,4378.160154444947,-0.35962869068072867,-1.0,0.95824,1.03262,True,True,120,83,False,True
ETHUSDT,4h,BUY,4175.08,4071.857936480581,4347.116772532366,-1.0,-1.0,1.03573,1.02384,True,True,50,51,True,True
ETHUSDT,4h,BUY,3965.32,3841.455218039727,4171.7613032671225,0.9147263163356913,1.1344505797934956,0.1794,0.19598,True,True,120,120,False,False
ETHUSDT,4h,BUY,3946.0,3821.4028130587753,4153.661978235375,1.6666666666666679,1.3289743485160153,0.25374,0.51684,True,True,111,120,True,False
ETHUSDT,4h,SELL,4487.06,4596.066487401182,4305.382520998032,0.02837905790118525,-0.0,0.10454,0.13292,True,True,120,120,False,False
ETHUSDT,4h,SELL,4551.06,4654.535247150375,4378.6012547493765,-0.08999360787552996,-0.10341474542540152,0.13836,0.13675,True,True,120,120,False,False
ETHUSDT,4h,SELL,4684.01,4786.59986741674,4513.026887638766,0.11631297448365219,-0.1127975335972075,0.13756,0.14613,True,True,120,120,False,False
ETHUSDT,4h,BUY,3827.99,3624.5192720833143,4167.107879861142,1.666666666666663,1.588823159267442,0.14448,0.16993,True,True,101,120,True,False
ETHUSDT,4h,BUY,4034.59,3822.463147867757,4388.13475355374,-1.0,-1.0,1.00667,1.00913,True,True,73,73,True,True
ETHUSDT,4h,SELL,4162.14,4259.354778201507,4000.115369664156,-0.09063353208707497,-0.09947494686596259,0.12449,0.13281,True,True,120,120,False,False
ETHUSDT,4h,SELL,4120.15,4220.67113619122,3952.614773014632,-0.0838012266258987,-0.1015292506736692,0.11713,0.13486,True,True,120,120,False,False
ETHUSDT,4h,BUY,3805.09,3674.12412760104,4023.3664539982674,-0.28895223869227266,-0.2200735605671477,0.56979,0.59853,True,True,120,120,False,False
ETHUSDT,4h,BUY,3631.5,3514.0880941766586,3827.186509705569,-0.21441367979183612,-0.6445102772599497,0.70849,0.96734,True,True,120,120,False,False
ETHUSDT,4h,BUY,3642.29,3523.95455569314,3839.515740511434,-0.4307116054593166,-0.6267922286820693,0.52782,0.64741,True,True,120,120,False,False
ETHUSDT,4h,BUY,3529.52,3402.2931373068395,3741.5647711552674,-1.0,-1.0,1.0387,1.02859,True,True,74,75,True,True
ETHUSDT,4h,BUY,3398.36,3237.8459876206334,3665.883353965612,-0.6049963672798393,-0.6037855164267873,0.87479,0.88409,True,True,120,120,False,False
ETHUSDT,4h,BUY,2752.24,2595.7876326980286,3012.993945503285,1.6666666666666656,1.360671805293111,0.11935,0.20262,True,True,57,120,True,False
ETHUSDT,4h,BUY,2840.21,2761.9099945632065,2970.710009061323,-1.0,-1.0,1.07549,1.06842,True,True,55,56,True,True
ETHUSDT,4h,BUY,2799.07,2714.845831937728,2939.4436134371213,0.6700649571456747,0.831849277835695,0.30017,0.32584,True,True,120,120,False,False
ETHUSDT,4h,SELL,3119.27,3226.404756507909,2940.712072486818,-0.002865477927775088,-0.013983745883850223,0.12222,0.06667,True,True,120,120,False,False
ETHUSDT,4h,SELL,3318.04,3428.819758157882,3133.4070697368634,-0.1011675401110775,-0.12345045683079783,0.1345,0.15678,True,True,120,120,False,False
ETHUSDT,4h,SELL,3324.14,3435.61952375874,3138.340793735433,0.0009595969581494542,-0.019836882405260447,0.11254,0.06667,True,True,120,120,False,False
ETHUSDT,4h,BUY,2859.09,2770.545151717086,3006.6647471381907,1.6666666666666683,1.5581659578049367,0.13086,0.18966,True,True,57,120,True,False
ETHUSDT,4h,SELL,3090.5,3147.633005891156,2995.2783235147394,-0.028850602400076714,-0.058502565626598266,0.10368,0.09184,True,True,120,120,False,False
ETHUSDT,4h,SELL,3132.72,3181.4323639688805,3051.532726718532,0.08619625719219266,-0.17923876631221328,0.10123,0.21257,True,True,120,120,False,False
ETHUSDT,4h,SELL,3157.33,3212.0128584692534,3066.1919025512443,0.11934877979010132,-0.14063901894201755,0.10668,0.17397,True,True,120,120,False,False
ETHUSDT,4h,SELL,3223.57,3294.0359365618497,3106.1267723969177,0.11775273882745178,-0.1427750078005885,0.10614,0.17611,True,True,120,120,False,False
ETHUSDT,4h,SELL,3266.83,3341.5478483620027,3142.3002527299955,0.03493550847638926,-0.21546810489526413,0.11626,0.2488,True,True,120,120,False,False
ETHUSDT,4h,SELL,3286.22,3361.1692005605464,3161.3046657324217,0.07018198117708542,-0.14216041065344312,0.15432,0.17549,True,True,120,120,False,False
ETHUSDT,4h,SELL,3286.55,3370.1761024627704,3147.17316256205,-0.11223639506075904,-0.12617863479719213,0.19201,0.15951,True,True,120,120,False,False
ETHUSDT,4h,BUY,3002.69,2919.1774377973425,3141.877603671096,-1.0,-1.0,1.04949,1.28282,True,True,78,48,True,True
ETHUSDT,4h,BUY,2850.68,2780.387740424191,2967.8337659596805,1.6666666666666603,1.6666666666666667,0.15417,0.06667,True,True,83,84,True,True
ETHUSDT,4h,BUY,2759.88,2665.0828300700373,2917.875283216605,-1.0,-1.0,1.00667,1.23713,True,True,109,103,True,True
ETHUSDT,4h,BUY,2742.4,2639.946853478757,2913.155244202073,-1.0,-1.0,1.00667,1.04971,True,True,56,54,True,True
ETHUSDT,4h,BUY,2372.71,2227.4859878930306,2614.7500201782823,-0.8396812618932273,-0.8187766960445529,0.90349,0.92987,True,True,120,120,False,False
ETHUSDT,4h,BUY,2233.72,2088.642916950472,2475.515138415879,-1.0,-1.0,1.00667,1.00917,True,True,50,50,True,True
ETHUSDT,4h,BUY,2188.27,2047.9275580176632,2422.174069970561,-0.6103186651046155,-1.0,0.80317,1.06548,True,True,120,102,False,True
ETHUSDT,4h,BUY,1932.68,1778.3204930272536,2189.9458449545773,0.7089028386888415,0.7496634649198867,0.2226,0.23043,True,True,120,120,False,False
ETHUSDT,4h,BUY,1885.5,1835.7806086188543,1968.365652301909,-0.5340632958175988,-0.6352880187992075,0.60747,0.70023,True,True,120,120,False,False
ETHUSDT,4h,SELL,2057.48,2133.666683156692,1930.5021947388464,-0.028865598187236604,-0.05872343660428095,0.10348,0.09206,True,True,120,120,False,False
ETHUSDT,4h,SELL,2127.28,2222.541821584105,1968.5102973598248,0.037984387696812096,-0.20125895201097152,0.12742,0.23459,True,True,120,120,False,False
ETHUSDT,4h,SELL,2317.74,2383.1974056984577,2208.6443238359034,0.14191856619797674,-0.1157360367655003,0.10901,0.14907,True,True,120,120,False,False
ETHUSDT,4h,BUY,2007.07,1953.2397881260304,2096.787019789949,-1.0,-1.0,1.00667,1.17529,True,True,81,73,True,True
ETHUSDT,4h,SELL,2144.25,2192.14844024509,2064.419266258183,0.02932948580295957,-0.20936361443557971,0.12797,0.2427,True,True,120,120,False,False
ETHUSDT,4h,SELL,2215.45,2280.3257241515585,2107.3237930807354,0.014489066135323752,-0.0,0.10641,0.1209,True,True,120,120,False,False
ETHUSDT,4h,SELL,2284.99,2341.52126752346,2190.7712207942327,-0.014539775534308816,-0.03914661746541579,0.10873,0.07248,True,True,120,120,False,False
ETHUSDT,4h,SELL,2364.63,2431.953123677511,2252.424793870815,-0.04956943934084333,-0.06986655195150852,0.13287,0.1032,True,True,120,120,False,False
ETHUSDT,4h,SELL,2427.92,2493.5025636487744,2318.6157272520427,0.048321670655931875,-0.18907757852642426,0.12927,0.22241,True,True,120,120,False,False
ETHUSDT,4h,SELL,2362.8,2405.851572231973,2291.047379613379,-0.05052965126502666,-0.07848473967035018,0.11268,0.11182,True,True,120,120,False,False
ETHUSDT,4h,BUY,2180.0,2138.022080378504,2249.9631993691605,-0.2148183442181362,-0.19587063514948663,0.66317,0.67679,True,True,120,120,False,False
ETHUSDT,4h,BUY,2133.9,2092.505297948881,2202.8911700851977,-1.0,-0.955925334421945,1.00667,0.99178,True,True,67,120,True,False
ETHUSDT,4h,BUY,2125.07,2077.5708691498007,2204.2352180836656,-0.30472243775425556,-0.3938571381235375,0.90538,0.98234,True,True,120,120,False,False
ETHUSDT,4h,BUY,2070.78,2029.3984600253425,2139.7492332910965,-0.6985072844389657,-0.7549229389692506,0.85227,0.92756,True,True,120,120,False,False
ETHUSDT,4h,BUY,2060.27,2015.5054233511944,2134.8776277480097,1.2006910547172904,1.3469117248789173,0.43632,0.45931,True,True,120,120,False,False
ETHUSDT,4h,BUY,1995.56,1947.2161524831383,2076.133079194769,-1.0,-1.0,1.00667,1.00938,True,True,76,76,True,True
ETHUSDT,4h,BUY,2014.55,1966.29947594951,2094.9675400841497,-0.24468411892337244,-0.3714501269364918,0.57898,0.63381,True,True,120,120,False,False
ETHUSDT,4h,BUY,1878.39,1817.8445222750277,1979.2991295416207,-1.0,-1.0,1.00667,1.03716,True,True,86,86,True,True
ETHUSDT,4h,BUY,1615.18,1542.8502740681804,1735.7295432196995,1.6666666666666667,1.6666666666666667,0.15081,0.06667,True,True,71,71,True,True
SOLUSDT,4h,BUY,184.25,178.09930944092912,194.5011509317848,-0.6657300756034149,-0.5375291969193613,0.80891,0.82864,True,True,120,120,False,False
SOLUSDT,4h,BUY,169.32,161.052570346074,183.09904942321,-1.0,-1.0,1.02106,1.04381,True,True,53,52,True,True
SOLUSDT,4h,BUY,168.95,160.75109381880867,182.61484363531883,-1.0,-1.0,1.00667,1.07787,True,True,59,59,True,True
SOLUSDT,4h,BUY,145.43,135.99414769400653,161.15642050998912,-1.0,-1.0,1.00667,1.01412,True,True,95,95,True,True
SOLUSDT,4h,BUY,139.27,130.6312727672078,153.66787872132036,-1.0,-1.0,1.12026,1.12008,True,True,35,35,True,True
SOLUSDT,4h,BUY,135.32,126.21410764111285,150.49648726481192,-1.0,-1.0,1.02633,1.05963,True,True,65,63,True,True
SOLUSDT,4h,BUY,128.55,119.99950857564268,142.80081904059557,1.069643696481149,1.00350260967605,0.16884,0.15773,True,True,120,120,False,False
SOLUSDT,4h,SELL,169.88,181.40665043602837,150.66891593995277,0.08544043462532681,-0.16425465811483622,0.11697,0.19759,True,True,120,120,False,False
SOLUSDT,4h,BUY,119.96,111.48852721612876,134.07912130645204,1.608599782509775,1.560862127422788,0.17819,0.18139,True,True,120,120,False,False
SOLUSDT,4h,SELL,141.01,145.41557566150092,133.66737389749844,-0.11575705879657139,-0.1332487960792726,0.19553,0.16658,True,True,120,120,False,False
SOLUSDT,4h,SELL,145.03,149.87536301668513,136.95439497219144,-0.025570034271930928,-0.053614958891248884,0.10529,0.08695,True,True,120,120,False,False
SOLUSDT,4h,BUY,126.32,121.73987082083543,133.95354863194095,-1.0,-1.0,1.01446,1.04091,True,True,65,65,True,True
SOLUSDT,4h,BUY,125.71,121.15154015793566,133.30743307010724,-0.5518071613576292,-0.5915450165243848,0.99968,0.99344,True,True,120,120,False,False
SOLUSDT,4h,BUY,106.65,99.22662957492712,119.02228404178814,1.3537016393974777,1.4625363385502015,0.42773,0.4512,True,True,120,120,False,False
SOLUSDT,4h,SELL,128.55,134.56511209863572,118.52481316894053,0.009683503655530053,-0.0,0.10374,0.11343,True,True,120,120,False,False
SOLUSDT,4h,SELL,139.61,143.8752791453383,132.50120142443618,-0.057990020710331706,-0.08114546450331964,0.11018,0.11448,True,True,120,120,False,False
SOLUSDT,4h,SELL,144.24,149.13012166381898,136.0897972269684,0.08516792075859747,-0.1579254387544075,0.12357,0.19126,True,True,120,120,False,False
SOLUSDT,4h,SELL,150.16,155.48176882254316,141.29038529576138,-0.03436038335266979,-0.06280101824902892,0.10489,0.09613,True,True,120,120,False,False
SOLUSDT,4h,SELL,147.76,152.95272413780506,139.10545977032487,-0.07396352367814385,-0.09156564583365166,0.17176,0.1249,True,True,120,120,False,False
SOLUSDT,4h,SELL,152.94,158.17937950640072,144.2077008226655,-0.10643002948167786,-0.13217578876136288,0.13976,0.16551,True,True,120,120,False,False
SOLUSDT,4h,SELL,169.0,175.07780551312658,158.87032414478904,-0.11383690673123008,-0.14610741237354255,0.14717,0.17944,True,True,120,120,False,False
SOLUSDT,4h,SELL,172.6,179.3012644608372,161.43122589860465,0.057434673175151184,-0.19036922054191563,0.11886,0.2237,True,True,120,120,False,False
SOLUSDT,4h,SELL,182.55,189.2900041589079,171.31665973515356,-0.04934897553867034,-0.08030984000952512,0.10237,0.11364,True,True,120,120,False,False
SOLUSDT,4h,BUY,155.63,149.84712903535004,165.2681182744166,-0.4535304067066836,-0.6454256715824667,0.92146,0.99253,True,True,120,120,False,False
SOLUSDT,4h,BUY,154.17,148.84802947910586,163.03995086815686,1.6666666666666667,1.6012851847309708,0.31232,0.32385,True,True,112,120,True,False
SOLUSDT,4h,BUY,146.84,141.56182038469618,155.63696602550638,1.346259374037198,1.270691385644277,0.49088,0.51288,True,True,120,120,False,False
SOLUSDT,4h,BUY,145.45,139.27639741009676,155.73933764983872,1.6666666666666696,1.6666666666666652,0.26298,0.38358,True,True,112,113,True,True
SOLUSDT,4h,BUY,131.71,125.8280618371356,141.51323027144068,1.3966511150322192,1.2030967636992818,0.14771,0.39877,True,True,120,120,False,False
SOLUSDT,4h,SELL,154.81,159.69658186022187,146.66569689963023,0.03965800939459335,-0.20294330169964875,0.12407,0.23628,True,True,120,120,False,False
SOLUSDT,4h,SELL,157.05,160.81718273927038,150.77136210121606,0.09074692398769092,-0.14352590132695264,0.13239,0.17686,True,True,120,120,False,False
SOLUSDT,4h,SELL,156.43,160.19684457560135,150.15192570733112,-0.04656047655352423,-0.0720267611129458,0.11652,0.10536,True,True,120,120,False,False
SOLUSDT,4h,SELL,162.34,167.1526439861784,154.31892668970266,-0.03525417638870732,-0.06451411678952962,0.10407,0.09785,True,True,120,120,False,False
SOLUSDT,4h,SELL,162.93,168.02054506971507,154.4457582171416,0.05302031017995376,-0.18196255882041967,0.13168,0.2153,True,True,120,120,False,False
SOLUSDT,4h,SELL,169.54,175.237311674674,160.04448054220998,-0.13522481763551972,-0.16706492039173393,0.2056,0.2004,True,True,120,120,False,False
SOLUSDT,4h,SELL,178.46,185.05169793862365,167.4738367689606,-0.13006832679890937,-0.16003350670550742,0.18249,0.19337,True,True,120,120,False,False
SOLUSDT,4h,SELL,181.43,186.9699377038312,172.1967704936147,-0.12364872538504218,-0.15548216640113213,0.16148,0.18882,True,True,120,120,False,False
SOLUSDT,4h,SELL,201.39,209.65544655277367,187.61425574537708,0.07499944797883949,-0.1851782153826121,0.10649,0.21851,True,True,120,120,False,False
SOLUSDT,4h,BUY,160.86,154.47334294448115,171.5044284258648,1.3562127689290406,1.4245696245422566,0.1503,0.20908,True,True,120,120,False,False
SOLUSDT,4h,SELL,197.44,205.27944947798017,184.37425087003305,0.01809182653586686,-0.005058031513363003,0.11018,0.06667,True,True,120,120,False,False
SOLUSDT,4h,SELL,203.62,211.54452352447584,190.4124607925403,0.0899564531433481,-0.16142088797260695,0.11529,0.19475,True,True,120,120,False,False
SOLUSDT,4h,SELL,206.66,214.0943665999406,194.269389000099,0.07458556302311785,-0.19095736567775506,0.10112,0.22429,True,True,120,120,False,False
SOLUSDT,4h,SELL,214.11,219.40133526444012,205.2911078925998,0.11543040709410683,-0.13219788174059915,0.11904,0.16553,True,True,120,120,False,False
SOLUSDT,4h,SELL,217.25,222.71504139066144,208.14159768223092,-0.12343834759138973,-0.15444241951752213,0.22097,0.18778,True,True,120,120,False,False
SOLUSDT,4h,SELL,238.98,245.01909656023943,228.9148390662676,-0.07384456706131826,-0.055925071943809385,0.15191,0.08926,True,True,120,120,False,False
SOLUSDT,4h,SELL,243.81,250.13112071819216,233.27479880301303,-0.0064082626042254245,-0.03525601794212622,0.10449,0.06859,True,True,120,120,False,False
SOLUSDT,4h,BUY,219.0,211.45823879482745,231.5696020086209,-1.0,-1.0,1.00667,1.01341,True,True,116,116,True,True
SOLUSDT,4h,BUY,212.35,204.6871724674126,225.12137922097892,-0.64349350580297,-0.8096681584183628,0.91981,0.98426,True,True,120,120,False,False
SOLUSDT,4h,BUY,200.68,192.40637694533703,214.46937175777165,1.125714898588861,1.2173252894860092,0.28801,0.31255,True,True,120,120,False,False
SOLUSDT,4h,SELL,222.9,229.5677656760592,211.787057206568,-0.008459575843343529,-0.033564719605317775,0.10823,0.0669,True,True,120,120,False,False
SOLUSDT,4h,SELL,229.41,236.4200190476669,217.7266349205552,0.05491665636192785,-0.0,0.11353,0.16844,True,True,120,120,False,False
SOLUSDT,4h,SELL,233.17,240.86484214567207,220.34526309054652,-0.0724991767098401,-0.06944521648998811,0.13639,0.10278,True,True,120,120,False,False
SOLUSDT,4h,BUY,191.23,179.85596523394844,210.1867246100859,1.666666666666665,1.6666666666666674,0.10635,0.10311,True,True,108,108,True,True
SOLUSDT,4h,SELL,202.51,207.9233425199921,193.4877624666798,-0.0070362846266238946,-0.03153906090145052,0.10883,0.06667,True,True,120,120,False,False
SOLUSDT,4h,BUY,184.69,176.7846545887685,197.86557568538583,-0.44195928204562135,-1.0,0.70299,1.04721,True,True,120,124,False,True
SOLUSDT,4h,BUY,157.48,148.6330421908658,172.22492968189027,-0.481002465727636,-0.6899860031004066,0.75425,0.89972,True,True,120,120,False,False
SOLUSDT,4h,BUY,144.73,137.71759205483352,156.41734657527743,-1.0,-1.0,1.02006,1.03992,True,True,87,47,True,True
SOLUSDT,4h,BUY,142.23,135.04596591727667,154.2033901378722,-1.0,-1.0,1.01496,1.25734,True,True,76,72,True,True
SOLUSDT,4h,BUY,142.53,135.3470853207933,154.5015244653445,-1.0,-1.0,1.04978,1.06126,True,True,95,95,True,True
SOLUSDT,4h,BUY,130.99,124.80084185413052,141.30526357644916,0.5649359337134807,0.6130110188675905,0.34592,0.37107,True,True,120,120,False,False
SOLUSDT,4h,BUY,126.66,122.37156269511324,133.80739550814462,1.4263744460082128,1.35822401996974,0.12074,0.19313,True,True,120,120,False,False
SOLUSDT,4h,SELL,130.1,133.3764917206383,124.6391804656028,-0.0680484597930921,-0.09509733348005914,0.15706,0.12843,True,True,120,120,False,False
SOLUSDT,4h,SELL,133.8,136.76390189323786,128.86016351127026,-0.07066883142850981,-0.10299270152460685,0.15088,0.13633,True,True,120,120,False,False
SOLUSDT,4h,SELL,133.56,136.50673923449108,128.6487679425149,-0.07957687571927904,-0.08328139121286006,0.12963,0.11661,True,True,120,120,False,False
SOLUSDT,4h,SELL,135.45,138.5477245255747,130.28712579070887,-0.10236901288659923,-0.13456355870965173,0.1357,0.1679,True,True,120,120,False,False
SOLUSDT,4h,SELL,137.61,141.0058902374017,131.95018293766384,0.014886639221562482,-0.0,0.1054,0.12029,True,True,120,120,False,False
SOLUSDT,4h,SELL,137.53,141.5521358788526,130.82644020191233,-0.07376786458389942,-0.09550151769625606,0.1116,0.12883,True,True,120,120,False,False
SOLUSDT,4h,SELL,141.41,144.89238792308365,135.60602012819393,-0.07189152496085996,-0.08295756880412684,0.12227,0.11629,True,True,120,120,False,False
SOLUSDT,4h,BUY,134.45,131.26636910415232,139.7560514930794,-0.6328595701298414,-0.8162226938576186,0.69067,0.84862,True,True,120,120,False,False
SOLUSDT,4h,BUY,134.24,131.08702233980483,139.49496276699196,-1.0,-1.0,1.00667,1.03801,True,True,111,111,True,True
SOLUSDT,4h,BUY,130.43,126.84619797136376,136.40300338106044,-1.0,-1.0,1.08983,1.20312,True,True,44,42,True,True
SOLUSDT,4h,BUY,121.57,118.2348411906536,127.12859801557728,1.6666666666666552,1.4317970530250896,0.41583,0.65957,True,True,119,120,True,False
SOLUSDT,4h,BUY,117.82,114.19374852317742,123.86375246137096,-1.0,-1.0,1.09562,1.35021,True,True,98,75,True,True
SOLUSDT,4h,BUY,115.78,111.72205867559688,122.5432355406719,-1.0,-1.0,1.00667,1.03881,True,True,110,109,True,True
SOLUSDT,4h,BUY,102.78,96.7220724551424,112.87654590809598,-0.44448305262813953,-0.42854631091124834,0.71082,0.7577,True,True,120,120,False,False
SOLUSDT,4h,BUY,99.13,93.67546812019762,108.22088646633728,-0.5321159930873084,-0.5883599061129006,0.64121,0.69631,True,True,120,120,False,False
SOLUSDT,4h,BUY,84.49,77.43912261280059,96.24146231199902,-1.0,-1.0,1.00852,1.02343,True,True,113,113,True,True
SOLUSDT,4h,SELL,89.17,92.29641199835562,83.95931333607396,-0.045284459896465526,-0.07044425115874872,0.10817,0.10378,True,True,120,120,False,False
SOLUSDT,4h,BUY,79.4,76.73274012298536,83.84543312835774,-0.7721505054965173,-1.0,0.87021,1.13233,True,True,120,119,False,True
SOLUSDT,4h,BUY,77.3,74.59198630715315,81.81335615474474,1.1531935648921412,1.0123541937409066,0.54057,0.5575,True,True,120,120,False,False
SOLUSDT,4h,SELL,88.06,91.53477700637173,82.26870498938047,-0.10051546606460914,-0.1294562498985038,0.13385,0.16279,True,True,120,120,False,False
SOLUSDT,4h,SELL,93.2,95.97777514435816,88.57037475940307,-0.07209195519761459,-0.0840406022575987,0.14245,0.11737,True,True,120,120,False,False
SOLUSDT,4h,SELL,94.07,97.11894934116432,88.98841776472614,-0.06279748914347774,-0.07885997796356625,0.11727,0.11219,True,True,120,120,False,False
SOLUSDT,4h,BUY,83.11,80.51571349544164,87.43381084093059,-1.0,-1.0,1.00667,1.00225,True,True,102,102,True,True
SOLUSDT,4h,BUY,83.62,81.15931418739612,87.72114302100648,-0.7209357411782291,-0.8285294994487896,0.72288,0.91659,True,True,120,120,False,False
SOLUSDT,4h,SELL,89.05,91.58230046235802,84.82949922940328,0.035443718632542295,-0.22491920160384232,0.1063,0.25825,True,True,120,120,False,False
SOLUSDT,4h,SELL,87.75,89.59541184619944,84.67431358966759,-0.06938473945340183,-0.07259792366420965,0.13012,0.10593,True,True,120,120,False,False
SOLUSDT,4h,SELL,92.01,94.16822353266149,88.41296077889757,0.0013154860187110772,-0.0,0.11008,0.1114,True,True,120,120,False,False
SOLUSDT,4h,SELL,93.01,95.14833617025052,89.4461063829158,0.07718293084641131,-0.0,0.10075,0.17793,True,True,120,120,False,False
SOLUSDT,4h,SELL,93.13,95.12392251414458,89.80679580975902,-0.05499654047583818,-0.0857370599142828,0.10259,0.11907,True,True,120,120,False,False
SOLUSDT,4h,SELL,94.76,97.15861251126312,90.76231248122816,0.1018537321284008,-0.13764100506071836,0.12717,0.17097,True,True,120,120,False,False
SOLUSDT,4h,SELL,97.37,99.80799462304476,93.30667562825876,0.07076725412043681,-0.1897093537752486,0.10619,0.22304,True,True,120,120,False,False
SOLUSDT,4h,BUY,86.5,84.27266366548402,90.2122272241933,-0.6185140811820202,-1.0,0.76886,1.10113,True,True,120,122,False,True
SOLUSDT,4h,BUY,84.99,82.86636616527697,88.52938972453838,-1.0,-1.0,1.00667,1.03112,True,True,89,89,True,True
SOLUSDT,4h,BUY,81.26,79.16848320763586,84.74586132060692,-1.0,-1.0,1.00667,1.0511,True,True,53,50,True,True
SOLUSDT,4h,BUY,75.27,72.43918551984733,79.98802413358777,-0.6434972570820141,-0.5400892525224099,0.95189,0.95846,True,True,120,120,False,False
SOLUSDT,4h,BUY,63.84,60.47486867906696,69.44855220155507,1.3990052487964264,1.2041099485164564,0.447,0.47876,True,True,120,120,False,False
BNBUSDT,4h,BUY,611.17,590.5730960810351,645.4981731982747,-0.3062336864554969,-0.6956275521207289,0.52516,0.77887,True,True,120,120,False,False
BNBUSDT,4h,BUY,588.48,564.652245592697,628.1929240121717,1.6666666666666667,1.5985748754896882,0.10681,0.14717,True,True,116,120,True,False
BNBUSDT,4h,BUY,564.91,542.3497210185187,602.5104649691355,1.66666666666667,1.5663032292832868,0.43776,0.53681,True,True,113,120,True,False
BNBUSDT,4h,BUY,560.65,544.5032439627903,587.561260062016,-0.0009420931595664469,-0.08108811411637494,0.57617,0.60544,True,True,120,120,False,False
BNBUSDT,4h,BUY,558.18,535.4774745215213,596.0175424641309,1.4523288833102654,1.3305019911729457,0.18535,0.18426,True,True,120,120,False,False
BNBUSDT,4h,SELL,609.39,626.2472239012587,581.2946268312354,-0.09865937138851234,-0.11791456816804163,0.13199,0.15125,True,True,120,120,False,False
BNBUSDT,4h,SELL,629.99,648.1089985440809,599.7916690931984,-0.012371010554945544,-0.039224719768086114,0.10648,0.07256,True,True,120,120,False,False
BNBUSDT,4h,SELL,634.41,645.5916738524558,615.7738769125735,0.06570797481604063,-0.17957857978918293,0.12138,0.21291,True,True,120,120,False,False
BNBUSDT,4h,BUY,604.73,592.0677461084431,625.8337564859281,-0.671844356249753,-1.0,0.99072,1.0112,True,True,120,107,False,True
BNBUSDT,4h,BUY,552.01,532.0350376984039,585.3016038359934,0.4717101676800557,0.17329556845327784,0.12558,0.29528,True,True,120,120,False,False
BNBUSDT,4h,SELL,615.32,624.1738145321087,600.5636424464855,0.01587564776144719,-0.23190122181342682,0.11889,0.26523,True,True,120,120,False,False
BNBUSDT,4h,BUY,588.27,582.0544197680492,598.6293003865845,1.0063952443537896,1.1725377824659626,0.94285,0.96209,True,True,120,120,False,False
BNBUSDT,4h,SELL,619.4,628.0659510232742,604.956748294543,-0.04397718865876223,-0.06109336248789804,0.122,0.09443,True,True,120,120,False,False
BNBUSDT,4h,SELL,624.7,633.8566108312926,609.4389819478458,-0.08409942446053209,-0.10867277099549966,0.11743,0.14201,True,True,120,120,False,False
BNBUSDT,4h,SELL,649.25,664.6728791391388,623.5452014347687,0.06300642052177485,-0.19180225786980665,0.11186,0.22514,True,True,120,120,False,False
BNBUSDT,4h,SELL,655.54,671.3465896449549,629.1956839250751,-0.058769278450228384,-0.07337907200377733,0.11872,0.10671,True,True,120,120,False,False
BNBUSDT,4h,SELL,663.68,683.5360602468245,630.5865662552925,0.10943482935738756,-0.14641447387816217,0.11082,0.17975,True,True,120,120,False,False
BNBUSDT,4h,SELL,681.94,695.4580676495494,659.409887250751,-0.06950034195520534,-0.09567268952419625,0.10716,0.12901,True,True,120,120,False,False
BNBUSDT,4h,SELL,682.29,695.2451914602973,660.6980142328377,-0.04288619400308461,-0.07223565414100835,0.10398,0.10557,True,True,120,120,False,False
BNBUSDT,4h,BUY,653.85,641.7904628806662,673.9492285322231,-1.0,-1.0,1.03658,1.05908,True,True,113,106,True,True
BNBUSDT,4h,BUY,641.38,629.1277898496506,661.8003502505823,1.6666666666666667,1.6666666666666667,0.10312,0.06667,True,True,34,35,True,True
BNBUSDT,4h,BUY,615.81,603.9663451645085,635.549424725819,1.6666666666666698,1.6214289355058926,0.11997,0.25639,True,True,28,120,True,False
BNBUSDT,4h,SELL,656.9,662.905728014128,646.8904533097865,-0.04579396353904423,-0.07362439698708238,0.1055,0.10696,True,True,120,120,False,False
BNBUSDT,4h,SELL,689.99,699.852160155876,673.5530664068733,0.022305097645840592,-0.0,0.10815,0.13046,True,True,120,120,False,False
BNBUSDT,4h,SELL,691.84,701.5274675154736,675.6942208075441,0.055827928139126994,-0.18012997594075245,0.13071,0.21346,True,True,120,120,False,False
BNBUSDT,4h,SELL,692.57,703.3415451144886,674.6174248091858,-0.00957452844974289,-0.0,0.11616,0.10658,True,True,120,120,False,False
BNBUSDT,4h,SELL,715.61,730.2909214275742,691.1417976207098,0.051241094751803225,-0.20778325528279903,0.10764,0.24112,True,True,120,120,False,False
BNBUSDT,4h,SELL,731.85,751.2853707612139,699.4577153979768,0.05839668522706827,-0.16344549567581262,0.14482,0.19678,True,True,120,120,False,False
BNBUSDT,4h,SELL,757.14,776.881814328007,724.2369761199883,0.007686258527791994,-0.014853688926223019,0.11079,0.06667,True,True,120,120,False,False
BNBUSDT,4h,SELL,784.43,808.330363095007,744.5960615083216,-0.004700491273996114,-0.016484420192312554,0.12155,0.06667,True,True,120,120,False,False
BNBUSDT,4h,SELL,836.18,859.6762351179244,797.0196081367925,-0.08825805758169303,-0.1184223074586227,0.12159,0.15176,True,True,120,120,False,False
BNBUSDT,4h,BUY,764.29,740.8499032874352,803.3568278542746,-0.15691697422324727,-0.18666606613407016,0.67774,0.69899,True,True,120,120,False,False
BNBUSDT,4h,BUY,744.09,721.2919111764553,782.086814705908,0.7113769919245719,0.5877865602089285,0.63179,0.61891,True,True,120,120,False,False
BNBUSDT,4h,SELL,806.47,821.9513966454213,780.6676722576312,-0.1171578555701324,-0.14434792210536937,0.20171,0.17768,True,True,120,120,False,False
BNBUSDT,4h,SELL,841.44,861.9335339863466,807.284110022756,-0.06765141120289489,-0.0845904208327702,0.11639,0.11792,True,True,120,120,False,False
BNBUSDT,4h,SELL,846.97,870.4946773376345,807.7622044372758,0.04375931556423231,-0.21104501794501088,0.11186,0.24438,True,True,120,120,False,False
BNBUSDT,4h,SELL,882.78,906.5832871391262,843.1078547681229,-0.06854787660581348,-0.10044999668692221,0.10188,0.13378,True,True,120,120,False,False
BNBUSDT,4h,SELL,874.18,884.62936800176,856.7643866637331,0.12556725275659905,-0.10425370898941674,0.13685,0.13759,True,True,120,120,False,False
BNBUSDT,4h,SELL,890.79,903.1572276920584,870.1779538465693,0.027728438371622484,-0.0,0.10982,0.13755,True,True,120,120,False,False
BNBUSDT,4h,SELL,893.31,905.6954110944612,872.6676481758982,-0.13278500950425542,-0.1529240872126653,0.21823,0.18626,True,True,120,120,False,False
BNBUSDT,4h,SELL,903.45,915.2748864084992,883.7418559858348,-0.1220192337766358,-0.14809708937968105,0.2031,0.18143,True,True,120,120,False,False
BNBUSDT,4h,SELL,930.14,944.3616349188924,906.4372751351796,-0.004015115766277307,-0.0,0.11115,0.10714,True,True,120,120,False,False
BNBUSDT,4h,SELL,931.06,944.8392923535346,908.0945127441088,-0.020344639967043842,-0.04137145452936023,0.11231,0.0747,True,True,120,120,False,False
BNBUSDT,4h,SELL,931.64,946.3416602436088,907.1372329273185,0.07831173283629808,-0.1783053436785159,0.11005,0.21164,True,True,120,120,False,False
BNBUSDT,4h,SELL,954.7,971.0972613386666,927.3712311022224,0.01129450515994893,-0.0,0.12814,0.13943,True,True,120,120,False,False
BNBUSDT,4h,SELL,981.04,999.9207497670518,949.5720837215802,-0.10473894889645383,-0.1366969110013975,0.16631,0.17003,True,True,120,120,False,False
BNBUSDT,4h,SELL,985.75,1005.1194031480368,953.4676614199388,0.03143891786333497,-0.0,0.11268,0.14412,True,True,120,120,False,False
BNBUSDT,4h,SELL,1047.85,1074.1239586295312,1004.0600689507812,0.12400566415588643,-0.1423420098489485,0.10032,0.17568,True,True,120,120,False,False
BNBUSDT,4h,SELL,1151.69,1188.4512102512383,1090.421316247936,0.05601009565215597,-0.0,0.1129,0.16891,True,True,120,120,False,False
BNBUSDT,4h,SELL,1167.85,1203.2211448217486,1108.8980919637522,0.10320487289147136,-0.1491488940216973,0.11431,0.18248,True,True,120,120,False,False
BNBUSDT,4h,SELL,1276.22,1329.664749998809,1187.145416668652,0.09836347598757542,-0.12998724346172066,0.13832,0.16332,True,True,120,120,False,False
BNBUSDT,4h,SELL,1293.96,1347.579912808813,1204.593478651978,-0.07214392909576799,-0.08777687538475519,0.1177,0.12111,True,True,120,120,False,False
BNBUSDT,4h,BUY,1072.28,1005.057244172068,1184.3179263798866,-0.14349744853689317,-0.35547853064699114,0.3633,0.61498,True,True,120,120,False,False
BNBUSDT,4h,SELL,1143.86,1176.752278876408,1089.0395352059866,0.09041572118694513,-0.15072145045277918,0.12553,0.18405,True,True,120,120,False,False
BNBUSDT,4h,BUY,949.19,903.4120182639429,1025.486636226762,-1.0,-0.8990744960588887,1.00667,0.98554,True,True,43,120,True,False
BNBUSDT,4h,BUY,830.46,793.017068168237,892.8648863862719,1.3781189884656349,1.1686648619279665,0.13021,0.29783,True,True,120,120,False,False
BNBUSDT,4h,BUY,826.61,804.1129578704212,864.1050702159648,1.6666666666666683,1.6169914451427292,0.1483,0.16801,True,True,45,120,True,False
BNBUSDT,4h,SELL,860.58,873.2324589604731,839.4925683992117,0.05995058573067025,-0.19957096311483571,0.10715,0.2329,True,True,120,120,False,False
BNBUSDT,4h,SELL,904.71,917.230412048159,883.8426465864018,0.06534229635039858,-0.0,0.10374,0.16908,True,True,120,120,False,False
BNBUSDT,4h,SELL,901.2,916.5272941945354,875.6545096757743,-0.13704099129613379,-0.16374396125872825,0.19704,0.19708,True,True,120,120,False,False
BNBUSDT,4h,SELL,937.45,953.9810340117158,909.8982766471404,0.05172281238966694,-0.19127096789115375,0.12367,0.2246,True,True,120,120,False,False
BNBUSDT,4h,BUY,892.66,873.6241776113989,924.3863706476684,-1.0,-1.0,1.00715,1.02749,True,True,43,43,True,True
BNBUSDT,4h,BUY,866.02,853.1714579562748,887.434236739542,1.369600698663977,1.323539952756271,0.40273,0.40585,True,True,120,120,False,False
BNBUSDT,4h,BUY,777.86,746.2361226557267,830.5664622404556,-1.0,-1.0,1.00667,1.25932,True,True,84,75,True,True
BNBUSDT,4h,BUY,651.2,611.0035727280764,718.1940454532062,-0.49377432775337676,-0.461319268073983,0.95334,0.95033,True,True,120,120,False,False
BNBUSDT,4h,BUY,610.47,586.9470977333739,649.6748371110436,-0.8390618982342534,-1.0,0.9854,1.0294,True,True,120,116,False,True
BNBUSDT,4h,BUY,599.31,584.7388402756224,623.5952662072959,-1.0,-1.0,1.00667,1.23769,True,True,51,36,True,True
BNBUSDT,4h,SELL,677.2,689.7370321266974,656.3049464555045,-0.05011318602108375,-0.08096122301912118,0.10249,0.11429,True,True,120,120,False,False
BNBUSDT,4h,BUY,634.84,623.2550788129764,654.1482019783726,-1.0,-1.0,1.00667,1.25228,True,True,65,35,True,True
BNBUSDT,4h,BUY,638.4,624.7624646510903,661.1292255815159,-1.0,-1.0,1.00667,1.25578,True,True,104,57,True,True
BNBUSDT,4h,BUY,613.95,601.8464435028919,634.1225941618469,-1.0,-1.0,1.00667,1.13946,True,True,116,111,True,True
BNBUSDT,4h,BUY,583.51,570.0684586443888,605.9125689260187,0.7390476331418009,0.5595609098585154,0.24766,0.47633,True,True,120,120,False,False
BNBUSDT,4h,SELL,613.29,624.929199809747,593.8913336504214,0.0789409916009552,-0.1320379516315585,0.15569,0.16537,True,True,120,120,False,False
BNBUSDT,4h,SELL,647.74,658.0973561516137,630.4777397473106,-0.012981390900003905,-0.043891100903930336,0.10242,0.07722,True,True,120,120,False,False
BNBUSDT,4h,BUY,644.78,632.4171441405093,665.3847597658178,0.7411140081703934,0.9099043943296148,0.59054,0.61598,True,True,120,120,False,False
BNBUSDT,4h,BUY,634.79,624.3870907517803,652.1281820803661,1.3758395401489683,1.2815194976047692,0.26625,0.28874,True,True,120,120,False,False
BNBUSDT,4h,SELL,708.55,729.2305579001705,674.0824034997157,0.1132782606325394,-0.11831873898254021,0.13507,0.15165,True,True,120,120,False,False
BNBUSDT,4h,BUY,606.4,580.2350342015886,650.0082763306856,-1.0,-0.9637577524539479,1.00667,0.99823,True,True,16,120,True,False
BNBUSDT,4h,BUY,579.06,552.5504102173925,623.242649637679,1.3073313475427206,1.3279922696553617,0.12827,0.12739,True,True,120,120,False,False
BNBUSDT,4h,BUY,575.86,550.9896394221395,617.3106009631009,1.6666666666666667,1.6666666666666667,0.18491,0.1475,True,True,118,119,True,True
BNBUSDT,4h,BUY,574.53,551.8125717466406,612.3923804222655,1.6666666666666667,1.6202837903766931,0.34466,0.35342,True,True,119,120,True,False
XRPUSDT,1h,BUY,1.3667,1.341985878009654,1.4078902033172436,1.6666666666666787,1.593862243280985,0.14824,0.16656,True,True,65,120,True,False
XRPUSDT,1h,SELL,1.4112,1.435747557634967,1.370287403941722,-0.027848265200571543,-0.04296756654551306,0.11821,0.0763,True,True,120,120,False,False
XRPUSDT,1h,SELL,1.4571,1.478628478861347,1.4212192018977552,0.09844396605809214,-0.15840175592586958,0.10982,0.19174,True,True,120,120,False,False
XRPUSDT,1h,SELL,1.5904,1.63167015854227,1.5216164024295502,0.0731705235157221,-0.1464611893595313,0.14703,0.17979,True,True,120,120,False,False
XRPUSDT,1h,BUY,1.4268,1.4054070998533608,1.462454833577732,-0.7233517711485861,-0.8495175842004533,0.84376,0.91318,True,True,120,120,False,False
XRPUSDT,1h,BUY,1.4008,1.3795410292764414,1.436231617872598,-1.0,-1.0,1.00667,1.04907,True,True,113,110,True,True
XRPUSDT,1h,BUY,1.3911,1.3788077555703568,1.4115870740494054,-1.0,-1.0,1.06355,1.08691,True,True,77,77,True,True
XRPUSDT,1h,BUY,1.3681,1.3487727583161664,1.4003120694730564,1.0811827067405333,0.8155035009012316,0.12266,0.23148,True,True,120,120,False,False
XRPUSDT,1h,SELL,1.4558,1.4859203212441523,1.4055994645930792,0.03938445901688474,-0.22608168924538086,0.1012,0.25942,True,True,120,120,False,False
XRPUSDT,1h,BUY,1.358,1.3350381987666808,1.396269668722199,-1.0,-1.0,1.02233,1.28149,True,True,91,87,True,True
XRPUSDT,1h,BUY,1.354,1.333070210579441,1.3888829823675988,-1.0,-1.0,1.0558,1.06082,True,True,42,42,True,True
XRPUSDT,1h,BUY,1.3415,1.3130699734706408,1.388883377548932,-1.0,-1.0,1.0457,1.07287,True,True,54,53,True,True
XRPUSDT,1h,SELL,1.4185,1.45164574472148,1.3632570921308669,-0.041780679943215646,-0.06781081336253539,0.1073,0.10114,True,True,120,120,False,False
XRPUSDT,1h,SELL,1.4048,1.4306492052259845,1.3617179912900264,0.06725825055121304,-0.1765345987260691,0.12287,0.20987,True,True,120,120,False,False
XRPUSDT,1h,SELL,1.4427,1.4737816520140452,1.390897246643258,-0.03965808246559796,-0.05629507032265989,0.1167,0.08963,True,True,120,120,False,False
XRPUSDT,1h,SELL,1.4474,1.4771366634520289,1.3978388942466184,-0.053949286673883344,-0.0841729907056921,0.10311,0.11751,True,True,120,120,False,False
XRPUSDT,1h,BUY,1.3586,1.3378650510501446,1.393158248249759,-1.0,-1.0,1.02233,1.28061,True,True,91,87,True,True
XRPUSDT,1h,SELL,1.4055,1.425855782231941,1.3715736962800982,-0.09513845296586586,-0.11288604282910508,0.13055,0.14622,True,True,120,120,False,False
XRPUSDT,1h,SELL,1.4308,1.456981244983943,1.3871645916934283,-0.020588911400119442,-0.035855876984708504,0.11807,0.06919,True,True,120,120,False,False
XRPUSDT,1h,SELL,1.4487,1.4667240101892147,1.4186599830179756,-0.039689444497877056,-0.0682219594177982,0.1048,0.10156,True,True,120,120,False,False
XRPUSDT,1h,SELL,1.4684,1.4901448585780073,1.4321585690366545,0.028715083176590505,-0.2159951288970334,0.12196,0.24933,True,True,120,120,False,False
XRPUSDT,1h,SELL,1.4932,1.517253959929505,1.4531100667841588,0.04636723849400937,-0.0,0.1122,0.15856,True,True,120,120,False,False
XRPUSDT,1h,SELL,1.5443,1.5790865028425538,1.4863224952624106,0.12767391728782654,-0.09500528657105228,0.14399,0.12834,True,True,120,120,False,False
XRPUSDT,1h,BUY,1.4566,1.4315341149887406,1.4983764750187654,-1.0,-1.0,1.03795,1.06367,True,True,108,108,True,True
XRPUSDT,1h,BUY,1.4166,1.401318696254481,1.4420688395758654,-1.0,-1.0,1.00667,1.03099,True,True,110,110,True,True
XRPUSDT,1h,BUY,1.3995,1.384888779748534,1.4238520337524434,-1.0,-1.0,1.00667,1.01277,True,True,97,97,True,True
XRPUSDT,1h,BUY,1.3867,1.3735426864557816,1.4086288559070308,-0.653812907032391,-0.8617340759655662,0.92529,0.94354,True,True,120,120,False,False
XRPUSDT,1h,BUY,1.3909,1.3756429286276892,1.4163284522871848,-1.0,-1.0,1.06355,1.08889,True,True,77,77,True,True
XRPUSDT,1h,SELL,1.4314,1.459113525536588,1.3852107907723532,0.019722997207276802,-0.00395079282303529,0.10966,0.06667,True,True,120,120,False,False
XRPUSDT,1h,BUY,1.3786,1.364906969150324,1.4014217180827937,-0.3692604857581419,-0.3415867689842559,0.59846,0.66518,True,True,120,120,False,False
XRPUSDT,1h,BUY,1.3594,1.342411645747945,1.3877139237534248,-1.0,-1.0,1.00667,1.02178,True,True,72,72,True,True
XRPUSDT,1h,BUY,1.3406,1.3243083247704373,1.3677527920492714,-1.0,-1.0,1.00667,1.03303,True,True,111,111,True,True
XRPUSDT,1h,BUY,1.3253,1.3088107218926728,1.3527821301788785,0.8195729035842667,0.8091423406272215,0.14387,0.17486,True,True,120,120,False,False
XRPUSDT,1h,BUY,1.3241,1.3137640575392524,1.341326570767913,-0.4524606374629757,-0.607803446745975,0.55015,0.64179,True,True,120,120,False,False
XRPUSDT,1h,SELL,1.3499,1.365276151292047,1.3242730811799217,-0.02778726005278261,-0.05648224152254447,0.10464,0.08982,True,True,120,120,False,False
XRPUSDT,1h,BUY,1.3001,1.2837809818840975,1.3272983635265043,1.2423172420961757,1.0242220965630757,0.21897,0.22949,True,True,120,120,False,False
XRPUSDT,1h,BUY,1.2993,1.291062545216726,1.313029091305456,-1.0,-1.0,1.04146,1.0588,True,True,85,85,True,True
XRPUSDT,1h,BUY,1.2891,1.2790819548795775,1.3057967418673706,1.666666666666674,1.666666666666674,0.15185,0.20734,True,True,102,103,True,True
XRPUSDT,1h,BUY,1.2967,1.2851033182380032,1.3160278029366614,1.0847998295522996,1.1849724814079987,0.37601,0.40331,True,True,120,120,False,False
XRPUSDT,1h,SELL,1.3389,1.3521047564686597,1.3168920725522335,-0.04673798801161182,-0.0602708804492333,0.1198,0.0936,True,True,120,120,False,False
XRPUSDT,1h,SELL,1.3499,1.3633953899277134,1.327407683453811,-0.027787260052786592,-0.05648197232105325,0.10464,0.08982,True,True,120,120,False,False
XRPUSDT,1h,SELL,1.3665,1.387928480549815,1.330785865750308,0.006348201479072331,-0.0,0.1176,0.12395,True,True,120,120,False,False
XRPUSDT,1h,SELL,1.37,1.3897433570582889,1.3370944049028524,0.008497682926191383,-0.0,0.10385,0.11235,True,True,120,120,False,False
XRPUSDT,1h,SELL,1.3799,1.398507290618462,1.3488878489692298,0.054006359288522675,-0.19882916961191113,0.11383,0.23216,True,True,120,120,False,False
XRPUSDT,1h,SELL,1.3616,1.3734196533944456,1.3419005776759236,0.13308823910400225,-0.1335572763502191,0.10002,0.16689,True,True,120,120,False,False
XRPUSDT,1h,SELL,1.3621,1.378652385447067,1.3345126909215554,0.11519114738141428,-0.10753925388558098,0.14394,0.14087,True,True,120,120,False,False
XRPUSDT,1h,SELL,1.3719,1.388059127712168,1.3449681204797197,-0.11626613776789095,-0.13845654289324588,0.19315,0.17179,True,True,120,120,False,False
XRPUSDT,1h,SELL,1.3883,1.4035810578375258,1.3628315702707907,0.0021101272992996717,-0.0,0.15025,0.15236,True,True,120,120,False,False
XRPUSDT,1h,SELL,1.4038,1.4196260590499308,1.377423234916782,-0.046789833456797006,-0.049241821127372125,0.13088,0.08258,True,True,120,120,False,False
XRPUSDT,1h,SELL,1.4058,1.4205473402815951,1.3812210995306744,-0.09513845296586493,-0.11117985466063551,0.13055,0.14451,True,True,120,120,False,False
XRPUSDT,1h,SELL,1.4087,1.424105960859572,1.3830233985673803,-0.10575657788112924,-0.11378671827809861,0.18126,0.14712,True,True,120,120,False,False
XRPUSDT,1h,SELL,1.4194,1.4411524176895667,1.383145970517389,0.11536192421439247,-0.13528583342925554,0.11602,0.16862,True,True,120,120,False,False
XRPUSDT,1h,SELL,1.4524,1.477005479530188,1.4113908674496862,-0.13241723806203554,-0.16174577238793691,0.16575,0.19508,True,True,120,120,False,False
XRPUSDT,1h,SELL,1.4861,1.511486652973657,1.4437889117105716,0.08533747862025201,-0.18015219161325136,0.10118,0.21349,True,True,120,120,False,False
XRPUSDT,1h,BUY,1.4056,1.3891320736873851,1.433046543854358,0.7938534897970491,0.7364275684117781,0.13212,0.30171,True,True,120,120,False,False
XRPUSDT,1h,SELL,1.4436,1.4539559707049918,1.4263400488250138,-0.039658082465595164,-0.06327817858868064,0.10971,0.09661,True,True,120,120,False,False
XRPUSDT,1h,BUY,1.404,1.3929185125671997,1.4224691457213336,-0.0737398835794825,-0.4044859221142546,0.32693,0.47353,True,True,120,120,False,False
XRPUSDT,1h,BUY,1.3954,1.3836263272446845,1.4150227879255262,-0.21109144399589722,-0.3614873723562767,0.44664,0.53411,True,True,120,120,False,False
XRPUSDT,1h,BUY,1.3969,1.3857135759172072,1.4155440401379882,-0.31443026706005406,-0.42132776814043893,0.40174,0.50621,True,True,120,120,False,False
XRPUSDT,1h,BUY,1.3753,1.36456183467951,1.3931969422008164,1.2888230902604698,1.3004084664098696,0.31701,0.37742,True,True,120,120,False,False
XRPUSDT,1h,BUY,1.3627,1.3485390009918254,1.3863016650136244,0.8027866982791965,0.9134868611007726,0.1615,0.16852,True,True,120,120,False,False
XRPUSDT,1h,SELL,1.3948,1.4059933047334494,1.3761444921109176,-0.060799708188670254,-0.07155257882409943,0.14334,0.10489,True,True,120,120,False,False
XRPUSDT,1h,SELL,1.3915,1.402809788265066,1.3726503528915563,-0.11166999590964881,-0.12148476339842604,0.19262,0.15482,True,True,120,120,False,False
XRPUSDT,1h,SELL,1.4116,1.4231672821136296,1.392321196477284,-0.00995117347797092,-0.04060021159873559,0.10268,0.07393,True,True,120,120,False,False
XRPUSDT,1h,SELL,1.4226,1.437395398514352,1.3979410024760806,-0.10830398443410467,-0.12613722834589436,0.14164,0.15947,True,True,120,120,False,False
XRPUSDT,1h,BUY,1.3838,1.3709659792791462,1.405190034534756,1.208399628744552,1.1316042788364697,0.14973,0.17702,True,True,120,120,False,False
XRPUSDT,1h,SELL,1.4121,1.4247758539314013,1.3909735767809976,-0.020596708118734507,-0.052259937006656786,0.10167,0.08559,True,True,120,120,False,False
XRPUSDT,1h,SELL,1.4289,1.44079956754074,1.4090673874321002,-0.011719966211265299,-0.0,0.12043,0.10871,True,True,120,120,False,False
XRPUSDT,1h,SELL,1.45,1.471907208253551,1.4134879862440817,-0.024098022697209016,-0.03387837775835897,0.12355,0.06721,True,True,120,120,False,False
XRPUSDT,1h,BUY,1.4339,1.4157534920694674,1.464144179884221,1.6666666666666747,1.4395487743229263,0.20918,0.37086,True,True,111,120,True,False
XRPUSDT,1h,SELL,1.508,1.53629829402775,1.4608361766204168,0.0978313211252381,-0.13682316844299125,0.13201,0.17016,True,True,120,120,False,False
XRPUSDT,1h,BUY,1.4073,1.3907366274458657,1.4349056209235576,-0.5463652377039919,-0.44544065422827417,0.69,0.69737,True,True,120,120,False,False
XRPUSDT,1h,BUY,1.3879,1.3720221474895231,1.414363087517461,-0.5923177600503302,-0.6194435190169976,0.75478,0.77579,True,True,120,120,False,False
XRPUSDT,1h,BUY,1.3904,1.374365928583995,1.4171234523600085,-1.0,-1.0,1.06355,1.08889,True,True,77,77,True,True
XRPUSDT,1h,BUY,1.342,1.327563695053264,1.3660605082445605,-1.0,-1.0,1.00667,1.0066,True,True,62,62,True,True
XRPUSDT,1h,BUY,1.3375,1.3240421202427028,1.3599297995954949,-1.0,-1.0,1.00667,1.26585,True,True,25,22,True,True
XRPUSDT,1h,BUY,1.3173,1.3028013160010847,1.341464473331525,1.1251836313227277,1.2520523148481868,0.12679,0.1188,True,True,120,120,False,False
XRPUSDT,1h,SELL,1.3598,1.3754896118637607,1.3336506468937317,0.09762465917062092,-0.16277097919691708,0.10627,0.1961,True,True,120,120,False,False
XRPUSDT,1h,BUY,1.3402,1.3301027774744232,1.3570287042092948,0.9350894618760146,1.009519629300427,0.17078,0.19378,True,True,120,120,False,False
XRPUSDT,1h,BUY,1.2876,1.271225627294475,1.314890621175875,1.3875978530498043,1.2434608400181775,0.24555,0.48119,True,True,120,120,False,False
XRPUSDT,1h,SELL,1.3504,1.3686006511785018,1.3200655813691635,-0.02778726005279077,-0.04404373185234282,0.11708,0.07738,True,True,120,120,False,False
XRPUSDT,1h,BUY,1.3044,1.291007413846481,1.3267209769225314,-0.5003662817982765,-0.9145860330270946,0.71042,0.98618,True,True,120,120,False,False
XRPUSDT,1h,BUY,1.2941,1.2792853183209996,1.3187911361316675,-1.0,-1.0,1.00667,1.26355,True,True,119,107,True,True
XRPUSDT,1h,BUY,1.268,1.2524341706292652,1.2939430489512245,-1.0,-1.0,1.00667,1.0035,True,True,86,86,True,True
XRPUSDT,1h,BUY,1.2671,1.2520618159156325,1.2921636401406122,-0.8281548961717046,-1.0,0.98137,1.08453,True,True,120,106,False,True
XRPUSDT,1h,BUY,1.2365,1.2173620442944666,1.2683965928425551,-1.0,-1.0,1.00667,1.03868,True,True,57,57,True,True
XRPUSDT,1h,BUY,1.2265,1.205380868572841,1.261698552378598,-0.1958215705339056,-0.22716925126122461,0.50851,0.48948,True,True,120,120,False,False
XRPUSDT,1h,BUY,1.2117,1.1886970244327049,1.2500382926121585,-1.0,-1.0,1.00667,1.0111,True,True,57,57,True,True
XRPUSDT,1h,BUY,1.2185,1.1952941906829024,1.257176348861829,-1.0,-1.0,1.09814,1.12372,True,True,46,46,True,True
XRPUSDT,1h,BUY,1.1815,1.1524366392002343,1.2299389346662757,-1.0,-1.0,1.03032,1.04883,True,True,26,26,True,True
XRPUSDT,1h,SELL,1.1461,1.1702031741923111,1.1059280430128142,0.09298071168920538,-0.1646278119188717,0.10906,0.19796,True,True,120,120,False,False
XRPUSDT,1h,BUY,1.1166,1.1005634681834635,1.1433275530275606,-0.7670112231473837,-1.0,0.98352,1.00986,True,True,120,74,False,True
XRPUSDT,4h,BUY,2.2629,2.120351518184404,2.5004808030259933,-0.46539862364860796,-0.5225304642637113,0.64875,0.63777,True,True,120,120,False,False
XRPUSDT,4h,BUY,2.1469,2.0052075438773223,2.383054093537796,0.8370871250552443,0.509632067848376,0.10626,0.25058,True,True,120,120,False,False
XRPUSDT,4h,SELL,2.6896,2.892887485444108,2.35078752425982,0.10043444729808233,-0.1377297762037143,0.1285,0.17106,True,True,120,120,False,False
XRPUSDT,4h,BUY,2.1702,2.030640985625444,2.4027983572909264,-0.5717215864380657,-0.6242036720639682,0.73598,0.76484,True,True,120,120,False,False
XRPUSDT,4h,BUY,2.0462,1.891058314673808,2.3047694755436536,0.4844406043627156,0.4264560120247698,0.40852,0.43514,True,True,120,120,False,False
XRPUSDT,4h,SELL,2.4877,2.593504245864873,2.311359590225211,0.03062361975748386,-0.2146273657001902,0.12142,0.24796,True,True,120,120,False,False
XRPUSDT,4h,BUY,2.1351,2.0519466185925115,2.273688969012481,-1.0,-1.0,1.01068,1.0245,True,True,37,37,True,True
XRPUSDT,4h,BUY,2.0826,1.9966403312338632,2.2258661146102274,-1.0,-1.0,1.05754,1.04452,True,True,63,64,True,True
XRPUSDT,4h,BUY,1.8745,1.729947543278012,2.1154207612033136,-0.5420443696521515,-0.9364013625316886,0.70289,0.98758,True,True,120,120,False,False
XRPUSDT,4h,SELL,2.228,2.2982263871321544,2.11095602144641,-0.022503214761557127,-0.04205497624528421,0.11378,0.07539,True,True,120,120,False,False
XRPUSDT,4h,SELL,2.3189,2.3891146723343994,2.2018755461093344,-0.0013170326405535808,-0.021250602523893287,0.1134,0.06667,True,True,120,120,False,False
XRPUSDT,4h,SELL,2.2945,2.357182494124204,2.1900291764596616,0.04087134313491161,-0.0,0.11453,0.1554,True,True,120,120,False,False
XRPUSDT,4h,SELL,2.3495,2.4238467345447794,2.225588775758701,0.08097417308944282,-0.16673456612243928,0.11896,0.20007,True,True,120,120,False,False
XRPUSDT,4h,SELL,2.4022,2.483962085039784,2.265929858267027,-0.04271226143659168,-0.0691498557519449,0.1069,0.10248,True,True,120,120,False,False
XRPUSDT,4h,SELL,2.5329,2.648096984649497,2.340905025584173,0.014563913838286688,-0.21246386806161774,0.13964,0.2458,True,True,120,120,False,False
XRPUSDT,4h,BUY,2.1394,2.0688921178191704,2.2569131369680497,0.3679685618347791,0.5721721825590919,0.23388,0.25887,True,True,120,120,False,False
XRPUSDT,4h,BUY,2.1544,2.0926531627139418,2.257311395476764,1.1019610936916884,1.116273684269705,0.7551,0.77278,True,True,120,120,False,False
XRPUSDT,4h,SELL,2.238,2.298700262781768,2.13683289536372,0.022824249728724592,-0.22300033253793286,0.12084,0.25633,True,True,120,120,False,False
XRPUSDT,4h,BUY,2.0683,2.012411700197826,2.161447166336956,-1.0,-1.0,1.00667,1.27204,True,True,48,23,True,True
XRPUSDT,4h,BUY,2.0172,1.94265139835876,2.141447669402067,1.6666666666666776,1.5436914883843802,0.29679,0.33826,True,True,105,120,True,False
XRPUSDT,4h,SELL,2.2362,2.296036550178744,2.1364724163687607,0.05601405588285308,-0.19583541297827134,0.11482,0.22917,True,True,120,120,False,False
XRPUSDT,4h,SELL,2.2993,2.3522175513683536,2.211104081052744,-0.09884241217498958,-0.11865452274766904,0.18622,0.15199,True,True,120,120,False,False
XRPUSDT,4h,SELL,2.4038,2.459058588614321,2.311702352309464,-0.08034830674806213,-0.09819735028217363,0.13821,0.13153,True,True,120,120,False,False
XRPUSDT,4h,SELL,2.6812,2.8176279499224166,2.453820083462639,-0.12864434774849964,-0.1423213716413933,0.16198,0.17565,True,True,120,120,False,False
XRPUSDT,4h,SELL,2.93,3.0676099426532817,2.7006500955778647,-0.01982727819323736,-0.0,0.13291,0.11308,True,True,120,120,False,False
XRPUSDT,4h,SELL,2.8497,2.993601685246962,2.60986385792173,-0.12818966872487295,-0.13031217925031313,0.17699,0.16365,True,True,120,120,False,False
XRPUSDT,4h,SELL,3.038,3.16457077856182,2.827048702396966,-0.008917224307181578,-0.041687473484675004,0.10056,0.07502,True,True,120,120,False,False
XRPUSDT,4h,SELL,3.3736,3.568101848702009,3.049430252163317,0.040482684040353246,-0.0,0.10056,0.14104,True,True,120,120,False,False
XRPUSDT,4h,BUY,3.1685,2.9957599795197214,3.456400034133797,-1.0,-1.0,1.00667,1.0294,True,True,58,58,True,True
XRPUSDT,4h,BUY,2.8358,2.707202383303627,3.050129361160621,1.214793521348473,1.1038862396507578,0.26729,0.29311,True,True,120,120,False,False
XRPUSDT,4h,SELL,3.2216,3.348803500455244,3.009594165907927,0.1005194321792118,-0.12377237860134235,0.14237,0.15711,True,True,120,120,False,False
XRPUSDT,4h,BUY,2.7943,2.7232980006034846,2.912636665660858,-1.0,-1.0,1.07853,1.10125,True,True,104,101,True,True
XRPUSDT,4h,SELL,2.9798,3.038723242062269,2.881594596562885,0.058141689190234984,-0.16511239679567663,0.14341,0.19845,True,True,120,120,False,False
XRPUSDT,4h,SELL,3.0043,3.0671038399765846,2.8996269333723594,0.02843151238176239,-0.20302281693699514,0.13521,0.23636,True,True,120,120,False,False
XRPUSDT,4h,SELL,3.1333,3.202224569146472,3.018425718089214,0.12874918969659938,-0.13550948222951303,0.10241,0.16884,True,True,120,120,False,False
XRPUSDT,4h,BUY,2.8602,2.7848777180242976,2.9857371366261707,1.0759501702045808,1.2833163938981238,0.44322,0.46804,True,True,120,120,False,False
XRPUSDT,4h,SELL,3.0389,3.1134048289688936,2.914725285051844,0.008979867415409534,-0.018521494943512455,0.10583,0.06667,True,True,120,120,False,False
XRPUSDT,4h,BUY,2.4885,2.307012309442269,2.790979484262885,-1.0,-1.0,1.00667,1.0394,True,True,100,100,True,True
XRPUSDT,4h,BUY,2.2831,2.1574016039818678,2.492597326696888,1.6666666666666725,1.5806772646271041,0.11609,0.17334,True,True,111,120,True,False
XRPUSDT,4h,SELL,2.6143,2.6776672160736523,2.50868797321058,0.07914299531125993,-0.17621356426206358,0.11131,0.20955,True,True,120,120,False,False
XRPUSDT,4h,SELL,2.6354,2.701565864879833,2.525123558533612,-0.03852618544047396,-0.06294192960496482,0.10892,0.09628,True,True,120,120,False,False
XRPUSDT,4h,SELL,2.634,2.7015324296030445,2.5214459506615925,0.11427680378396428,-0.07343698007749407,0.17895,0.10677,True,True,120,120,False,False
XRPUSDT,4h,BUY,2.4393,2.344142207050337,2.597896321582771,-1.0,-1.0,1.08624,1.08426,True,True,65,65,True,True
XRPUSDT,4h,BUY,2.3565,2.2699737190247538,2.5007104682920773,-0.6512527964110928,-0.5478384147489097,0.76271,0.77925,True,True,120,120,False,False
XRPUSDT,4h,BUY,2.281,2.18724902303665,2.4372516282722505,-1.0,-1.0,1.02299,1.04833,True,True,90,90,True,True
XRPUSDT,4h,BUY,2.2053,2.090875128867172,2.3960081185547133,1.6666666666666718,1.3974765656203987,0.10289,0.18541,True,True,111,120,True,False
XRPUSDT,4h,SELL,2.5296,2.627910740948384,2.365748765086026,-0.12013364988621193,-0.1421568253540508,0.15347,0.17549,True,True,120,120,False,False
XRPUSDT,4h,SELL,2.526,2.623207220511617,2.3639879658139717,0.07987298024067258,-0.1789281184571141,0.10787,0.21226,True,True,120,120,False,False
XRPUSDT,4h,BUY,2.1098,2.017979792796753,2.2628336786720773,-1.0,-1.0,1.00667,1.01243,True,True,91,91,True,True
XRPUSDT,4h,BUY,1.9484,1.8314017991983,2.1433970013361665,1.213458044689917,1.1071852951793886,0.52233,0.53843,True,True,120,120,False,False
XRPUSDT,4h,SELL,2.2276,2.3261742475853624,2.0633095873577285,-0.046158753035225104,-0.06921607590119024,0.11028,0.10255,True,True,120,120,False,False
XRPUSDT,4h,SELL,2.2164,2.3098999889894203,2.0605666850176334,0.05702801089670087,-0.20156229118253033,0.10808,0.2349,True,True,120,120,False,False
XRPUSDT,4h,BUY,2.0568,1.9921300743251815,2.1645832094580304,-1.0,-1.0,1.07682,1.11484,True,True,105,104,True,True
XRPUSDT,4h,BUY,2.0297,1.965023210454017,2.137494649243305,1.618814167716939,1.6666666666666679,0.39034,0.42227,True,True,120,123,False,True
XRPUSDT,4h,BUY,1.9208,1.867441965209852,2.0097300579835804,-1.0,-1.0,1.00667,1.01447,True,True,79,79,True,True
XRPUSDT,4h,BUY,1.8785,1.822148602925996,1.97241899512334,-1.0,-1.0,1.06808,1.13874,True,True,50,48,True,True
XRPUSDT,4h,SELL,1.9941,2.042976996344904,1.9126383394251607,0.05510381097968755,-0.18968753437109512,0.12188,0.22302,True,True,120,120,False,False
XRPUSDT,4h,SELL,2.2278,2.317681612969287,2.0779973117178545,-0.022503214761564645,-0.05294752561942513,0.10515,0.08628,True,True,120,120,False,False
XRPUSDT,4h,BUY,1.9729,1.9199357537922803,2.0611737436795328,-1.0,-1.0,1.01605,1.12687,True,True,43,38,True,True
XRPUSDT,4h,BUY,1.91,1.8587021652616893,1.9954963912305173,-0.5697785651644343,-0.7975008363894664,0.61511,0.87712,True,True,120,120,False,False
XRPUSDT,4h,BUY,1.9579,1.902163856781763,2.050793572030395,-0.43735095828778775,-0.5880282507138642,0.86269,0.87695,True,True,120,120,False,False
XRPUSDT,4h,BUY,1.8695,1.825510806883928,1.9428153218601203,1.361259140875535,1.666666666666665,0.14722,0.14032,True,True,120,123,False,True
XRPUSDT,4h,BUY,1.8076,1.7544664590161887,1.8961559016396856,-1.0,-1.0,1.03619,1.03702,True,True,119,119,True,True
XRPUSDT,4h,BUY,1.7588,1.6982659774170197,1.8596900376383003,-0.04685199476245996,0.09329018225199726,0.15845,0.12454,True,True,120,120,False,False
XRPUSDT,4h,BUY,1.6472,1.5654336068653467,1.7834773218910889,-0.49183610582206294,-0.6523740978483038,0.89381,0.9235,True,True,120,120,False,False
XRPUSDT,4h,BUY,1.6,1.521691234760545,1.7305146087324257,-0.6236699914463155,-0.7724144185681081,0.80765,0.82924,True,True,120,120,False,False
XRPUSDT,4h,BUY,1.6216,1.5379319594959369,1.7610467341734384,-1.0,-1.0,1.00667,1.00585,True,True,24,24,True,True
XRPUSDT,4h,BUY,1.3684,1.2530145231769867,1.5607091280383556,1.0811827067405162,0.8155037168890488,0.12266,0.23148,True,True,120,120,False,False
XRPUSDT,4h,SELL,1.5624,1.6297620847911447,1.4501298586814255,-0.08356892621837271,-0.11658338581039172,0.1169,0.14992,True,True,120,120,False,False
XRPUSDT,4h,BUY,1.3714,1.3304861127077028,1.4395898121538284,-1.0,-1.0,1.01869,1.2766,True,True,105,47,True,True
XRPUSDT,4h,BUY,1.3239,1.2712429009073598,1.4116618318210672,1.340474512776387,1.2311724021110146,0.14992,0.19027,True,True,120,120,False,False
XRPUSDT,4h,SELL,1.4698,1.5045315521589142,1.411914079735143,-0.0504583685409162,-0.08309838417022522,0.10069,0.11643,True,True,120,120,False,False
XRPUSDT,4h,SELL,1.5097,1.5569045236246453,1.4310257939589248,0.10444206548111509,-0.14490655754845438,0.11732,0.17824,True,True,120,120,False,False
XRPUSDT,4h,SELL,1.5182,1.5645055533539889,1.4410240777433518,0.09351014023804816,-0.13666284742900342,0.13649,0.17,True,True,120,120,False,False
XRPUSDT,4h,BUY,1.4115,1.371276102175195,1.4785398297080083,-0.25003359916130574,-0.3555425289387598,0.92162,0.94838,True,True,120,120,False,False
XRPUSDT,4h,SELL,1.4308,1.4668494285041502,1.3707176191597497,0.0018259054846827205,-0.021800200452254233,0.10971,0.06667,True,True,120,120,False,False
XRPUSDT,4h,SELL,1.4757,1.5148392675068263,1.4104678874886225,0.05412520249983526,-0.19563184775961193,0.11691,0.22897,True,True,120,120,False,False
XRPUSDT,4h,BUY,1.3691,1.3443636366437528,1.410327272260412,1.6666666666666727,1.595510865576644,0.3775,0.40868,True,True,72,120,True,False
XRPUSDT,4h,SELL,1.4301,1.4565461501938592,1.3860230830102345,-0.020588911400118946,-0.04144141113080506,0.11248,0.07477,True,True,120,120,False,False
XRPUSDT,4h,SELL,1.4734,1.5043152938982272,1.4218745101696215,0.024553740244398884,-0.0005535674578288153,0.10823,0.06667,True,True,120,120,False,False
XRPUSDT,4h,BUY,1.3247,1.2949448151078529,1.3742919748202451,1.666666666666664,1.666666666666664,0.10467,0.15484,True,True,71,72,True,True
XRPUSDT,4h,BUY,1.2934,1.2647352016306512,1.3411746639489148,1.0081535986629673,1.0999414549586373,0.49859,0.5189,True,True,120,120,False,False
XRPUSDT,4h,BUY,1.2433,1.2025215898035633,1.3112640169940617,-1.0,-1.0,1.03027,1.01214,True,True,65,66,True,True
XRPUSDT,4h,BUY,1.1689,1.1230295878569836,1.2453506869050277,-1.0,-1.0,1.00667,1.03213,True,True,61,61,True,True
XRPUSDT,4h,BUY,1.0934,1.0439352024592057,1.175841329234657,1.5094909417678448,1.679792253954631,0.11857,0.13804,True,True,120,120,False,False
LINKUSDT,1h,BUY,8.32,8.16748479939418,8.574192001009703,-1.0,-1.0,1.01615,1.03445,True,True,72,72,True,True
LINKUSDT,1h,BUY,8.28,8.139312873685368,8.514478543857718,1.6666666666666667,1.604629047020268,0.2081,0.22278,True,True,65,120,True,False
LINKUSDT,1h,BUY,8.23,8.044679122660467,8.538868128899221,1.666666666666657,1.6666666666666667,0.50524,0.5181,True,True,85,86,True,True
LINKUSDT,1h,SELL,8.81,8.959334730623052,8.561108782294914,-0.10220190859665026,-0.12458869256949581,0.17131,0.15792,True,True,120,120,False,False
LINKUSDT,1h,SELL,8.83,8.9759974812923,8.586670864512833,0.09434158666923081,-0.1668953287922559,0.10543,0.20023,True,True,120,120,False,False
LINKUSDT,1h,SELL,8.93,9.053506705353795,8.724155491077003,-0.12212801046835393,-0.12408515261515062,0.20896,0.15742,True,True,120,120,False,False
LINKUSDT,1h,SELL,8.93,9.062360373493837,8.709399377510273,-0.12212801046835357,-0.1246698773497626,0.20896,0.158,True,True,120,120,False,False
LINKUSDT,1h,SELL,9.14,9.279175079617175,8.908041533971375,0.02919372727232159,-0.21809066199656055,0.11938,0.25142,True,True,120,120,False,False
LINKUSDT,1h,BUY,8.66,8.482800946960067,8.955331755066554,1.66666666666666,1.66666666666667,0.26263,0.25794,True,True,119,119,True,True
LINKUSDT,1h,BUY,8.48,8.343688320340442,8.707186132765932,0.8317692967556932,0.8786001485370954,0.70837,0.75028,True,True,120,120,False,False
LINKUSDT,1h,BUY,8.65,8.553167530624428,8.811387448959287,-0.477199668063627,-0.49582686356796724,0.58793,0.64051,True,True,120,120,False,False
LINKUSDT,1h,BUY,8.67,8.575103636099634,8.82816060650061,-1.0,-1.0,1.00667,1.00607,True,True,86,86,True,True
LINKUSDT,1h,BUY,8.35,8.209099786365334,8.584833689391107,-1.0,-1.0,1.05825,1.08702,True,True,66,65,True,True
LINKUSDT,1h,SELL,8.5,8.656999791636526,8.23833368060579,-0.06126884559848701,-0.08494675210482985,0.10966,0.11828,True,True,120,120,False,False
LINKUSDT,1h,SELL,9.27,9.492292877009746,8.899511871650423,0.11290687522352368,-0.13375924054917618,0.12,0.16709,True,True,120,120,False,False
LINKUSDT,1h,BUY,8.32,8.15322180237225,8.597963662712916,1.4163268595059506,1.4853013466513483,0.31871,0.3345,True,True,120,120,False,False
LINKUSDT,1h,SELL,9.06,9.27319240331834,8.70467932780277,0.11573581339809329,-0.14806935355984482,0.10286,0.1814,True,True,120,120,False,False
LINKUSDT,1h,SELL,9.13,9.32849369818686,8.79917716968857,0.0397940879227721,-0.22082367134296776,0.10605,0.25416,True,True,120,120,False,False
LINKUSDT,1h,SELL,9.45,9.661732569747416,9.097112383754304,0.11719544725942947,-0.14678547294565134,0.10269,0.18012,True,True,120,120,False,False
LINKUSDT,1h,BUY,8.79,8.619219717139037,9.074633804768268,-1.0,-1.0,1.01924,1.04715,True,True,31,31,True,True
LINKUSDT,1h,BUY,8.61,8.49963740905712,8.793937651571463,-1.0,-0.9441125248004558,1.00667,0.98692,True,True,93,120,True,False
LINKUSDT,1h,SELL,8.98,9.151355764691736,8.69440705884711,-0.01919658310426631,-0.024700388737856207,0.12783,0.06667,True,True,120,120,False,False
LINKUSDT,1h,SELL,9.22,9.38859807442848,8.939003209285866,-0.05486838057432726,-0.07849650223459355,0.12578,0.11183,True,True,120,120,False,False
LINKUSDT,1h,SELL,9.37,9.554093280816218,9.0631778653063,0.1152192362373911,-0.13098975819211373,0.12046,0.16432,True,True,120,120,False,False
LINKUSDT,1h,SELL,9.46,9.609989915885476,9.210016806857544,0.038440150135291125,-0.2186372051999574,0.10959,0.25197,True,True,120,120,False,False
LINKUSDT,1h,SELL,9.49,9.645118856044109,9.23146857325982,0.055627641239728715,-0.1938079803550212,0.11723,0.22714,True,True,120,120,False,False
LINKUSDT,1h,SELL,9.58,9.763455204334424,9.274241326109292,0.0072732572322343125,-0.0,0.12824,0.13551,True,True,120,120,False,False
LINKUSDT,1h,SELL,9.92,10.09897662818126,9.621705619697904,0.05249512794110176,-0.2091137274951282,0.10506,0.24245,True,True,120,120,False,False
LINKUSDT,1h,BUY,9.22,9.037825941407212,9.523623430987982,-1.0,-1.0,1.04878,1.26368,True,True,49,42,True,True
LINKUSDT,1h,BUY,9.26,9.106276329050132,9.51620611824978,-1.0,-1.0,1.07037,1.28207,True,True,33,18,True,True
LINKUSDT,1h,BUY,9.17,9.027065638778556,9.408223935369072,-0.38490607447317765,-1.0,0.82999,1.06616,True,True,120,54,False,True
LINKUSDT,1h,BUY,8.97,8.821149994348536,9.218083342752443,-0.6290562199752074,-0.6145186877388161,0.72613,0.73979,True,True,120,120,False,False
LINKUSDT,1h,BUY,9.0,8.851756882882155,9.247071861863075,-1.0,-1.0,1.04016,1.04093,True,True,95,95,True,True
LINKUSDT,1h,BUY,8.86,8.737641082313182,9.06393152947803,-1.0,-1.0,1.00667,1.01905,True,True,92,92,True,True
LINKUSDT,1h,BUY,8.89,8.764828280157795,9.098619533070345,-1.0,-1.0,1.05155,1.07328,True,True,36,36,True,True
LINKUSDT,1h,BUY,8.8,8.687502208260998,8.987496319565004,-0.14896626530163415,-0.3012008052640208,0.77293,0.80338,True,True,120,120,False,False
LINKUSDT,1h,BUY,8.73,8.611750220750727,8.927082965415456,-0.8152658202006748,-0.7636477976305754,0.85787,0.88353,True,True,120,120,False,False
LINKUSDT,1h,SELL,9.05,9.253634886148268,8.710608523086224,0.05573208312728635,-0.0,0.11624,0.17197,True,True,120,120,False,False
LINKUSDT,1h,SELL,9.4,9.529205603441438,9.184657327597602,-0.10277632363181405,-0.13136729298340988,0.13611,0.1647,True,True,120,120,False,False
LINKUSDT,1h,BUY,8.99,8.868880947171592,9.191865088047347,-0.6790759376911926,-0.639081057364501,0.97284,0.97352,True,True,120,120,False,False
LINKUSDT,1h,BUY,8.91,8.780767186285475,9.12538802285754,-1.0,-1.0,1.07717,1.06396,True,True,46,47,True,True
LINKUSDT,1h,BUY,8.57,8.451689981362252,8.767183364396246,-1.0,-1.0,1.00667,1.03512,True,True,95,94,True,True
LINKUSDT,1h,BUY,8.54,8.440975036476237,8.705041605872935,-1.0,-1.0,1.00673,1.03233,True,True,45,45,True,True
LINKUSDT,1h,SELL,8.75,8.871046351707063,8.548256080488226,-0.004071551608409335,-0.0,0.11718,0.11311,True,True,120,120,False,False
LINKUSDT,1h,SELL,8.84,8.965616145645185,8.630639757258024,0.06336746606017069,-0.1655282598119725,0.13777,0.19886,True,True,120,120,False,False
LINKUSDT,1h,SELL,8.83,8.96096494190835,8.611725096819418,0.11223867839182591,-0.15394785978332606,0.10048,0.18728,True,True,120,120,False,False
LINKUSDT,1h,SELL,9.06,9.21609404627632,8.799843256206135,0.1157358133981007,-0.14853761656984865,0.10239,0.18187,True,True,120,120,False,False
LINKUSDT,1h,BUY,8.55,8.392596078650142,8.812339868916432,0.7873953317066725,0.6563552212602335,0.28487,0.535,True,True,120,120,False,False
LINKUSDT,1h,BUY,8.49,8.364592322382727,8.699012796028788,0.8588033470019457,0.8244150217299975,0.35866,0.38565,True,True,120,120,False,False
LINKUSDT,1h,BUY,8.56,8.489857091047234,8.67690484825461,-1.0,-1.0,1.10177,1.11992,True,True,115,112,True,True
LINKUSDT,1h,BUY,8.54,8.466402628524573,8.662662285792374,1.6666666666666425,1.62980737307341,0.55174,0.58378,True,True,83,120,True,False
LINKUSDT,1h,SELL,8.92,9.0448010171353,8.7119983047745,0.0701574386544882,-0.16556044178703663,0.13095,0.19889,True,True,120,120,False,False
LINKUSDT,1h,SELL,8.93,9.05030715548333,8.729488074194451,-0.12212801046835368,-0.12408515520479477,0.20896,0.15742,True,True,120,120,False,False
LINKUSDT,1h,SELL,9.02,9.139813968065406,8.820310053224322,0.10223285523768136,-0.14064443155930875,0.12379,0.17398,True,True,120,120,False,False
LINKUSDT,1h,SELL,9.01,9.129365413939922,8.811057643433461,0.046373583412799076,-0.195175757379973,0.12512,0.22851,True,True,120,120,False,False
LINKUSDT,1h,SELL,9.22,9.402018721987046,8.916635463354925,-0.03697128885172823,-0.06059941175002767,0.10971,0.09393,True,True,120,120,False,False
LINKUSDT,1h,SELL,9.19,9.29884920765262,9.008584653912298,0.14427034325174987,-0.08540496549111398,0.13699,0.11874,True,True,120,120,False,False
LINKUSDT,1h,BUY,8.72,8.615590292214295,8.894016179642845,1.666666666666678,1.3889532196755348,0.21132,0.44201,True,True,83,120,True,False
LINKUSDT,1h,SELL,9.22,9.38994658928261,8.936755684528984,-0.03697128885172629,-0.06554342042505681,0.10476,0.09888,True,True,120,120,False,False
LINKUSDT,1h,SELL,9.54,9.728897178794847,9.225171368675252,0.01654837230889145,-0.21221063450978034,0.13791,0.24554,True,True,120,120,False,False
LINKUSDT,1h,SELL,9.76,9.93582382730012,9.466960287833134,0.03917117341702787,-0.21836783390650996,0.10913,0.2517,True,True,120,120,False,False
LINKUSDT,1h,BUY,9.29,9.164205143280231,9.499658094532943,-0.6130833327801065,-0.4291567359057525,0.69821,0.71935,True,True,120,120,False,False
LINKUSDT,1h,BUY,9.23,9.113039528221636,9.42493411963061,-1.0,-1.0,1.00667,1.24089,True,True,51,37,True,True
LINKUSDT,1h,BUY,9.21,9.095992078394795,9.40001320267534,-1.0,-1.0,1.00667,1.09706,True,True,114,113,True,True
LINKUSDT,1h,BUY,9.21,9.10063782753053,9.39227028744912,1.1752329693020414,1.0857379506492586,0.1069,0.23308,True,True,120,120,False,False
LINKUSDT,1h,SELL,9.44,9.508053552751836,9.326577412080274,-0.017406554664518042,-0.04542554384715808,0.10531,0.07876,True,True,120,120,False,False
LINKUSDT,1h,BUY,9.2,9.096622288489716,9.372296185850471,1.666666666666661,1.4566729311188176,0.49025,0.73021,True,True,114,120,True,False
LINKUSDT,1h,SELL,9.3,9.400338331180572,9.132769448032382,0.016176948484996484,-0.0,0.12591,0.14208,True,True,120,120,False,False
LINKUSDT,1h,SELL,9.43,9.577458821242406,9.18423529792932,0.012695011786052954,-0.0,0.10818,0.12088,True,True,120,120,False,False
LINKUSDT,1h,SELL,9.42,9.582869178607792,9.148551368987013,-0.0934741583107576,-0.12158415836966567,0.17901,0.15492,True,True,120,120,False,False
LINKUSDT,1h,SELL,9.69,9.830772049119796,9.455379918133673,-0.13917498295227893,-0.15614285158999244,0.18362,0.18948,True,True,120,120,False,False
LINKUSDT,1h,SELL,9.79,9.915665250054632,9.580557916575613,0.020694955398247363,-0.0,0.11116,0.13185,True,True,120,120,False,False
LINKUSDT,1h,SELL,9.83,9.953328291404802,9.624452847658665,0.1084666216727177,-0.1408211453466291,0.11738,0.17415,True,True,120,120,False,False
LINKUSDT,1h,SELL,9.97,10.126721436704162,9.708797605493064,-0.11236683865376462,-0.14251522160317362,0.15178,0.17585,True,True,120,120,False,False
LINKUSDT,1h,SELL,10.46,10.615678884050208,10.200535193249657,0.05250027595768765,-0.0,0.10795,0.16045,True,True,120,120,False,False
LINKUSDT,1h,SELL,10.54,10.712497196254231,10.252504672909607,-0.0872833617043799,-0.10781700873587842,0.1792,0.14115,True,True,120,120,False,False
LINKUSDT,1h,BUY,10.33,10.187122271878351,10.568129546869413,-0.35141209694981057,-0.4168750893626313,0.57041,0.63333,True,True,120,120,False,False
LINKUSDT,1h,BUY,10.25,10.093537587933096,10.510770686778171,1.252183647672084,1.3057451167614154,0.22309,0.22802,True,True,120,120,False,False
LINKUSDT,1h,SELL,10.65,10.797950201504555,10.403416330825744,0.10195211369470998,-0.163548282171071,0.10117,0.19688,True,True,120,120,False,False
LINKUSDT,1h,BUY,9.75,9.627793262570403,9.953677895715993,-0.5780772959315,-0.6558518151130538,0.80886,0.89814,True,True,120,120,False,False
LINKUSDT,1h,BUY,9.73,9.62927982212846,9.897866963119236,-0.7200567018145769,-1.0,0.84393,1.22033,True,True,120,112,False,True
LINKUSDT,1h,BUY,9.54,9.40696783782677,9.761720270288714,-1.0,-1.0,1.02298,1.03636,True,True,46,46,True,True
LINKUSDT,1h,BUY,9.51,9.380633683020616,9.725610528298974,-1.0,-1.0,1.00667,1.02756,True,True,104,104,True,True
LINKUSDT,1h,SELL,9.966,10.086064463902876,9.765892560161868,-0.06694373557484766,-0.0994194462890269,0.10086,0.13275,True,True,120,120,False,False
LINKUSDT,1h,BUY,9.267,9.146205120469908,9.468324799216818,1.2279491564807234,1.0531986964125548,0.44289,0.69992,True,True,120,120,False,False
LINKUSDT,1h,SELL,9.622,9.77925479753706,9.359908670771564,0.06466323888304187,-0.19541990844929552,0.10658,0.22875,True,True,120,120,False,False
LINKUSDT,1h,BUY,8.923,8.785837379913863,9.15160436681023,0.7518547922203014,0.6022661615627272,0.33757,0.59311,True,True,120,120,False,False
LINKUSDT,1h,BUY,8.608,8.444718731916875,8.880135446805209,0.03900773074688831,-0.15163809084745417,0.50693,0.52861,True,True,120,120,False,False
LINKUSDT,1h,BUY,8.538,8.361897118447466,8.831504802587556,-0.7290626654425848,-1.0,0.89082,1.01374,True,True,120,122,False,True
LINKUSDT,1h,BUY,8.37,8.183621204676404,8.680631325539325,-0.6775729193849958,-0.7757785775076474,0.73724,0.83836,True,True,120,120,False,False
LINKUSDT,1h,BUY,8.446,8.240446106351506,8.78858982274749,-0.44873739204677204,-0.4697615817868895,0.52982,0.51912,True,True,120,120,False,False
LINKUSDT,1h,BUY,7.629,7.383997414545684,8.037337642423859,-1.0,-1.0,1.00667,1.26107,True,True,23,20,True,True
LINKUSDT,1h,SELL,7.77,7.927404752206158,7.507658746323069,0.02752277466933771,-0.22216911860229882,0.11697,0.2555,True,True,120,120,False,False
LINKUSDT,1h,SELL,7.905,8.083347917157262,7.607753471404564,0.048893787943161696,-0.21331406578823178,0.10446,0.24665,True,True,120,120,False,False
LINKUSDT,4h,BUY,15.11,14.21008088751318,16.609865187478032,-1.0,-1.0,1.00667,1.03596,True,True,44,38,True,True
LINKUSDT,4h,BUY,14.61,13.622779769438576,16.255367050935707,1.1153785240706229,1.1142275721747974,0.26591,0.27676,True,True,120,120,False,False
LINKUSDT,4h,SELL,16.8,17.799265396462967,15.134557672561725,0.1245941020925557,-0.13937333170810037,0.1027,0.17271,True,True,120,120,False,False
LINKUSDT,4h,BUY,13.05,12.06137093110099,14.697715114831686,1.291100385262955,1.4179703648775803,0.16305,0.12611,True,True,120,120,False,False
LINKUSDT,4h,SELL,15.3,15.832321039305102,14.412798267824831,0.015425068566099839,-0.2305556789147054,0.12069,0.26389,True,True,120,120,False,False
LINKUSDT,4h,BUY,13.67,13.11669245419651,14.592179243005814,-1.0,-1.0,1.10576,1.12626,True,True,46,46,True,True
LINKUSDT,4h,BUY,13.56,13.00571378780949,14.48381035365085,-0.690429238653836,-0.7675097750285261,0.80377,0.93118,True,True,120,120,False,False
LINKUSDT,4h,BUY,11.29,10.4707651348186,12.655391441969,-1.0,-1.0,1.07729,1.34103,True,True,112,107,True,True
LINKUSDT,4h,SELL,13.28,13.673367446761546,12.624387588730755,-0.03376479885112934,-0.060517465631314236,0.10658,0.09385,True,True,120,120,False,False
LINKUSDT,4h,SELL,13.45,13.854946530807258,12.775089115321236,-0.13151619647427074,-0.1534940553185793,0.22517,0.18683,True,True,120,120,False,False
LINKUSDT,4h,SELL,14.57,15.129580526965508,13.637365788390824,-0.025693314309006284,-0.054076832796173,0.10495,0.08741,True,True,120,120,False,False
LINKUSDT,4h,BUY,13.39,12.969597435526484,14.090670940789195,1.6666666666666694,1.3345564654139968,0.10715,0.18085,True,True,109,120,True,False
LINKUSDT,4h,SELL,16.1,16.74813367517864,15.019777208035606,-0.011857111695513158,-0.0,0.11745,0.10559,True,True,120,120,False,False
LINKUSDT,4h,SELL,16.45,17.201015772182167,15.198307046363054,-0.025920236029996244,-0.045721976051415626,0.11353,0.07906,True,True,120,120,False,False
LINKUSDT,4h,SELL,17.14,17.93078312436176,15.822028126063737,0.11043480613457093,-0.14316261350138829,0.11307,0.1765,True,True,120,120,False,False
LINKUSDT,4h,BUY,14.26,13.633794576352871,15.303675706078549,-1.0,-1.0,1.03379,1.0541,True,True,42,42,True,True
LINKUSDT,4h,BUY,13.87,13.250178310446888,14.903036149255186,-1.0,-1.0,1.00667,1.02498,True,True,102,102,True,True
LINKUSDT,4h,BUY,13.19,12.66871000943856,14.058816650935732,1.6666666666666643,1.3799974996989075,0.12426,0.34233,True,True,114,120,True,False
LINKUSDT,4h,SELL,15.18,15.684885532751217,14.338524112081306,-0.014511521867546362,-0.04620697899655872,0.10164,0.07954,True,True,120,120,False,False
LINKUSDT,4h,SELL,15.15,15.701967627729369,14.230053953784392,0.04578224718196812,-0.2055410015476004,0.11534,0.23887,True,True,120,120,False,False
LINKUSDT,4h,BUY,11.65,11.098661677408362,12.568897204319398,1.6666666666666687,1.425521257796125,0.13377,0.21016,True,True,100,120,True,False
LINKUSDT,4h,SELL,14.33,14.718620353342285,13.682299411096196,0.058493426599202654,-0.1900450850714351,0.11813,0.22338,True,True,120,120,False,False
LINKUSDT,4h,SELL,15.28,15.83041978445061,14.362633692582314,-0.01218640756498478,-0.0,0.11735,0.10517,True,True,120,120,False,False
LINKUSDT,4h,SELL,15.98,16.58023950167883,14.979600830535286,-0.10322586373423609,-0.10413575618178161,0.13656,0.13747,True,True,120,120,False,False
LINKUSDT,4h,SELL,16.67,17.331015696686848,15.56830717218859,0.05352837629721807,-0.18643393207890518,0.1267,0.21977,True,True,120,120,False,False
LINKUSDT,4h,SELL,17.92,18.8083336819762,16.439443863373004,-0.036207630480046965,-0.06398066580800714,0.10556,0.09731,True,True,120,120,False,False
LINKUSDT,4h,SELL,19.27,20.152639133758147,17.798934777069753,0.07674022909698586,-0.1563523200548287,0.13357,0.18969,True,True,120,120,False,False
LINKUSDT,4h,SELL,19.79,20.679918557352835,18.306802404411943,-0.08844531950510652,-0.11931971995978535,0.12178,0.15265,True,True,120,120,False,False
LINKUSDT,4h,BUY,15.9,15.19111695750768,17.081471737487202,1.6666666666666674,1.4107059663085502,0.11006,0.30359,True,True,68,120,True,False
LINKUSDT,4h,SELL,21.95,22.98855052617006,20.21908245638324,0.10786538198282737,-0.14798019344483476,0.11082,0.18131,True,True,120,120,False,False
LINKUSDT,4h,SELL,23.42,24.72447940855426,21.24586765240957,0.10172411477339573,-0.13463676880405065,0.13031,0.16797,True,True,120,120,False,False
LINKUSDT,4h,SELL,23.41,24.798078083306745,21.09653652782209,-0.13911990846836902,-0.1637772961579894,0.22133,0.19711,True,True,120,120,False,False
LINKUSDT,4h,SELL,25.46,26.80303053245488,23.22161577924187,0.03440328745558039,-0.20691971860362135,0.12534,0.24025,True,True,120,120,False,False
LINKUSDT,4h,SELL,25.16,25.81137358894493,24.07437735175845,0.1361045221467091,-0.12261469302996504,0.10795,0.15595,True,True,120,120,False,False
LINKUSDT,4h,SELL,24.83,25.52549559454945,23.670840675750902,-0.0740584777031558,-0.09092584045414251,0.11647,0.12426,True,True,120,120,False,False
LINKUSDT,4h,BUY,21.65,20.894202784830696,22.90966202528217,-1.0,-1.0,1.00667,1.03534,True,True,57,57,True,True
LINKUSDT,4h,BUY,20.88,20.16441580900508,22.07264031832487,-1.0,-1.0,1.00667,1.03351,True,True,73,73,True,True
LINKUSDT,4h,BUY,20.55,19.76586061675808,21.856898972069875,1.1035434809983575,1.1132977527910046,0.7209,0.97762,True,True,120,120,False,False
LINKUSDT,4h,BUY,20.6,19.80296493258655,21.92839177902242,1.666666666666668,1.5714650877702836,0.33019,0.34922,True,True,114,120,True,False
LINKUSDT,4h,BUY,18.77,16.921451527394566,21.85091412100905,-0.13736682113144513,-0.10545666487461877,0.68586,0.67409,True,True,120,120,False,False
LINKUSDT,4h,BUY,16.53,15.411796799046298,18.393672001589504,1.1677342718974146,1.0768737278921077,0.25942,0.36639,True,True,120,120,False,False
LINKUSDT,4h,BUY,16.8,15.97503618062146,18.174939698964234,-1.0,-1.0,1.03818,1.05483,True,True,99,99,True,True
LINKUSDT,4h,BUY,15.43,14.592083973611777,16.826526710647038,-0.5552173090206828,-1.0,0.99114,1.015,True,True,120,107,False,True
LINKUSDT,4h,BUY,15.06,14.161567303777504,16.5573878270375,-1.0,-1.0,1.00667,1.26357,True,True,74,31,True,True
LINKUSDT,4h,BUY,14.68,13.653590876967629,16.39068187172062,1.6666666666666683,1.6112042911196571,0.21494,0.24587,True,True,53,120,True,False
LINKUSDT,4h,BUY,12.12,11.337879764895511,13.423533725174146,1.6666666666666667,1.4200903579394306,0.11366,0.31734,True,True,106,120,True,False
LINKUSDT,4h,BUY,12.2,11.772412143562358,12.912646427396067,-0.30771939442872864,-0.5702295540399517,0.91168,0.91605,True,True,120,120,False,False
LINKUSDT,4h,BUY,12.07,11.643564874851222,12.780725208581297,0.7977554193038877,0.7793213862730508,0.51299,0.52922,True,True,120,120,False,False
LINKUSDT,4h,SELL,14.2,14.768217598469178,13.252970669218032,-0.06802780138588671,-0.05499690722789205,0.14636,0.08833,True,True,120,120,False,False
LINKUSDT,4h,BUY,12.85,12.349107294480014,13.684821175866643,-0.32947202998635333,-0.3859815911542197,0.88098,0.9071,True,True,120,120,False,False
LINKUSDT,4h,BUY,12.29,11.845106122301432,13.031489796164278,-0.5826786862833545,-0.7027046766900845,0.66348,0.76534,True,True,120,120,False,False
LINKUSDT,4h,BUY,11.93,11.38685610448114,12.835239825864766,0.7258755323007736,0.7301049867476518,0.2856,0.28616,True,True,120,120,False,False
LINKUSDT,4h,SELL,13.01,13.342135920793972,12.456440132010044,0.005801046952756169,-0.0,0.11524,0.12104,True,True,120,120,False,False
LINKUSDT,4h,SELL,13.39,13.69815094232645,12.876415096122583,0.11261706003373102,-0.15393203438173525,0.10012,0.18727,True,True,120,120,False,False
LINKUSDT,4h,SELL,13.58,13.91855962838601,13.015733952689985,-0.026637464931588997,-0.043471873019085235,0.1165,0.07681,True,True,120,120,False,False
LINKUSDT,4h,SELL,13.79,14.178022178449318,13.143296369251134,-0.04554390683294914,-0.07454823503901249,0.10433,0.10788,True,True,120,120,False,False
LINKUSDT,4h,SELL,13.63,14.064331565980089,12.906114056699856,-0.046737218529242494,-0.074502432505324,0.11422,0.10784,True,True,120,120,False,False
LINKUSDT,4h,SELL,13.87,14.220645157381858,13.285591404363569,-0.029951397981080256,-0.05478268890133709,0.1085,0.08812,True,True,120,120,False,False
LINKUSDT,4h,SELL,14.11,14.491077773603475,13.474870377327536,0.04274435474336986,-0.21144611853357553,0.11248,0.24478,True,True,120,120,False,False
LINKUSDT,4h,BUY,12.94,12.575925412471005,13.546790979214991,-1.0,-1.0,1.03222,1.28819,True,True,99,89,True,True
LINKUSDT,4h,BUY,12.44,12.060897597076528,13.071837338205787,-0.5562975675545162,-0.6464025836383018,0.74983,0.82857,True,True,120,120,False,False
LINKUSDT,4h,BUY,11.7,11.39001957696892,12.216634038385134,-1.0,-1.0,1.00914,1.26819,True,True,65,52,True,True
LINKUSDT,4h,BUY,11.13,10.76392716702719,11.74012138828802,-0.5249537527264041,-0.625015968754991,0.86878,0.88949,True,True,120,120,False,False
LINKUSDT,4h,BUY,10.91,10.486455243029368,11.61590792828439,-0.5412186064777917,-0.5491795080852965,0.70772,0.91742,True,True,120,120,False,False
LINKUSDT,4h,BUY,9.93,9.36482568855272,10.871957185745464,-1.0,-1.0,1.02827,1.06128,True,True,46,46,True,True
LINKUSDT,4h,BUY,8.33,7.672315138292903,9.426141436178495,1.6666666666666663,1.3807179894788861,0.10203,0.26589,True,True,89,120,True,False
LINKUSDT,4h,BUY,8.35,8.08658322042326,8.789027965961232,-1.0,-1.0,1.06959,1.10142,True,True,57,56,True,True
LINKUSDT,4h,SELL,9.27,9.633320264210736,8.664466226315437,0.0029921863307650846,-0.014270477196452946,0.11607,0.06667,True,True,120,120,False,False
LINKUSDT,4h,SELL,9.66,9.939672759428166,9.193878734286391,-0.1261454028117089,-0.14137915429678022,0.1618,0.17471,True,True,120,120,False,False
LINKUSDT,4h,SELL,9.83,10.132132540660866,9.326445765565223,0.06005638195193912,-0.1861445646487118,0.12047,0.21948,True,True,120,120,False,False
LINKUSDT,4h,BUY,8.91,8.65158420391839,9.340692993469352,-1.0,-1.0,1.05057,1.2868,True,True,38,34,True,True
LINKUSDT,4h,BUY,8.7,8.46187129522073,9.096881174632117,1.1090280830540447,1.2400928763568455,0.3223,0.32714,True,True,120,120,False,False
LINKUSDT,4h,BUY,8.97,8.671996167817875,9.466673053636876,1.4336959997430008,1.4108912536062233,0.1186,0.17797,True,True,120,120,False,False
LINKUSDT,4h,BUY,8.57,8.306244009857766,9.009593316903723,-1.0,-1.0,1.00667,1.26846,True,True,103,97,True,True
LINKUSDT,4h,BUY,8.6,8.353827743193685,9.010287094677192,-1.0,-1.0,1.03608,1.28605,True,True,43,26,True,True
LINKUSDT,4h,SELL,8.99,9.202141551339516,8.636430747767474,0.1167225827291904,-0.13341446030712908,0.11653,0.16675,True,True,120,120,False,False
LINKUSDT,4h,SELL,9.59,9.8718163133681,9.120306144386502,0.13350382497591168,-0.1275686658917796,0.10559,0.1609,True,True,120,120,False,False
LINKUSDT,4h,SELL,9.86,10.113234983344196,9.43794169442634,0.03537868183367537,-0.0,0.11124,0.14662,True,True,120,120,False,False
LINKUSDT,4h,SELL,10.34,10.620610327182398,9.872316121362667,0.0549516481899772,-0.0,0.10856,0.16351,True,True,120,120,False,False
LINKUSDT,4h,SELL,10.72,11.01597218160462,10.226713030658964,-0.098302322607791,-0.1195575951564237,0.13164,0.15289,True,True,120,120,False,False
LINKUSDT,4h,BUY,9.51,9.224464848046972,9.985891919921713,1.3514197592303874,1.4904017945541694,0.1404,0.15927,True,True,120,120,False,False
LINKUSDT,4h,BUY,8.899,8.64038143146722,9.330030947554633,-1.0,-1.0,1.00667,1.25509,True,True,104,68,True,True
LINKUSDT,4h,BUY,8.547,8.211886670171838,9.105522216380272,-1.0,-1.0,1.0449,1.0776,True,True,43,43,True,True
LINKUSDT,4h,BUY,8.047,7.665912434893109,8.68214594184482,-0.09933990028611654,-0.12065629791774062,0.46725,0.46074,True,True,120,120,False,False
LINKUSDT,4h,BUY,7.382,6.964186731700072,8.078355447166546,1.1060521679987858,1.0957889142456183,0.19798,0.16212,True,True,120,120,False,False
LINKUSDT,4h,BUY,7.394,7.008334477843429,8.036775870260952,1.152968618069292,0.6660582298486042,0.54694,0.75813,True,True,120,120,False,False
